sample,xmeas_1,xmeas_2,xmeas_3,xmeas_4,xmeas_5,xmeas_6,xmeas_7,xmeas_8,xmeas_9,xmeas_10,xmeas_11,xmeas_12,xmeas_13,xmeas_14,xmeas_15,xmeas_16,xmeas_17,xmeas_18,xmeas_19,xmeas_20,xmeas_21,xmeas_22,xmeas_23,xmeas_24,xmeas_25,xmeas_26,xmeas_27,xmeas_28,xmeas_29,xmeas_30,xmeas_31,xmeas_32,xmeas_33,xmeas_34,xmeas_35,xmeas_36,xmeas_37,xmeas_38,xmeas_39,xmeas_40,xmeas_41,xmv_1,xmv_2,xmv_3,xmv_4,xmv_5,xmv_6,xmv_7,xmv_8,xmv_9,xmv_10,xmv_11
1,0.25063,3675.1,4498.9,9.3074,26.687,42.415,2702.9,74.133,120.4,0.33627,79.897,50.546,2631.5,25.197,50.884,3100.7,22.376,65.713,230.73,341.57,94.602,76.885,32.188,8.8933,26.383,6.882,18.776,1.6567,32.958,13.823,23.978,1.2565,18.579,2.2633,4.8436,2.2986,0.017866,0.8357,0.098577,53.724,43.828,62.861,54.105,24.633,60.194,22.232,40.167,39.708,48.579,47.411,41.223,19.526
2,0.25125,3673.8,4484.8,9.4398,26.781,42.305,2702.3,75.06,120.38,0.33844,79.84,49.261,2631.1,26.909,50.089,3099.6,23.969,65.627,231.69,341.57,94.666,77.295,32.188,8.8933,26.383,6.882,18.776,1.6567,32.958,13.823,23.978,1.2565,18.579,2.2633,4.8436,2.2986,0.017866,0.8357,0.098577,53.724,43.828,62.884,54.273,24.572,60.324,21.942,39.902,35.926,46.74,47.331,40.879,15.736
3,0.24916,3680.1,4480.0,9.4199,26.873,42.106,2706.0,74.775,120.4,0.33746,80.182,50.029,2634.9,25.5,50.737,3104.3,22.421,65.652,229.32,341.17,94.509,77.753,31.965,8.9201,26.745,6.935,18.631,1.6085,32.602,13.845,24.112,1.0939,18.321,2.2629,4.8738,2.2769,0.017866,0.8357,0.098577,53.724,43.828,62.776,54.33,24.786,61.779,22.293,40.021,38.185,48.239,47.545,40.83,19.358
4,0.25151,3678.5,4532.4,9.3396,27.138,42.054,2708.0,75.442,120.42,0.3365,80.395,51.987,2636.9,24.958,51.171,3105.0,24.033,65.744,231.02,341.4,94.518,77.593,31.965,8.9201,26.745,6.935,18.631,1.6085,32.602,13.845,24.112,1.0939,18.321,2.2629,4.8738,2.2769,0.017866,0.8357,0.098577,53.724,43.828,62.803,53.703,24.554,59.795,22.24,40.138,43.949,49.243,47.392,41.81,15.514
5,0.27164,3679.9,4537.9,9.4216,26.952,42.324,2709.7,74.587,120.39,0.33974,80.509,49.161,2638.4,25.02,51.03,3106.4,23.553,65.838,228.04,341.45,94.554,77.813,32.202,8.7859,26.44,6.9842,18.845,1.6787,33.169,14.008,23.787,1.1694,18.595,2.2878,4.8729,2.2453,0.017866,0.8357,0.098577,53.724,43.828,62.288,54.006,27.037,59.409,22.462,40.351,35.63,48.919,47.649,41.632,16.615
6,0.27323,3659.9,4535.7,9.4744,27.042,42.406,2708.8,75.482,120.39,0.33893,80.387,48.604,2637.4,25.063,50.742,3107.7,22.517,65.904,231.8,341.34,94.522,77.292,32.202,8.7859,26.44,6.9842,18.845,1.6787,33.169,14.008,23.787,1.1694,18.595,2.2878,4.8729,2.2453,0.010629,0.84603,0.11157,53.153,42.701,62.634,54.033,26.88,60.146,22.089,40.45,33.993,48.252,47.306,40.884,19.09
7,0.25047,3661.1,4504.3,9.1688,27.27,42.555,2704.8,74.858,120.4,0.35642,80.001,50.43,2633.4,24.557,49.927,3102.0,23.3,65.848,228.68,341.57,94.69,76.945,32.336,8.8068,26.32,7.0681,19.011,1.6743,32.688,13.792,24.005,1.4192,18.749,2.2654,4.8205,2.2888,0.010629,0.84603,0.11157,53.153,42.701,62.108,53.89,24.821,63.811,22.449,42.827,39.364,46.364,47.581,41.279,17.278
8,0.25342,3600.3,4514.9,9.4181,26.826,42.178,2701.7,75.229,120.37,0.35359,79.672,49.485,2630.3,26.006,51.019,3098.2,22.692,65.724,230.58,342.09,94.774,76.718,32.336,8.8068,26.32,7.0681,19.011,1.6743,32.688,13.792,24.005,1.4192,18.749,2.2654,4.8205,2.2888,0.010629,0.84603,0.11157,53.153,42.701,63.155,53.763,24.53,62.674,22.189,43.173,36.585,48.893,47.416,40.138,18.771
9,0.23795,3558.5,4502.6,9.4645,26.941,41.859,2703.4,75.357,120.38,0.33788,79.691,51.04,2631.9,23.228,50.13,3098.4,23.571,65.573,231.68,342.45,94.774,76.926,32.534,8.8688,26.139,6.7705,18.389,1.6491,33.233,13.673,23.945,1.3522,18.583,2.229,4.8125,2.4014,0.010629,0.84603,0.11157,53.153,42.701,63.001,53.477,23.337,61.408,22.558,39.423,41.16,46.835,47.327,40.464,16.699
10,0.23806,3582.9,4482.0,9.3385,26.839,41.97,2706.7,74.215,120.4,0.33659,79.921,48.46,2635.8,23.917,50.891,3100.8,23.662,65.565,230.62,342.6,94.804,77.514,32.534,8.8688,26.139,6.7705,18.389,1.6491,33.233,13.673,23.945,1.3522,18.583,2.229,4.8125,2.4014,0.010629,0.84603,0.11157,53.153,42.701,62.581,53.724,23.327,60.432,22.796,39.579,33.568,48.595,47.43,40.216,16.438
11,0.21626,3666.1,4540.2,9.354,27.243,42.305,2710.0,74.607,120.4,0.32263,80.239,48.359,2639.0,23.679,51.339,3107.2,22.299,65.631,232.84,341.64,94.595,77.74,32.312,8.9481,26.508,6.8653,18.95,1.6546,32.985,13.924,23.486,1.3124,18.208,2.212,4.8459,2.2854,0.025523,0.85079,0.08256,53.201,43.755,63.726,54.567,21.192,60.442,22.389,37.955,33.271,49.633,47.507,40.807,19.634
12,0.21694,3699.9,4527.8,9.3405,26.997,42.661,2710.9,75.137,120.43,0.32418,80.274,48.988,2639.5,25.792,51.242,3107.7,23.591,65.748,233.09,342.0,94.514,77.392,32.312,8.9481,26.508,6.8653,18.95,1.6546,32.985,13.924,23.486,1.3124,18.208,2.212,4.8459,2.2854,0.025523,0.85079,0.08256,53.201,43.755,63.145,54.715,21.126,64.412,22.494,37.767,35.121,49.409,47.601,41.945,16.573
13,0.23189,3642.2,4494.0,9.3182,26.78,41.922,2709.1,75.234,120.4,0.34723,80.222,48.32,2638.4,25.348,49.834,3105.9,22.256,65.786,232.29,342.2,94.562,77.241,31.858,8.7508,26.362,6.9398,19.204,1.6404,32.992,13.708,24.309,1.2939,18.677,2.2681,4.767,2.212,0.025523,0.85079,0.08256,53.201,43.755,63.366,53.762,23.414,62.168,22.657,41.645,33.155,46.15,47.788,41.308,19.745
14,0.23577,3637.7,4489.8,9.2073,26.914,42.447,2706.0,74.313,120.42,0.35418,79.935,47.989,2634.5,25.289,51.076,3102.9,22.183,65.772,231.95,341.62,94.527,77.207,31.858,8.7508,26.362,6.9398,19.204,1.6404,32.992,13.708,24.309,1.2939,18.677,2.2681,4.767,2.212,0.025523,0.85079,0.08256,53.201,43.755,63.443,53.812,23.033,62.941,22.308,40.798,32.183,49.023,47.935,41.475,19.93
15,0.28055,3677.9,4485.6,9.5711,26.814,41.983,2706.6,74.747,120.39,0.32631,79.942,49.419,2635.3,22.879,48.824,3101.8,23.275,65.738,231.99,342.27,94.695,77.183,32.652,8.9287,26.678,6.9283,19.279,1.6714,32.797,13.864,23.991,1.2141,18.035,2.3139,4.793,2.2697,0.025523,0.85079,0.08256,53.201,43.755,62.079,53.186,27.475,60.656,22.339,38.395,36.39,43.813,48.05,41.14,17.351
16,0.27927,3641.0,4474.2,9.4081,26.946,42.56,2708.1,75.582,120.42,0.32636,80.012,49.387,2637.2,27.026,49.475,3103.8,23.861,65.739,232.03,342.12,94.619,77.426,32.652,8.9287,26.678,6.9283,19.279,1.6714,32.797,13.864,23.991,1.2141,18.035,2.3139,4.793,2.2697,0.026127,0.83631,0.10437,54.616,43.655,62.713,53.323,27.601,62.148,22.637,38.389,36.296,45.318,48.31,41.032,15.941
17,0.20275,3660.3,4434.3,9.4764,26.784,42.479,2709.0,75.3,120.4,0.3421,80.16,49.664,2638.7,25.27,50.098,3103.8,23.632,65.806,233.1,342.74,94.648,77.409,32.003,8.8664,26.665,6.7937,18.624,1.6561,33.14,13.913,24.382,1.2998,18.196,2.246,4.8136,2.1799,0.026127,0.83631,0.10437,54.616,43.655,62.434,53.54,19.881,60.493,22.607,40.592,37.11,46.762,48.395,41.239,16.472
18,0.20185,3660.8,4460.0,9.4155,27.117,42.388,2707.8,74.805,120.39,0.34342,80.1,49.729,2637.1,25.565,51.634,3102.2,23.585,65.836,234.33,342.39,94.628,77.035,32.003,8.8664,26.665,6.7937,18.624,1.6561,33.14,13.913,24.382,1.2998,18.196,2.246,4.8136,2.1799,0.026127,0.83631,0.10437,54.616,43.655,62.425,53.232,19.97,59.746,22.841,40.431,37.304,50.316,48.462,40.492,16.608
19,0.26567,3662.1,4475.7,9.5237,27.059,42.68,2706.0,74.134,120.42,0.35085,79.788,50.274,2634.1,23.459,50.637,3103.0,23.743,65.819,235.23,342.09,94.756,76.819,32.227,8.7732,26.6,6.9211,18.79,1.706,32.82,13.634,24.261,1.1998,18.41,2.2462,4.8144,2.2373,0.026127,0.83631,0.10437,54.616,43.655,63.602,54.62,25.757,59.431,22.221,40.936,38.905,48.008,48.561,41.346,16.27
20,0.26342,3680.6,4519.7,9.2553,26.756,42.127,2706.3,74.098,120.4,0.35219,79.749,50.203,2634.6,26.446,48.469,3103.4,23.771,65.756,235.43,342.48,94.517,76.865,32.227,8.7732,26.6,6.9211,18.79,1.706,32.82,13.634,24.261,1.1998,18.41,2.2462,4.8144,2.2373,0.026127,0.83631,0.10437,54.616,43.655,63.285,54.094,25.978,64.486,22.295,40.773,38.697,42.991,48.727,41.402,16.219
21,0.24377,3651.9,4540.4,9.212,27.183,41.769,2709.8,74.902,120.4,0.31379,79.884,50.481,2638.6,25.644,50.202,3105.8,23.934,65.736,235.42,341.67,94.712,77.846,31.685,8.7888,26.457,6.9214,18.511,1.7119,33.495,13.748,24.012,1.1782,18.075,2.272,4.8244,2.2984,0.027992,0.84189,0.089829,54.849,44.022,62.684,53.451,23.787,62.564,22.54,37.924,39.517,47.002,48.555,40.741,15.767
22,0.24307,3657.5,4489.5,9.3721,26.986,41.964,2716.4,74.376,120.4,0.31643,80.353,50.642,2644.9,24.264,51.352,3114.3,23.037,65.814,234.52,341.23,94.775,77.741,31.685,8.7888,26.457,6.9214,18.511,1.7119,33.495,13.748,24.012,1.1782,18.075,2.272,4.8244,2.2984,0.027992,0.84189,0.089829,54.849,44.022,62.588,54.06,23.856,63.27,22.181,37.602,39.99,49.663,48.656,41.08,17.861
23,0.29887,3656.5,4570.4,9.4067,26.348,42.077,2721.2,74.812,120.39,0.32658,80.452,50.752,2650.1,25.17,50.427,3121.4,24.042,65.923,236.03,340.01,94.671,77.803,32.371,8.8007,26.378,6.8226,18.626,1.6546,32.913,13.633,24.204,1.285,18.22,2.2001,4.8075,2.2719,0.027992,0.84189,0.089829,54.849,44.022,62.565,53.797,29.169,62.223,21.999,39.227,40.314,47.523,48.538,40.593,15.441
24,0.29813,3644.1,4494.5,9.5121,27.157,42.578,2726.4,74.41,120.41,0.32647,80.565,50.742,2654.5,26.177,48.216,3128.9,23.22,66.017,236.16,338.79,94.767,77.928,32.371,8.8007,26.378,6.8226,18.626,1.6546,32.913,13.633,24.204,1.285,18.22,2.2001,4.8075,2.2719,0.027992,0.84189,0.089829,54.849,44.022,62.778,54.705,29.241,59.841,21.79,39.239,40.284,42.406,48.538,41.226,17.343
25,0.23188,3669.4,4527.5,9.4363,26.831,42.328,2729.3,75.291,120.4,0.31534,80.521,52.241,2657.5,25.114,49.01,3132.5,23.516,66.093,232.19,337.93,94.614,77.72,31.839,8.8152,27.07,6.8586,18.592,1.6407,32.796,13.679,24.574,1.2992,18.497,2.2638,4.8385,2.294,0.027992,0.84189,0.089829,54.849,44.022,63.219,54.063,23.036,61.829,21.448,37.312,44.694,44.243,48.901,40.898,16.624
26,0.23259,3662.7,4500.1,9.3653,26.623,42.539,2730.4,74.021,120.41,0.31336,80.276,48.249,2657.4,24.349,51.172,3135.8,21.717,66.097,233.47,336.49,94.903,77.403,31.839,8.8152,27.07,6.8586,18.592,1.6407,32.796,13.679,24.574,1.2992,18.497,2.2638,4.8385,2.294,0.00021616,0.81564,0.11188,53.574,44.262,63.335,54.39,22.966,59.577,20.864,37.553,32.948,49.246,48.947,40.965,20.905
27,0.28612,3673.6,4541.6,9.413,26.933,42.434,2731.2,75.493,120.37,0.3204,79.95,46.948,2659.2,21.778,49.33,3138.9,22.901,66.013,236.22,335.3,94.754,77.203,31.787,8.6999,27.495,6.866,18.9,1.7022,31.516,13.619,25.059,1.1825,18.3,2.2665,4.8808,2.3488,0.00021616,0.81564,0.11188,53.574,44.262,62.87,54.006,27.983,57.827,20.912,37.673,29.117,44.983,48.784,40.059,18.124
28,0.28512,3650.0,4521.7,9.2446,27.206,42.458,2735.8,74.622,120.39,0.31641,79.809,51.57,2662.5,24.457,50.088,3142.0,22.608,65.912,236.48,334.29,94.942,77.189,31.787,8.6999,27.495,6.866,18.9,1.7022,31.516,13.619,25.059,1.1825,18.3,2.2665,4.8808,2.3488,0.00021616,0.81564,0.11188,53.574,44.262,63.275,54.245,28.081,62.21,21.125,38.161,42.721,46.738,48.85,40.649,18.843
29,0.29467,3649.4,4473.3,9.3489,27.231,42.099,2742.4,75.057,120.39,0.30958,80.01,50.514,2669.7,25.07,48.032,3149.8,23.461,65.85,237.64,333.98,94.796,77.519,30.52,8.7845,28.622,6.8824,18.998,1.6503,31.805,13.722,25.811,1.1989,18.645,2.2672,4.8222,2.2826,0.00021616,0.81564,0.11188,53.574,44.262,63.24,54.074,28.896,62.036,20.978,37.146,39.612,41.979,48.836,40.492,16.783
30,0.29181,3641.6,4528.6,9.388,26.873,42.314,2747.1,75.634,120.41,0.30535,80.011,48.374,2674.4,23.764,51.782,3156.3,23.088,65.846,235.66,332.81,94.873,77.343,30.52,8.7845,28.622,6.8824,18.998,1.6503,31.805,13.722,25.811,1.1989,18.645,2.2672,4.8222,2.2826,0.00021616,0.81564,0.11188,53.574,44.262,63.375,53.412,29.178,58.264,20.514,37.662,33.314,50.659,49.1,40.654,17.675
31,0.42852,3637.0,4500.1,9.2873,26.939,42.526,2753.8,75.422,120.38,0.31929,80.006,50.576,2680.4,25.043,50.376,3165.4,22.151,65.807,233.65,332.32,94.824,77.56,30.859,8.8749,28.365,6.9003,18.586,1.5918,30.716,13.649,26.285,1.4176,18.801,2.2465,4.7598,2.3241,0.019551,0.82516,0.10374,53.242,43.708,63.316,53.483,41.95,61.127,20.351,38.489,39.794,47.403,48.685,40.331,19.882
32,0.42774,3686.5,4492.0,9.2981,27.029,42.147,2760.0,75.125,120.42,0.31837,79.892,50.029,2686.3,24.58,50.152,3170.9,22.0,65.762,236.67,332.06,94.765,77.353,30.859,8.8749,28.365,6.9003,18.586,1.5918,30.716,13.649,26.285,1.4176,18.801,2.2465,4.7598,2.3241,0.019551,0.82516,0.10374,53.242,43.708,62.466,53.58,42.026,61.412,20.868,38.601,38.186,46.887,48.209,41.079,20.257
33,0.41155,3676.1,4553.6,9.335,26.746,42.584,2763.3,74.764,120.36,0.30859,79.485,48.025,2688.4,24.509,49.259,3174.6,22.432,65.684,234.37,331.85,94.895,76.701,29.854,8.7071,28.354,6.9813,18.582,1.6242,30.222,13.528,26.634,1.2493,18.571,2.2224,4.7611,2.0937,0.019551,0.82516,0.10374,53.242,43.708,62.479,53.851,40.249,62.935,20.396,37.629,32.288,44.82,48.21,40.071,19.301
34,0.41019,3621.8,4545.9,9.3018,26.814,42.403,2767.7,76.426,120.41,0.30858,79.219,49.764,2693.1,27.051,49.572,3178.6,23.75,65.493,235.05,331.3,94.963,76.867,29.854,8.7071,28.354,6.9813,18.582,1.6242,30.222,13.528,26.634,1.2493,18.571,2.2224,4.7611,2.0937,0.019551,0.82516,0.10374,53.242,43.708,63.413,53.943,40.384,60.524,20.391,37.631,37.404,45.542,47.958,40.782,16.204
35,0.52601,3626.3,4518.0,9.2379,26.67,42.581,2777.6,75.961,120.39,0.29155,79.412,49.42,2703.9,24.506,51.094,3188.9,23.597,65.412,234.34,331.27,94.837,77.341,30.272,8.8048,28.83,6.8328,18.464,1.6156,30.243,13.593,27.364,1.1261,18.593,2.2281,4.7266,2.2748,0.019551,0.82516,0.10374,53.242,43.708,62.569,54.32,51.848,60.173,20.672,36.135,36.394,49.066,47.835,39.99,16.536
36,0.5266,3649.9,4521.8,9.2339,26.868,42.61,2784.1,75.715,120.42,0.29559,79.351,49.094,2710.3,24.565,49.988,3197.4,22.251,65.363,236.46,331.13,94.825,77.137,30.272,8.8048,28.83,6.8328,18.464,1.6156,30.243,13.593,27.364,1.1261,18.593,2.2281,4.7266,2.2748,0.0094011,0.82572,0.084688,53.306,43.302,62.164,54.274,51.791,59.845,20.717,35.642,35.433,46.506,47.671,40.933,19.751
37,0.50844,3672.6,4588.2,9.2439,27.16,42.766,2789.4,74.487,120.42,0.30358,79.236,51.443,2716.5,24.081,50.718,3203.6,22.881,65.291,232.93,331.06,94.776,77.403,30.12,8.6901,29.422,6.998,19.081,1.623,29.563,13.612,27.914,1.2801,18.379,2.2179,4.6313,2.2227,0.0094011,0.82572,0.084688,53.306,43.302,63.052,53.81,49.968,61.231,20.657,36.001,42.348,48.197,47.893,41.148,18.249
38,0.5094,3632.0,4514.0,9.1899,27.094,42.726,2796.0,76.236,120.4,0.30105,79.306,50.653,2723.1,24.997,49.844,3209.8,22.321,65.262,236.37,331.57,94.596,77.276,30.12,8.6901,29.422,6.998,19.081,1.623,29.563,13.612,27.914,1.2801,18.379,2.2179,4.6313,2.2227,0.0094011,0.82572,0.084688,53.306,43.302,63.75,54.698,49.874,61.385,20.969,36.309,40.023,46.173,47.493,40.336,19.582
39,0.54166,3606.8,4456.6,9.2212,26.874,42.43,2799.2,76.021,120.42,0.30058,79.163,50.777,2726.7,23.512,49.151,3212.9,22.173,65.236,232.87,331.32,94.8,76.998,29.876,8.605,29.315,6.6663,18.58,1.629,29.618,13.458,28.299,1.2626,18.083,2.2066,4.6483,2.2343,0.0094011,0.82572,0.084688,53.306,43.302,62.704,53.872,53.678,59.339,21.186,36.554,40.388,44.57,47.713,40.985,19.956
40,0.54272,3616.1,4482.5,9.0621,27.134,42.101,2801.8,76.289,120.39,0.30399,78.826,49.849,2728.4,23.614,48.516,3213.9,22.338,65.177,234.82,331.19,94.771,76.599,29.876,8.605,29.315,6.6663,18.58,1.629,29.618,13.458,28.299,1.2626,18.083,2.2066,4.6483,2.2343,0.0094011,0.82572,0.084688,53.306,43.302,62.544,53.562,53.574,60.485,21.528,36.139,37.655,43.1,47.453,40.12,19.622
41,0.59119,3716.8,4544.1,9.0722,26.973,42.389,2803.9,75.826,120.42,0.28327,78.447,49.613,2729.8,26.605,50.546,3218.4,23.591,65.041,234.56,330.91,94.76,76.443,30.104,8.6027,29.597,6.9269,19.014,1.608,29.231,13.19,28.891,1.0593,17.967,2.1814,4.488,2.1517,0.022851,0.85218,0.099188,52.83,43.36,63.767,54.045,57.925,58.792,20.886,34.117,36.962,47.798,47.393,41.32,16.701
42,0.59035,3703.8,4502.4,9.1847,26.713,42.423,2806.2,75.874,120.38,0.28554,78.235,48.875,2733.6,25.774,48.679,3220.7,22.996,64.854,235.89,331.35,94.669,76.311,30.104,8.6027,29.597,6.9269,19.014,1.608,29.231,13.19,28.891,1.0593,17.967,2.1814,4.488,2.1517,0.022851,0.85218,0.099188,52.83,43.36,63.991,54.543,58.008,59.24,20.844,33.84,34.789,43.478,47.199,41.009,18.173
43,0.59134,3661.6,4485.9,9.0271,26.908,41.882,2811.9,76.07,120.38,0.25034,78.275,49.607,2739.5,25.066,49.285,3222.0,22.188,64.743,236.01,331.84,94.647,76.613,29.474,8.7114,29.728,6.9343,18.285,1.5753,29.146,13.417,29.235,1.2403,18.025,2.1859,4.5319,2.1653,0.022851,0.85218,0.099188,52.83,43.36,62.511,53.673,58.069,59.818,21.766,30.222,36.943,44.88,47.12,40.724,20.105
44,0.59017,3615.5,4480.0,8.9466,26.819,42.666,2814.4,75.99,120.4,0.25426,78.18,49.415,2741.1,24.903,49.599,3224.0,22.724,64.683,235.04,332.0,94.763,76.308,29.474,8.7114,29.728,6.9343,18.285,1.5753,29.146,13.417,29.235,1.2403,18.025,2.1859,4.5319,2.1653,0.022851,0.85218,0.099188,52.83,43.36,63.304,53.745,58.183,60.26,21.593,29.744,36.378,45.607,47.136,40.754,18.883
45,0.67809,3644.9,4534.9,8.9803,27.113,42.26,2819.1,77.483,120.41,0.2763,78.149,48.62,2746.6,24.328,50.948,3228.8,22.34,64.618,236.58,331.99,94.799,76.693,29.596,8.5788,30.672,7.0806,18.361,1.5998,28.77,13.299,29.585,1.2466,18.015,2.1731,4.3408,2.0448,0.022851,0.85218,0.099188,52.83,43.36,62.689,54.896,66.436,60.594,21.951,32.367,34.04,48.729,46.933,40.576,19.8
46,0.67748,3673.9,4564.0,8.9707,26.825,42.293,2821.8,76.719,120.4,0.27453,78.092,48.875,2749.7,24.111,48.806,3232.2,21.997,64.617,236.52,331.72,94.672,76.446,29.596,8.5788,30.672,7.0806,18.361,1.5998,28.77,13.299,29.585,1.2466,18.015,2.1731,4.3408,2.0448,0.026601,0.86429,0.087275,53.32,43.598,62.19,54.548,66.496,60.846,21.798,32.584,34.79,43.77,47.553,40.873,20.66
47,0.69519,3616.1,4539.0,9.0136,27.09,42.346,2823.6,77.083,120.37,0.25701,77.754,48.647,2750.9,26.619,49.402,3234.2,23.83,64.57,238.76,332.1,94.884,76.059,29.327,8.7802,30.259,6.9106,18.607,1.5618,29.169,13.372,29.514,1.0803,18.046,2.1319,4.3643,2.065,0.026601,0.86429,0.087275,53.32,43.598,61.783,54.739,67.861,59.241,21.89,30.886,34.117,45.151,47.585,40.21,16.386
48,0.69551,3623.9,4534.2,8.9386,27.072,42.067,2827.2,76.703,120.4,0.25699,77.699,48.861,2754.7,24.553,48.896,3235.6,22.737,64.519,240.44,332.58,94.893,76.148,29.327,8.7802,30.259,6.9106,18.607,1.5618,29.169,13.372,29.514,1.0803,18.046,2.1319,4.3643,2.065,0.026601,0.86429,0.087275,53.32,43.598,61.648,54.796,67.829,58.461,22.309,30.889,34.748,43.98,47.671,40.725,19.024
49,0.74626,3592.5,4503.8,8.8194,26.857,41.88,2831.0,76.477,120.39,0.2647,77.681,52.174,2757.5,25.438,51.556,3238.9,23.022,64.479,240.55,332.56,94.79,76.216,29.589,8.573,29.985,7.2158,18.313,1.5979,28.847,13.213,30.109,1.198,18.2,2.1056,4.4054,2.0231,0.026601,0.86429,0.087275,53.32,43.598,63.573,54.605,73.523,57.448,22.404,31.16,44.497,50.136,47.897,40.504,18.375
50,0.74847,3647.2,4538.2,8.8338,26.88,42.505,2832.4,77.689,120.41,0.26515,77.555,48.011,2758.3,23.297,51.54,3241.6,23.217,64.454,241.77,332.35,94.809,75.977,29.589,8.573,29.985,7.2158,18.313,1.5979,28.847,13.213,30.109,1.198,18.2,2.1056,4.4054,2.0231,0.026601,0.86429,0.087275,53.32,43.598,62.63,54.193,73.306,58.137,22.025,31.105,32.248,50.098,48.024,40.827,17.965
51,0.75072,3566.3,4593.6,8.8855,27.18,42.384,2835.0,76.485,120.39,0.24653,77.54,50.987,2761.6,26.71,48.896,3242.9,22.069,64.461,243.73,333.21,94.759,76.17,29.116,8.6743,30.278,6.7303,17.862,1.5861,28.665,13.234,30.076,1.3762,17.836,2.1404,4.2842,1.9546,0.02556,0.90725,0.09854,54.07,44.501,61.175,54.304,73.695,58.241,22.802,28.343,41.005,43.979,48.435,40.635,20.71
52,0.74971,3524.6,4588.9,8.8531,27.116,42.061,2835.2,77.16,120.37,0.24128,77.307,49.88,2763.2,25.0,48.103,3242.2,22.458,64.475,244.31,333.26,95.025,76.042,29.116,8.6743,30.278,6.7303,17.862,1.5861,28.665,13.234,30.076,1.3762,17.836,2.1404,4.2842,1.9546,0.02556,0.90725,0.09854,54.07,44.501,61.894,54.36,73.795,55.799,22.876,28.983,37.746,42.144,48.77,39.951,19.84
53,0.82591,3689.3,4625.0,8.6313,26.691,41.689,2840.4,77.091,120.42,0.24042,77.488,48.894,2768.7,24.394,48.142,3246.5,21.792,64.507,247.76,333.79,94.771,76.289,29.307,8.4114,30.261,6.8969,18.382,1.5485,29.156,13.407,30.058,1.1401,17.751,2.1306,4.3124,1.9495,0.02556,0.90725,0.09854,54.07,44.501,63.231,55.15,81.097,57.52,22.882,28.764,34.845,42.235,48.848,41.194,21.423
54,0.82845,3646.5,4564.7,8.5862,26.745,42.394,2839.1,76.984,120.42,0.24163,77.387,49.484,2766.6,23.668,49.914,3246.4,21.596,64.592,245.62,333.67,94.521,75.826,29.307,8.4114,30.261,6.8969,18.382,1.5485,29.156,13.407,30.058,1.1401,17.751,2.1306,4.3124,1.9495,0.02556,0.90725,0.09854,54.07,44.501,63.969,55.872,80.848,57.665,22.629,28.616,36.581,46.336,49.421,40.466,21.951
55,0.83756,3624.9,4554.9,8.6646,26.997,42.48,2833.9,78.024,120.4,0.25729,76.924,49.956,2760.9,24.9,49.832,3240.4,21.468,64.562,247.6,333.7,94.766,75.287,29.676,8.4872,30.202,6.8279,18.585,1.571,28.378,13.161,30.001,1.2743,17.768,2.1626,4.1902,2.017,0.02556,0.90725,0.09854,54.07,44.501,62.942,54.825,82.401,57.765,22.685,30.608,37.97,46.145,49.628,40.838,22.366
56,0.83799,3638.9,4516.9,8.652,26.798,42.557,2830.7,77.851,120.42,0.25934,76.736,48.402,2758.4,25.432,49.754,3235.4,22.182,64.502,253.01,334.43,94.805,75.222,29.676,8.4872,30.202,6.8279,18.585,1.571,28.378,13.161,30.001,1.2743,17.768,2.1626,4.1902,2.017,0.024172,0.90375,0.12242,53.783,43.215,62.702,55.279,82.359,56.968,22.991,30.357,33.397,45.964,50.723,40.702,20.743
57,0.8286,3677.7,4538.4,8.5661,26.919,42.244,2829.3,78.319,120.4,0.22954,76.768,49.845,2757.2,24.313,51.428,3231.4,23.096,64.516,255.55,334.03,94.799,75.355,29.95,8.6598,29.906,6.877,18.461,1.555,29.047,13.384,30.422,1.3276,18.146,2.0854,4.1777,1.9852,0.024172,0.90375,0.12242,53.783,43.215,62.658,54.573,81.776,55.835,23.293,26.591,37.644,49.838,51.401,40.53,18.626
58,0.83057,3650.2,4552.7,8.5513,26.782,41.951,2827.5,77.351,120.41,0.22583,76.996,48.43,2755.3,25.341,50.378,3230.8,21.58,64.629,258.3,334.08,94.793,75.635,29.95,8.6598,29.906,6.877,18.461,1.555,29.047,13.384,30.422,1.3276,18.146,2.0854,4.1777,1.9852,0.024172,0.90375,0.12242,53.783,43.215,63.131,54.402,81.583,54.296,23.198,27.043,33.48,47.41,52.051,41.091,22.231
59,0.82816,3672.5,4545.3,8.4882,26.91,41.882,2823.0,77.765,120.35,0.24591,77.049,49.536,2751.6,24.671,48.301,3225.8,22.058,64.793,258.0,333.86,94.748,75.289,29.783,8.8555,29.721,6.7395,18.33,1.6078,29.362,13.467,29.898,1.1194,18.264,2.1194,4.1492,1.9072,0.024172,0.90375,0.12242,53.783,43.215,62.343,54.837,81.478,57.874,23.0,29.772,36.733,42.601,52.967,39.766,21.16
60,0.82914,3636.0,4577.7,8.5213,27.115,42.265,2817.9,78.614,120.4,0.25063,76.979,50.102,2745.2,25.809,51.101,3221.9,22.457,64.934,263.2,333.66,94.959,75.455,29.783,8.8555,29.721,6.7395,18.33,1.6078,29.362,13.467,29.898,1.1194,18.264,2.1194,4.1492,1.9072,0.024172,0.90375,0.12242,53.783,43.215,62.972,54.449,81.382,51.849,22.892,29.196,38.4,49.083,53.387,40.969,20.248
61,0.86909,3703.0,4533.0,8.5062,26.865,41.762,2815.4,78.221,120.4,0.25418,77.142,48.939,2743.2,24.661,48.482,3219.5,24.097,65.075,264.95,333.81,94.768,75.593,29.681,8.3334,29.794,6.765,18.756,1.5871,29.543,13.461,29.904,1.2446,17.96,2.1349,4.1634,1.943,0.015438,0.95702,0.096063,53.221,43.295,63.096,55.369,85.372,55.38,22.879,30.391,34.976,43.021,54.143,40.736,16.37
62,0.86858,3700.0,4608.1,8.361,26.897,42.096,2810.5,77.602,120.41,0.25459,77.243,51.244,2738.5,25.366,50.043,3215.4,22.115,65.255,267.93,333.32,94.761,75.713,29.681,8.3334,29.794,6.765,18.756,1.5871,29.543,13.461,29.904,1.2446,17.96,2.1349,4.1634,1.943,0.015438,0.95702,0.096063,53.221,43.295,63.148,54.47,85.422,54.568,22.448,30.34,41.761,46.634,54.761,40.956,21.098
63,0.90524,3696.7,4536.2,8.4716,26.969,41.979,2805.8,77.809,120.39,0.25184,77.262,48.678,2732.8,25.027,50.548,3211.0,22.178,65.424,269.52,332.55,94.763,75.083,30.109,8.8439,29.747,6.7841,18.879,1.5513,28.935,13.45,29.488,1.2544,17.952,2.1449,4.2504,1.9185,0.015438,0.95702,0.096063,53.221,43.295,63.102,54.325,88.788,53.836,22.383,29.969,34.209,47.802,55.498,40.527,21.028
64,0.90303,3703.9,4550.4,8.2377,26.749,41.949,2798.4,77.947,120.4,0.25061,77.154,49.155,2725.6,24.949,48.845,3203.4,22.146,65.535,274.06,332.97,94.83,75.229,30.109,8.8439,29.747,6.7841,18.879,1.5513,28.935,13.45,29.488,1.2544,17.952,2.1449,4.2504,1.9185,0.015438,0.95702,0.096063,53.221,43.295,62.978,54.155,89.006,57.03,22.131,30.119,35.614,43.86,55.968,40.527,21.144
65,0.88826,3673.2,4505.9,8.1058,27.106,42.251,2790.4,77.673,120.41,0.24932,77.18,50.558,2717.5,21.742,51.344,3195.4,21.858,65.686,273.28,332.46,94.876,75.385,29.927,8.6322,29.847,6.9531,18.79,1.5977,29.29,13.625,29.332,1.1732,18.25,2.1083,4.2747,1.9316,0.015438,0.95702,0.096063,53.221,43.295,63.441,54.378,86.998,58.499,22.208,29.444,39.743,49.644,56.907,39.93,21.857
66,0.88779,3664.1,4494.7,8.321,26.75,42.013,2786.8,77.752,120.38,0.2463,77.508,51.42,2714.4,23.709,51.013,3190.4,22.054,65.867,280.25,332.13,94.964,75.25,29.927,8.6322,29.847,6.9531,18.79,1.5977,29.29,13.625,29.332,1.1732,18.25,2.1083,4.2747,1.9316,0.014877,0.98812,0.10961,53.913,43.327,63.597,54.512,87.044,55.079,22.065,29.812,42.278,48.877,58.678,39.996,21.418
67,0.92745,3593.3,4576.4,8.1727,27.041,42.05,2777.6,78.786,120.38,0.26367,77.423,49.922,2704.5,25.572,49.749,3182.8,21.941,66.12,282.76,331.37,94.921,75.08,29.551,8.8398,29.521,6.9171,18.773,1.5977,29.23,13.55,29.093,1.2436,18.621,2.1692,4.3472,2.0298,0.014877,0.98812,0.10961,53.913,43.327,63.347,53.745,91.054,52.495,21.723,31.96,37.872,45.953,59.97,40.022,21.743
68,0.92433,3651.0,4539.1,8.2195,26.686,42.134,2770.7,78.677,120.36,0.2644,77.382,50.915,2696.8,24.182,50.515,3175.8,23.178,66.301,289.2,330.74,95.223,75.046,29.551,8.8398,29.521,6.9171,18.773,1.5977,29.23,13.55,29.093,1.2436,18.621,2.1692,4.3472,2.0298,0.014877,0.98812,0.10961,53.913,43.327,62.354,54.191,91.36,54.659,21.353,31.871,40.794,47.726,60.906,39.515,18.865
69,0.97155,3660.0,4546.2,8.1907,27.018,42.19,2768.7,78.154,120.4,0.25319,77.716,50.919,2695.2,25.604,49.254,3173.9,23.575,66.483,293.7,330.61,95.079,75.642,29.85,8.9007,28.652,7.0702,19.45,1.567,29.576,13.861,28.627,1.3414,18.7,2.1232,4.3592,2.1305,0.014877,0.98812,0.10961,53.913,43.327,62.463,54.146,95.701,53.016,21.686,30.877,40.805,44.806,62.007,40.138,17.899
70,0.97287,3648.0,4543.1,8.1401,27.144,42.123,2766.3,78.526,120.38,0.25705,78.123,49.09,2692.9,26.194,49.784,3171.9,22.151,66.767,296.43,330.24,94.977,75.732,29.85,8.9007,28.652,7.0702,19.45,1.567,29.576,13.861,28.627,1.3414,18.7,2.1232,4.3592,2.1305,0.014877,0.98812,0.10961,53.913,43.327,62.671,54.183,95.571,53.467,21.433,30.406,35.421,46.034,63.25,39.193,21.265
71,0.97001,3616.4,4445.8,8.1562,27.129,42.306,2757.7,77.581,120.39,0.28949,78.117,50.399,2684.1,23.189,51.656,3163.4,22.022,67.112,300.85,329.92,95.174,75.36,30.094,8.9676,28.463,6.7838,18.874,1.6328,29.728,13.713,28.547,1.3649,18.553,2.1535,4.2713,1.8993,0.030818,1.0116,0.11939,53.241,43.821,61.765,53.629,95.26,52.834,20.885,34.602,39.275,50.367,65.371,39.58,21.616
72,0.9676,3569.3,4469.1,8.0781,26.787,42.014,2751.2,77.413,120.38,0.28931,78.166,50.33,2678.2,24.984,49.525,3155.9,23.334,67.352,305.43,329.91,95.136,75.609,30.094,8.9676,28.463,6.7838,18.874,1.6328,29.728,13.713,28.547,1.3649,18.553,2.1535,4.2713,1.8993,0.030818,1.0116,0.11939,53.241,43.821,62.576,53.35,95.496,54.554,21.007,34.625,39.07,45.434,66.881,39.29,18.495
73,0.97069,3667.8,4524.3,8.0038,26.815,42.101,2745.6,76.505,120.39,0.27146,78.3,49.502,2672.5,25.457,49.24,3152.8,22.797,67.639,310.69,329.19,95.259,75.469,30.215,8.8778,28.276,7.0409,19.628,1.6507,29.292,13.74,28.234,1.1781,18.997,2.2517,4.3433,2.1921,0.030818,1.0116,0.11939,53.241,43.821,63.351,54.04,95.084,53.254,20.718,32.801,36.633,44.775,68.316,40.224,19.795
74,0.96932,3670.1,4507.4,8.0893,26.854,42.157,2737.9,77.129,120.41,0.26921,78.351,51.92,2663.8,24.338,49.657,3145.9,22.578,67.907,312.92,328.55,95.046,75.139,30.215,8.8778,28.276,7.0409,19.628,1.6507,29.292,13.74,28.234,1.1781,18.997,2.2517,4.3433,2.1921,0.030818,1.0116,0.11939,53.241,43.821,63.311,54.241,95.218,51.579,20.345,33.075,43.749,45.739,70.013,40.136,20.361
75,0.97679,3595.2,4445.5,8.1484,27.005,42.416,2731.7,77.434,120.39,0.27251,78.486,50.593,2657.1,25.989,50.061,3138.7,22.791,68.138,317.96,328.55,95.344,75.742,30.042,8.9569,28.485,6.9803,19.831,1.609,29.503,14.069,27.126,1.371,19.312,2.1684,4.4312,1.9979,0.030818,1.0116,0.11939,53.241,43.821,62.316,53.053,96.338,52.325,20.413,33.253,39.844,46.674,71.451,39.687,19.82
76,0.98034,3616.5,4427.5,8.1995,26.408,41.863,2726.1,77.078,120.42,0.2716,78.656,49.952,2652.3,25.094,50.762,3132.1,22.915,68.432,322.06,328.33,95.153,75.482,30.042,8.9569,28.485,6.9803,19.831,1.609,29.503,14.069,27.126,1.371,19.312,2.1684,4.4312,1.9979,0.015225,1.0236,0.11828,54.052,43.128,61.95,53.268,95.988,51.677,20.162,33.363,37.959,48.299,73.857,39.921,19.553
77,0.99738,3639.3,4426.5,8.1147,26.729,41.818,2718.3,76.975,120.4,0.30974,78.679,49.956,2643.6,26.444,50.261,3125.3,21.55,68.706,328.21,328.28,95.488,75.603,30.188,8.9861,28.135,7.0683,19.833,1.6542,29.969,13.759,26.66,1.2164,19.757,2.2004,4.4186,2.0697,0.015225,1.0236,0.11828,54.052,43.128,61.968,52.622,98.095,52.457,20.07,37.618,37.97,47.138,75.563,39.461,22.808
78,0.99555,3631.0,4433.3,8.0992,26.814,41.967,2711.3,76.423,120.39,0.31012,78.655,48.661,2636.8,27.107,51.585,3119.1,23.581,68.927,334.58,327.45,95.208,75.728,30.188,8.9861,28.135,7.0683,19.833,1.6542,29.969,13.759,26.66,1.2164,19.757,2.2004,4.4186,2.0697,0.015225,1.0236,0.11828,54.052,43.128,62.11,52.54,98.275,53.363,19.718,37.571,34.161,50.203,77.24,38.509,18.003
79,1.0047,3587.6,4388.3,8.099,26.927,42.094,2709.3,76.125,120.41,0.27098,79.036,50.463,2634.9,27.136,51.421,3115.9,22.534,69.216,339.07,327.93,95.4,75.769,30.343,9.2775,27.3,6.9356,19.694,1.634,29.659,13.961,26.565,1.3152,19.58,2.2,4.5246,2.1181,0.015225,1.0236,0.11828,54.052,43.128,61.951,52.896,98.838,52.674,19.768,34.192,39.463,49.821,79.072,39.891,20.474
80,1.0043,3610.8,4433.3,8.1121,26.951,41.851,2706.6,76.677,120.38,0.2745,79.443,50.238,2633.1,26.607,50.751,3113.0,23.002,69.565,344.92,327.72,95.218,76.239,30.343,9.2775,27.3,6.9356,19.694,1.634,29.659,13.961,26.565,1.3152,19.58,2.2,4.5246,2.1181,0.015225,1.0236,0.11828,54.052,43.128,61.553,52.358,98.877,54.306,20.109,33.762,38.802,48.273,80.767,39.288,19.306
81,1.0106,3612.3,4436.3,8.2573,26.993,42.106,2701.1,76.291,120.42,0.29669,79.429,50.407,2625.8,25.068,50.188,3109.3,22.834,69.911,349.23,327.19,95.36,75.929,30.679,9.2583,27.092,6.7447,19.996,1.661,30.005,14.179,25.701,1.4802,20.384,2.2315,4.6621,2.131,0.0022491,1.0235,0.12427,53.878,44.287,62.577,52.495,99.251,52.85,19.498,36.524,39.299,46.97,83.216,39.925,19.721
82,1.0108,3636.3,4408.2,8.1848,27.202,42.263,2695.8,76.009,120.4,0.29575,79.508,49.878,2621.0,24.56,50.062,3104.8,22.834,70.218,355.19,327.14,95.234,76.099,30.679,9.2583,27.092,6.7447,19.996,1.661,30.005,14.179,25.701,1.4802,20.384,2.2315,4.6621,2.131,0.0022491,1.0235,0.12427,53.878,44.287,62.164,52.831,99.225,53.473,19.453,36.639,37.741,46.678,85.151,39.397,19.695
83,0.99413,3674.5,4378.3,8.1813,26.779,41.825,2688.3,75.991,120.41,0.32413,79.526,48.252,2613.7,24.968,51.191,3097.1,22.854,70.516,354.97,327.0,95.22,75.869,30.442,9.2618,26.558,6.8237,19.569,1.648,30.029,14.067,25.16,1.4323,19.741,2.2157,4.6993,2.1611,0.0022491,1.0235,0.12427,53.878,44.287,63.222,52.268,97.91,53.206,18.954,39.376,32.957,49.291,87.625,39.63,19.659
84,0.99193,3673.5,4381.2,8.2398,26.817,41.944,2682.4,76.041,120.42,0.32427,79.589,50.37,2606.8,24.937,49.481,3090.4,23.097,70.74,363.06,326.46,95.146,75.726,30.442,9.2618,26.558,6.8237,19.569,1.648,30.029,14.067,25.16,1.4323,19.741,2.2157,4.6993,2.1611,0.0022491,1.0235,0.12427,53.878,44.287,63.239,52.234,98.126,53.892,19.011,39.358,39.188,45.333,89.352,39.771,19.099
85,1.007,3659.5,4426.7,8.2142,26.83,42.219,2678.3,75.456,120.4,0.30926,79.812,49.582,2603.8,25.9,50.543,3087.5,23.155,70.99,370.48,326.64,95.014,76.211,30.891,9.1254,26.112,6.839,19.927,1.6583,31.043,14.095,24.606,1.3103,19.851,2.248,4.6494,2.1903,0.0022491,1.0235,0.12427,53.878,44.287,62.879,52.568,98.908,54.172,18.84,38.642,36.869,47.791,91.129,39.387,18.913
86,1.0059,3666.7,4424.0,8.2727,26.49,42.102,2674.9,75.315,120.43,0.3088,80.035,50.813,2600.4,26.958,49.82,3083.5,22.971,71.294,373.65,326.2,95.148,76.342,30.891,9.1254,26.112,6.839,19.927,1.6583,31.043,14.095,24.606,1.3103,19.851,2.248,4.6494,2.1903,0.02811,0.99812,0.11196,54.182,43.734,62.755,52.6,99.013,53.042,18.668,38.699,40.492,46.117,93.602,40.137,19.318
87,0.97786,3643.9,4382.5,8.2301,27.234,42.188,2667.5,75.51,120.4,0.31236,80.088,51.578,2592.3,26.354,48.98,3078.4,22.714,71.601,377.35,325.56,95.036,75.795,30.525,9.1016,26.246,7.1282,19.999,1.6591,30.647,14.352,23.998,1.4954,20.186,2.2766,4.7145,2.2765,0.02811,0.99812,0.11196,54.182,43.734,63.061,52.056,96.342,54.616,18.324,39.396,42.745,44.173,95.828,39.748,19.957
88,0.97713,3660.1,4316.6,8.2064,26.933,42.02,2663.5,75.651,120.41,0.31519,80.149,52.363,2588.6,26.06,50.167,3073.6,23.33,71.794,385.06,326.29,95.163,76.344,30.525,9.1016,26.246,7.1282,19.999,1.6591,30.647,14.352,23.998,1.4954,20.186,2.2766,4.7145,2.2765,0.02811,0.99812,0.11196,54.182,43.734,62.782,52.845,96.414,52.082,18.534,39.052,45.055,46.92,97.691,40.228,18.454
89,0.99966,3574.5,4338.0,8.2675,26.802,42.077,2659.8,75.432,120.36,0.34608,80.377,52.162,2583.6,23.166,50.553,3069.6,22.476,72.086,389.33,325.4,95.157,76.539,30.654,9.303,25.685,7.0612,20.535,1.6251,30.784,14.486,23.973,1.5755,20.206,2.3084,4.8329,2.302,0.02811,0.99812,0.11196,54.182,43.734,61.621,52.211,97.936,54.053,18.184,42.751,44.464,47.815,99.846,38.756,20.435
90,0.99737,3580.8,4369.2,8.2323,26.705,42.591,2657.5,73.967,120.39,0.34627,80.54,49.06,2581.7,25.971,49.854,3067.4,22.643,72.367,390.28,326.34,95.429,76.566,30.654,9.303,25.685,7.0612,20.535,1.6251,30.784,14.486,23.973,1.5755,20.206,2.3084,4.8329,2.302,0.02811,0.99812,0.11196,54.182,43.734,61.513,51.838,98.161,55.135,18.081,42.728,35.334,46.195,100.05,39.796,20.016
91,1.0018,3599.0,4319.0,8.4292,26.898,42.013,2654.8,74.953,120.36,0.36467,80.629,50.537,2580.3,27.119,48.093,3065.2,23.082,72.51,389.96,326.54,95.231,76.727,31.132,9.3771,25.337,6.9218,20.413,1.7051,31.269,14.324,23.034,1.3834,20.107,2.2923,4.982,2.289,0.031632,0.95485,0.11506,53.06,43.818,61.588,50.872,98.547,52.774,18.463,44.94,39.682,42.121,99.771,38.645,18.934
92,1.0025,3563.0,4255.4,8.4471,26.632,42.098,2654.7,74.631,120.41,0.36245,80.8,49.253,2579.9,24.974,50.506,3063.2,22.534,72.623,388.61,327.36,95.259,76.839,31.132,9.3771,25.337,6.9218,20.413,1.7051,31.269,14.324,23.034,1.3834,20.107,2.2923,4.982,2.289,0.031632,0.95485,0.11506,53.06,43.818,62.207,51.634,98.482,54.355,18.445,45.21,35.901,47.705,99.775,39.679,20.19
93,0.96786,3602.4,4308.0,8.4628,26.917,42.237,2651.2,74.332,120.4,0.35253,80.771,51.252,2576.3,25.946,49.532,3062.8,23.25,72.736,385.29,326.84,95.173,76.753,31.503,9.4172,25.03,6.8968,20.284,1.6647,31.13,14.524,22.614,1.3852,20.421,2.3263,4.9878,2.35,0.031632,0.95485,0.11506,53.06,43.818,62.648,51.016,95.425,55.042,18.17,42.952,41.785,45.451,99.926,39.918,18.463
94,0.96789,3626.6,4315.5,8.4592,26.938,42.308,2650.2,74.25,120.41,0.34817,80.762,50.131,2575.0,24.52,50.957,3059.4,24.37,72.74,387.11,328.22,95.152,76.785,31.503,9.4172,25.03,6.8968,20.284,1.6647,31.13,14.524,22.614,1.3852,20.421,2.3263,4.9878,2.35,0.031632,0.95485,0.11506,53.06,43.818,62.232,50.926,95.422,54.14,18.418,43.484,38.486,48.75,99.828,39.69,15.78
95,0.94339,3652.8,4272.1,8.5193,26.91,42.161,2646.7,74.7,120.44,0.37638,80.757,50.144,2571.8,25.194,50.444,3057.9,22.966,72.729,385.49,327.98,95.044,76.967,31.143,9.2877,24.96,6.7001,19.961,1.7139,31.206,14.354,22.382,1.628,20.625,2.3127,4.9788,2.3255,0.031632,0.95485,0.11506,53.06,43.818,61.974,51.5,92.563,55.656,18.163,46.271,38.525,47.562,100.09,40.593,19.08
96,0.9416,3635.4,4292.3,8.584,27.036,41.91,2647.4,74.209,120.41,0.37536,80.877,50.919,2572.8,25.483,48.939,3055.3,22.341,72.72,385.3,329.18,95.147,76.827,31.143,9.2877,24.96,6.7001,19.961,1.7139,31.206,14.354,22.382,1.628,20.625,2.3127,4.9788,2.3255,0.013793,0.91309,0.10259,54.602,43.124,62.275,51.258,92.739,55.495,18.684,46.395,40.804,44.079,100.07,39.583,20.544
97,0.97624,3704.8,4342.0,8.6588,27.026,42.52,2646.3,74.024,120.43,0.36002,80.941,49.734,2572.1,26.93,50.449,3056.7,23.119,72.763,387.12,329.37,94.791,77.039,31.449,9.3376,25.012,6.8945,20.119,1.7031,31.985,14.423,21.807,1.4479,20.624,2.3337,5.0092,2.3129,0.013793,0.91309,0.10259,54.602,43.124,62.885,51.229,96.549,56.017,18.447,44.631,37.318,47.573,99.846,40.861,18.644
98,0.98118,3686.2,4306.7,8.615,26.935,42.186,2649.3,73.578,120.43,0.3614,81.222,50.228,2575.9,26.975,48.727,3056.4,22.79,72.762,383.67,330.81,94.687,77.678,31.449,9.3376,25.012,6.8945,20.119,1.7031,31.985,14.423,21.807,1.4479,20.624,2.3337,5.0092,2.3129,0.013793,0.91309,0.10259,54.602,43.124,63.204,51.652,96.062,55.848,19.208,44.463,38.772,43.589,100.08,40.99,19.334
99,0.96004,3624.9,4256.1,8.5445,26.88,42.103,2648.8,73.343,120.42,0.37593,81.371,49.017,2575.5,25.24,51.17,3056.1,22.014,72.879,383.43,331.52,94.778,77.274,31.748,9.3118,24.5,7.0267,19.943,1.7713,32.017,14.467,21.72,1.2873,20.508,2.3319,5.0195,2.3088,0.013793,0.91309,0.10259,54.602,43.124,62.634,51.657,94.14,56.369,18.955,45.378,35.206,49.241,100.09,41.718,21.139
100,0.95954,3663.6,4302.4,8.7947,26.862,42.389,2646.3,73.231,120.41,0.37444,81.028,50.792,2572.6,25.049,49.309,3053.5,23.412,72.881,383.26,332.01,94.768,76.94,31.748,9.3118,24.5,7.0267,19.943,1.7713,32.017,14.467,21.72,1.2873,20.508,2.3319,5.0195,2.3088,0.013793,0.91309,0.10259,54.602,43.124,61.968,51.103,94.19,56.809,18.996,45.56,40.43,44.934,100.02,39.895,17.828
101,0.93779,3608.3,4303.2,8.7491,26.848,42.334,2646.7,73.07,120.43,0.38204,80.832,50.022,2572.6,26.548,49.776,3052.1,22.268,72.775,384.86,332.98,94.93,77.287,31.849,9.387,24.632,7.1506,20.165,1.7122,32.34,14.225,21.576,1.3954,20.726,2.3736,5.0571,2.3868,0.023711,0.86951,0.098721,53.323,43.23,61.686,51.312,91.849,56.795,19.043,46.734,38.166,46.015,100.02,41.289,20.509
102,0.93748,3612.6,4296.9,8.9135,26.631,42.529,2651.3,72.841,120.39,0.37897,81.075,48.367,2577.7,24.948,50.183,3054.4,23.288,72.693,387.63,334.85,94.847,77.824,31.849,9.387,24.632,7.1506,20.165,1.7122,32.34,14.225,21.576,1.3954,20.726,2.3736,5.0571,2.3868,0.023711,0.86951,0.098721,53.323,43.23,61.611,51.388,91.88,56.991,19.734,47.109,33.295,46.957,99.828,40.025,18.005
103,0.92912,3543.2,4230.3,8.7859,26.578,41.981,2655.1,72.478,120.41,0.3619,81.212,50.565,2582.6,25.813,51.67,3058.3,22.844,72.747,387.34,336.4,94.851,77.631,32.208,9.1878,24.836,6.8105,19.818,1.711,33.078,14.496,21.339,1.3536,20.161,2.3444,5.0373,2.3871,0.023711,0.86951,0.098721,53.323,43.23,61.524,51.426,91.582,57.547,19.9,43.489,39.762,50.4,99.782,40.665,19.023
104,0.92861,3559.5,4289.1,8.8638,26.618,42.146,2659.8,73.142,120.41,0.36124,81.122,50.566,2587.3,24.639,48.961,3060.2,23.519,72.757,387.97,338.1,94.919,77.789,32.208,9.1878,24.836,6.8105,19.818,1.711,33.078,14.496,21.339,1.3536,20.161,2.3444,5.0373,2.3871,0.023711,0.86951,0.098721,53.323,43.23,61.244,50.722,91.632,58.1,20.343,43.57,39.766,44.13,99.865,40.76,17.368
105,0.89769,3640.6,4261.8,8.9499,26.901,42.562,2661.2,72.754,120.4,0.39629,81.01,48.958,2588.0,26.362,50.269,3064.4,22.611,72.753,386.3,338.83,94.643,77.454,32.781,9.2759,24.441,6.8578,19.922,1.7161,33.028,14.377,21.277,1.4279,19.653,2.3232,5.0239,2.4525,0.023711,0.86951,0.098721,53.323,43.23,62.739,51.696,88.168,59.354,20.273,47.347,35.033,47.156,99.941,40.557,19.501
106,0.89459,3679.1,4314.2,9.0775,27.07,42.365,2665.4,72.651,120.43,0.39504,80.897,48.864,2593.1,26.364,50.214,3064.8,23.726,72.66,386.23,340.74,94.497,77.687,32.781,9.2759,24.441,6.8578,19.922,1.7161,33.028,14.377,21.277,1.4279,19.653,2.3232,5.0239,2.4525,0.010215,0.8239,0.071266,53.909,44.266,62.076,51.069,88.472,58.398,21.094,47.5,34.755,47.03,99.982,41.742,16.805
107,0.83806,3616.2,4303.2,8.9086,26.852,42.719,2667.1,72.164,120.41,0.38838,80.913,50.646,2595.8,25.219,50.56,3066.6,23.03,72.645,385.75,341.66,94.55,77.752,32.778,9.1687,24.78,6.7945,19.216,1.7627,33.501,14.253,21.154,1.3726,19.39,2.3422,5.1942,2.4485,0.010215,0.8239,0.071266,53.909,44.266,62.789,50.76,82.502,63.12,20.977,46.033,40.001,47.83,100.06,41.123,18.409
108,0.83988,3590.6,4271.7,9.0356,26.708,42.617,2671.0,72.107,120.42,0.38835,80.837,50.016,2599.2,25.703,51.865,3068.6,20.67,72.614,386.45,343.02,94.498,77.765,32.778,9.1687,24.78,6.7945,19.216,1.7627,33.501,14.253,21.154,1.3726,19.39,2.3422,5.1942,2.4485,0.010215,0.8239,0.071266,53.909,44.266,63.229,51.138,82.323,60.483,21.411,46.037,38.147,50.851,100.02,42.168,23.972
109,0.83253,3631.1,4342.9,9.1227,26.531,42.966,2674.3,72.115,120.42,0.37675,80.776,51.613,2602.8,23.546,49.687,3071.4,23.277,72.587,388.73,344.45,94.431,77.943,33.207,9.1384,24.66,7.0234,19.044,1.6598,33.609,13.952,21.403,1.2974,19.256,2.3597,4.9402,2.3681,0.010215,0.8239,0.071266,53.909,44.266,63.14,51.885,81.898,61.244,21.468,44.859,42.846,45.809,99.854,41.864,17.731
110,0.83237,3668.5,4319.9,9.1249,26.769,42.955,2679.1,72.383,120.42,0.37615,80.752,52.684,2608.1,27.064,48.25,3075.4,23.275,72.529,387.79,345.51,94.401,77.967,33.207,9.1384,24.66,7.0234,19.044,1.6598,33.609,13.952,21.403,1.2974,19.256,2.3597,4.9402,2.3681,0.010215,0.8239,0.071266,53.909,44.266,62.497,52.159,81.914,61.007,22.047,44.932,45.999,42.484,100.02,42.256,17.697
111,0.78114,3563.9,4352.6,9.1902,26.633,42.966,2686.6,71.585,120.41,0.34558,80.959,49.298,2615.8,24.845,50.799,3079.6,22.735,72.541,387.17,347.18,94.298,78.343,33.22,9.0706,24.636,6.7204,19.1,1.734,33.593,14.133,21.644,1.1054,18.651,2.342,4.9839,2.3311,0.013749,0.785,0.098081,54.358,43.61,62.263,52.131,77.135,59.521,22.8,41.01,36.035,48.382,99.901,41.099,18.885
112,0.78475,3600.3,4333.4,9.2639,27.292,42.685,2692.7,73.0,120.42,0.34694,80.899,49.096,2623.2,26.035,52.777,3084.6,23.205,72.587,387.48,348.43,94.365,77.99,33.22,9.0706,24.636,6.7204,19.1,1.734,33.593,14.133,21.644,1.1054,18.651,2.342,4.9839,2.3311,0.013749,0.785,0.098081,54.358,43.61,61.637,52.361,76.781,58.419,23.458,40.845,35.44,52.96,99.889,41.411,17.736
113,0.77015,3669.2,4340.4,9.2714,26.612,42.541,2695.1,71.757,120.43,0.3648,80.426,50.87,2625.0,24.942,50.038,3088.1,23.017,72.538,390.78,349.34,94.286,77.265,33.064,9.0522,24.831,6.6505,18.287,1.6504,34.134,14.002,21.87,1.2237,18.243,2.368,4.9358,2.4137,0.013749,0.785,0.098081,54.358,43.61,63.119,52.089,75.882,60.502,23.169,43.835,40.66,46.621,99.72,41.818,18.202
114,0.77021,3624.5,4327.2,9.2979,27.048,42.372,2700.0,71.415,120.45,0.37494,80.386,49.381,2630.3,25.218,51.803,3091.0,22.947,72.42,390.66,350.68,94.197,78.129,33.064,9.0522,24.831,6.6505,18.287,1.6504,34.134,14.002,21.87,1.2237,18.243,2.368,4.9358,2.4137,0.013749,0.785,0.098081,54.358,43.61,63.888,52.247,75.876,60.558,23.899,42.599,36.278,50.706,99.882,42.687,18.285
115,0.7743,3685.8,4410.3,9.3321,27.231,42.651,2708.2,72.589,120.42,0.35574,80.534,50.067,2639.7,26.472,50.038,3098.2,22.784,72.43,390.54,351.21,94.044,78.382,33.577,8.9766,25.358,6.6977,18.571,1.7165,34.879,13.992,22.111,1.031,18.014,2.3808,5.0588,2.3221,0.013749,0.785,0.098081,54.358,43.61,63.631,53.261,76.488,60.889,24.521,41.805,38.296,46.622,99.911,42.843,18.596
116,0.77443,3694.8,4425.3,9.2194,26.928,43.291,2712.0,72.011,120.42,0.35932,80.236,49.783,2642.4,25.403,49.39,3101.6,23.361,72.403,388.36,352.53,93.937,77.608,33.577,8.9766,25.358,6.6977,18.571,1.7165,34.879,13.992,22.111,1.031,18.014,2.3808,5.0588,2.3221,0.019892,0.75086,0.095203,54.066,44.174,63.477,53.082,76.475,60.615,24.262,41.369,37.462,45.122,99.735,42.731,17.241
117,0.7151,3690.4,4402.7,9.2445,26.847,42.523,2713.8,72.538,120.4,0.35831,79.858,50.501,2644.3,25.596,49.426,3102.1,22.867,72.303,390.73,353.49,93.952,77.407,33.476,8.9619,25.741,6.7709,18.727,1.7201,35.21,13.886,22.41,1.1989,17.669,2.3237,4.9863,2.3392,0.019892,0.75086,0.095203,54.066,44.174,63.333,52.715,70.227,60.999,24.473,41.467,39.575,45.205,99.753,42.52,18.417
118,0.71495,3678.4,4391.9,9.3964,27.018,43.328,2716.5,72.88,120.41,0.36034,79.637,48.912,2647.6,24.65,49.164,3104.2,24.175,72.149,392.68,353.86,94.126,77.741,33.476,8.9619,25.741,6.7709,18.727,1.7201,35.21,13.886,22.41,1.1989,17.669,2.3237,4.9863,2.3392,0.019892,0.75086,0.095203,54.066,44.174,63.541,52.844,70.242,60.303,24.809,41.22,34.898,44.599,99.817,42.751,15.284
119,0.71266,3668.4,4366.6,9.3909,27.183,42.854,2723.6,72.703,120.4,0.34978,79.779,48.811,2655.2,24.891,48.883,3109.2,23.173,72.092,395.19,355.24,93.894,78.215,33.615,9.0848,26.049,6.7491,18.032,1.6842,34.917,13.905,22.602,1.2508,17.296,2.3092,4.9083,2.3065,0.019892,0.75086,0.095203,54.066,44.174,63.209,52.784,69.658,59.336,25.295,39.837,34.601,43.949,99.738,42.689,17.598
120,0.71268,3680.2,4411.2,9.2835,26.996,42.896,2731.9,72.798,120.4,0.35133,80.023,49.979,2664.3,26.002,50.496,3116.0,22.348,72.134,392.88,355.51,93.991,78.285,33.615,9.0848,26.049,6.7491,18.032,1.6842,34.917,13.905,22.602,1.2508,17.296,2.3092,4.9083,2.3065,0.019892,0.75086,0.095203,54.066,44.174,63.006,52.25,69.656,59.317,25.716,39.649,38.039,47.681,99.969,42.367,19.5
121,0.6828,3654.0,4485.1,9.2662,26.499,42.348,2735.9,71.951,120.4,0.35257,79.835,50.385,2668.5,23.652,48.769,3121.3,23.084,72.185,392.21,356.3,93.927,78.085,33.528,8.9887,25.871,6.6858,17.47,1.6772,34.742,14.06,23.045,1.1548,17.485,2.3273,4.7771,2.2635,0.0048736,0.69906,0.091205,53.399,44.421,63.764,53.14,67.166,62.426,25.545,40.124,39.232,43.685,99.266,42.936,17.726
122,0.68471,3659.6,4420.2,9.4312,26.736,42.942,2740.0,72.879,120.4,0.35338,79.557,51.823,2672.4,25.492,50.492,3123.8,23.065,72.114,393.8,356.92,93.975,77.791,33.528,8.9887,25.871,6.6858,17.47,1.6772,34.742,14.06,23.045,1.1548,17.485,2.3273,4.7771,2.2635,0.0048736,0.69906,0.091205,53.399,44.421,63.667,53.916,66.979,60.276,26.002,40.025,43.466,47.673,98.925,42.824,17.776
123,0.67803,3692.5,4488.3,9.3611,26.885,42.612,2744.2,73.496,120.39,0.37188,79.384,49.485,2676.3,24.753,49.906,3128.8,23.077,72.023,389.86,357.1,94.032,77.87,33.355,8.9727,25.773,6.6599,17.789,1.65,34.89,13.82,23.028,0.94558,17.161,2.3385,4.8786,2.3315,0.0048736,0.69906,0.091205,53.399,44.421,63.813,54.653,66.46,61.712,25.922,42.156,36.585,46.317,99.084,42.204,17.728
124,0.67944,3732.9,4492.2,9.2973,27.013,42.245,2751.4,72.938,120.41,0.37319,79.461,49.21,2684.0,24.328,51.05,3133.6,23.098,71.929,394.79,357.97,93.784,78.128,33.355,8.9727,25.773,6.6599,17.789,1.65,34.89,13.82,23.028,0.94558,17.161,2.3385,4.8786,2.3315,0.0048736,0.69906,0.091205,53.399,44.421,63.117,54.606,66.321,61.019,26.758,41.996,35.774,48.965,98.455,43.79,17.627
125,0.67878,3715.2,4516.0,9.4015,27.059,42.961,2755.4,73.267,120.42,0.34502,79.353,49.522,2688.2,22.759,50.095,3138.1,23.314,71.947,393.58,358.11,93.907,77.672,33.437,8.7557,26.77,6.674,17.059,1.643,35.092,13.931,24.093,1.1205,16.986,2.2929,4.7317,2.3353,0.0048736,0.69906,0.091205,53.399,44.421,63.845,53.731,67.112,62.282,26.806,39.179,36.692,46.754,98.371,42.844,17.108
126,0.67722,3718.3,4505.5,9.1501,27.123,42.871,2757.4,74.055,120.39,0.34813,79.023,51.038,2689.9,24.378,48.527,3139.7,24.5,71.888,388.29,358.65,93.701,77.465,33.437,8.7557,26.77,6.674,17.059,1.643,35.092,13.931,24.093,1.1205,16.986,2.2929,4.7317,2.3353,0.015001,0.6695,0.089917,53.651,44.082,63.792,53.858,67.266,64.452,26.79,38.799,41.154,43.125,97.13,42.902,14.301
127,0.65953,3724.5,4612.6,9.4033,27.063,42.329,2761.6,74.006,120.42,0.36245,78.806,49.494,2694.2,25.721,50.079,3142.4,22.643,71.694,388.13,358.74,93.973,77.611,33.554,8.8646,26.762,6.8297,17.401,1.6483,35.087,13.736,24.184,1.159,16.053,2.3073,4.7687,2.2082,0.015001,0.6695,0.089917,53.651,44.082,63.765,54.593,64.983,58.978,27.14,40.112,36.61,46.717,96.303,43.698,18.707
128,0.66226,3732.0,4566.9,9.2907,26.734,42.591,2766.1,74.665,120.39,0.35958,78.909,50.204,2699.3,23.466,50.974,3146.4,22.301,71.594,385.72,358.9,93.729,77.921,33.554,8.8646,26.762,6.8297,17.401,1.6483,35.087,13.736,24.184,1.159,16.053,2.3073,4.7687,2.2082,0.015001,0.6695,0.089917,53.651,44.082,63.635,55.141,64.714,59.601,27.205,40.463,38.701,48.788,95.681,42.347,19.478
129,0.63664,3691.2,4612.7,9.2578,26.709,42.596,2769.2,73.603,120.39,0.33424,78.713,49.799,2703.4,24.482,51.829,3148.5,22.977,71.478,386.14,359.23,93.993,77.258,33.586,9.0526,26.811,6.6015,17.062,1.6582,35.463,13.817,24.282,1.0184,16.5,2.28,4.5897,2.2753,0.015001,0.6695,0.089917,53.651,44.082,63.095,54.014,62.334,61.345,27.686,38.327,37.508,50.766,94.808,42.557,17.921
130,0.63589,3701.9,4541.1,9.2226,26.996,42.792,2772.5,74.134,120.39,0.33525,78.659,50.612,2705.9,23.631,48.96,3150.8,22.837,71.383,383.05,359.39,93.882,77.517,33.586,9.0526,26.811,6.6015,17.062,1.6582,35.463,13.817,24.282,1.0184,16.5,2.28,4.5897,2.2753,0.015001,0.6695,0.089917,53.651,44.082,62.91,54.871,62.408,62.524,27.877,38.203,39.902,44.127,94.253,42.592,18.225
131,0.61617,3730.8,4624.9,9.2015,26.541,42.984,2776.7,73.915,120.38,0.34599,78.707,50.276,2710.0,24.419,49.794,3154.6,23.167,71.269,379.84,358.83,93.965,77.766,33.803,8.6274,26.958,6.8613,16.861,1.6268,35.456,13.733,25.295,1.1389,15.822,2.2874,4.6108,2.1863,0.013165,0.65915,0.08593,54.566,44.911,64.572,54.959,60.897,60.231,27.574,38.997,38.911,46.057,92.686,42.682,17.416
132,0.61649,3725.2,4582.8,9.2568,26.717,42.538,2779.7,74.682,120.4,0.34633,78.97,51.27,2713.0,24.849,48.26,3159.9,23.61,71.208,377.23,358.36,93.652,78.085,33.803,8.6274,26.958,6.8613,16.861,1.6268,35.456,13.733,25.295,1.1389,15.822,2.2874,4.6108,2.1863,0.013165,0.65915,0.08593,54.566,44.911,64.668,55.462,60.865,58.618,27.448,38.956,41.837,42.507,91.645,43.315,16.302
133,0.57837,3658.8,4624.7,9.1351,26.903,42.541,2779.4,74.676,120.39,0.33559,78.735,50.22,2711.6,26.25,48.529,3159.0,23.399,71.211,373.58,358.31,93.963,77.496,33.225,8.6721,27.231,6.7408,16.997,1.6561,34.913,13.591,24.837,1.1519,16.052,2.2768,4.6176,2.2141,0.013165,0.65915,0.08593,54.566,44.911,63.674,55.76,57.404,60.279,27.543,37.962,38.747,43.13,90.694,42.855,16.828
134,0.58008,3678.7,4671.3,9.0929,26.854,42.412,2777.4,75.081,120.36,0.33712,78.451,49.533,2710.7,26.021,49.692,3157.1,23.128,71.089,371.5,357.95,93.953,76.968,33.225,8.6721,27.231,6.7408,16.997,1.6561,34.913,13.591,24.837,1.1519,16.052,2.2768,4.6176,2.2141,0.013165,0.65915,0.08593,54.566,44.911,63.332,55.201,57.236,58.059,27.678,37.775,36.726,45.82,89.616,42.235,17.519
135,0.62116,3704.2,4669.6,9.0683,26.8,42.412,2778.6,74.476,120.38,0.31812,78.217,49.501,2710.6,24.135,49.817,3158.3,22.706,70.872,367.49,357.27,94.213,77.313,33.369,8.7754,27.452,6.7407,17.315,1.6608,35.14,13.61,25.003,1.2518,16.297,2.2421,4.6281,2.3068,0.013165,0.65915,0.08593,54.566,44.911,64.027,55.2,61.488,62.475,27.429,36.052,36.63,46.11,88.72,42.346,18.515
136,0.62306,3709.6,4653.0,9.1183,26.781,42.592,2780.1,75.877,120.37,0.31788,78.272,49.369,2713.5,24.527,51.221,3159.7,21.748,70.708,363.56,356.97,93.976,77.392,33.369,8.7754,27.452,6.7407,17.315,1.6608,35.14,13.61,25.003,1.2518,16.297,2.2421,4.6281,2.3068,0.023825,0.64433,0.099178,52.805,44.117,63.933,55.398,61.301,58.353,27.531,36.08,36.242,49.361,87.249,42.188,20.795
137,0.59813,3721.6,4666.4,9.164,26.793,42.97,2780.6,76.382,120.37,0.32233,78.31,48.529,2713.9,25.207,49.934,3159.0,23.116,70.562,360.42,356.77,94.085,77.195,33.312,8.8397,27.097,6.9395,17.088,1.605,34.806,13.402,26.02,1.1408,16.311,2.1859,4.5686,2.136,0.023825,0.64433,0.099178,52.805,44.117,63.861,54.732,58.741,60.285,27.723,35.724,33.772,46.382,86.034,41.865,17.569
138,0.5966,3735.5,4613.2,8.9503,26.934,42.734,2779.9,74.346,120.4,0.31903,78.24,51.43,2713.0,25.446,51.695,3160.2,23.269,70.391,357.33,356.06,94.052,77.146,33.312,8.8397,27.097,6.9395,17.088,1.605,34.806,13.402,26.02,1.1408,16.311,2.1859,4.5686,2.136,0.023825,0.64433,0.099178,52.805,44.117,63.622,55.368,58.892,57.968,27.309,36.127,42.309,50.456,84.824,42.791,17.226
139,0.59188,3665.8,4685.3,8.9511,27.052,42.276,2780.6,75.878,120.38,0.29183,78.326,50.365,2712.9,23.264,50.651,3159.8,22.482,70.322,354.06,355.1,94.255,77.053,33.823,8.6684,27.275,6.8613,17.094,1.6665,34.639,13.524,25.789,0.92992,16.485,2.1811,4.5077,2.1447,0.023825,0.64433,0.099178,52.805,44.117,63.118,55.326,58.086,56.88,27.427,33.41,39.174,48.04,83.631,42.105,19.1
140,0.59006,3636.5,4626.5,8.9704,26.543,42.623,2779.8,75.272,120.37,0.29579,78.308,49.123,2713.3,24.078,51.729,3159.3,22.145,70.208,351.71,354.7,94.279,77.423,33.823,8.6684,27.275,6.8613,17.094,1.6665,34.639,13.524,25.789,0.92992,16.485,2.1811,4.5077,2.1447,0.023825,0.64433,0.099178,52.805,44.117,63.621,56.03,58.266,56.773,27.213,32.928,35.52,50.535,82.363,42.032,19.888
141,0.53102,3679.1,4702.2,8.9825,26.793,42.046,2779.3,75.996,120.37,0.3045,78.436,50.023,2712.6,25.346,49.788,3159.5,24.338,70.077,346.9,354.0,94.26,77.102,32.87,8.4865,27.679,6.6784,17.116,1.6298,34.48,13.497,25.955,1.0217,15.946,2.2539,4.5016,2.1776,0.022379,0.66103,0.071311,53.814,44.117,63.556,55.393,51.532,57.032,27.282,34.586,38.167,46.044,80.606,41.4,14.702
142,0.52617,3691.7,4637.7,8.9392,26.999,41.993,2776.0,76.945,120.37,0.30529,78.447,49.909,2707.6,24.894,48.07,3158.2,22.841,70.008,342.96,353.12,94.389,76.888,32.87,8.4865,27.679,6.6784,17.116,1.6298,34.48,13.497,25.955,1.0217,15.946,2.2539,4.5016,2.1776,0.022379,0.66103,0.071311,53.814,44.117,63.34,56.164,52.009,59.155,26.666,34.49,37.832,42.069,79.176,41.281,18.273
143,0.60508,3778.5,4666.4,8.7345,27.243,42.248,2772.2,76.387,120.4,0.30224,78.224,48.955,2703.6,24.33,49.352,3157.1,23.295,69.849,335.28,351.92,94.294,76.487,32.937,8.8843,28.338,6.7703,17.168,1.6212,34.604,13.681,25.725,1.1477,16.133,2.1697,4.6188,2.1459,0.022379,0.66103,0.071311,53.814,44.117,63.557,56.048,60.007,58.566,26.176,33.686,35.025,45.034,78.087,41.939,17.251
144,0.6068,3746.9,4662.7,8.715,26.856,42.611,2769.5,76.736,120.38,0.29773,78.224,50.085,2700.6,26.274,48.94,3153.7,21.523,69.653,329.97,351.36,94.28,76.691,32.937,8.8843,28.338,6.7703,17.168,1.6212,34.604,13.681,25.725,1.1477,16.133,2.1697,4.6188,2.1459,0.022379,0.66103,0.071311,53.814,44.117,64.1,56.094,59.837,54.71,26.063,34.236,38.35,44.081,76.797,41.391,21.472
145,0.58981,3734.1,4668.7,8.6743,26.729,42.019,2765.9,76.355,120.4,0.32024,78.338,49.603,2697.3,23.272,50.393,3150.8,23.161,69.5,328.0,350.4,94.424,76.585,32.57,8.8256,27.84,6.7824,17.225,1.6503,33.784,13.711,26.151,1.1032,16.561,2.196,4.5464,2.112,0.022379,0.66103,0.071311,53.814,44.117,63.663,56.169,58.768,56.485,25.891,36.065,36.933,47.444,75.215,41.781,17.613
146,0.5947,3714.0,4664.9,8.7666,26.908,42.669,2760.3,77.061,120.38,0.319,78.294,48.864,2691.8,26.195,48.164,3147.8,24.564,69.363,322.25,349.07,94.419,76.434,32.57,8.8256,27.84,6.7824,17.225,1.6503,33.784,13.711,26.151,1.1032,16.561,2.196,4.5464,2.112,0.0195,0.6794,0.099632,53.406,44.515,64.01,56.215,58.287,56.8,25.492,36.216,34.756,42.285,74.073,40.881,14.322
147,0.62428,3733.6,4673.9,8.753,27.223,42.232,2757.3,76.358,120.36,0.31959,78.414,50.462,2688.3,24.474,49.603,3145.1,22.094,69.213,322.52,347.61,94.541,76.604,31.787,8.5805,28.06,7.1084,17.684,1.6284,33.241,13.717,26.237,1.2839,16.471,2.211,4.5243,2.1889,0.0195,0.6794,0.099632,53.406,44.515,63.665,56.234,61.204,56.259,25.498,36.741,39.461,45.616,72.346,41.487,20.193
148,0.6228,3674.1,4692.3,8.5493,26.763,42.21,2755.9,77.124,120.4,0.31528,78.694,47.846,2686.4,25.31,50.064,3143.3,24.308,69.086,315.64,346.06,94.536,77.029,31.787,8.5805,28.06,7.1084,17.684,1.6284,33.241,13.717,26.237,1.2839,16.471,2.211,4.5243,2.1889,0.0195,0.6794,0.099632,53.406,44.515,64.69,56.013,61.35,58.544,25.05,37.268,31.76,46.681,71.26,41.501,14.919
149,0.6967,3608.3,4702.6,8.535,26.78,42.183,2754.7,76.93,120.37,0.31548,79.16,49.753,2685.2,24.844,49.565,3144.7,23.176,69.077,310.22,344.97,94.564,77.083,32.318,8.8112,27.677,7.1773,17.778,1.6191,32.986,13.541,26.158,1.0822,16.573,2.2331,4.5085,2.1274,0.0195,0.6794,0.099632,53.406,44.515,62.902,54.987,68.989,57.728,24.708,37.267,37.374,45.527,70.039,40.098,17.578
150,0.70041,3611.1,4683.3,8.6761,26.852,41.999,2751.7,77.017,120.38,0.31758,79.192,49.409,2681.7,24.486,50.046,3142.9,23.205,69.099,303.73,344.61,94.776,76.764,32.318,8.8112,27.677,7.1773,17.778,1.6191,32.986,13.541,26.158,1.0822,16.573,2.2331,4.5085,2.1274,0.0195,0.6794,0.099632,53.406,44.515,62.854,55.218,68.624,56.45,24.252,37.01,36.36,46.639,68.913,41.332,17.53
151,0.64799,3631.3,4642.6,8.5029,26.536,42.063,2745.2,77.897,120.36,0.29322,78.916,49.961,2674.8,26.058,49.406,3137.5,23.036,69.003,299.93,343.63,94.898,76.154,31.663,8.7794,28.14,7.0641,17.425,1.6359,32.645,13.713,25.78,1.2012,17.538,2.1781,4.6004,2.1375,0.012983,0.72494,0.10468,52.801,43.363,61.656,55.65,63.97,56.338,23.551,34.973,37.985,45.159,67.73,40.217,18.001
152,0.64847,3621.8,4612.3,8.5928,27.0,42.311,2739.5,77.67,120.37,0.29346,78.66,50.231,2668.4,24.005,49.743,3132.3,22.412,68.772,298.69,342.88,95.178,76.314,31.663,8.7794,28.14,7.0641,17.425,1.6359,32.645,13.713,25.78,1.2012,17.538,2.1781,4.6004,2.1375,0.012983,0.72494,0.10468,52.801,43.363,61.819,56.012,63.922,55.76,23.537,34.944,38.779,45.94,66.234,39.677,19.522
153,0.71386,3644.2,4706.1,8.5113,26.788,42.152,2737.7,77.157,120.39,0.31249,78.743,48.805,2666.1,25.801,49.483,3131.8,22.974,68.544,292.83,342.01,95.146,76.495,31.748,8.7894,27.206,6.9003,17.92,1.632,32.562,13.768,26.031,1.2333,17.786,2.2155,4.6615,2.2006,0.012983,0.72494,0.10468,52.801,43.363,62.202,55.954,70.357,55.296,23.375,36.946,34.582,45.337,65.157,40.618,18.21
154,0.71387,3639.5,4735.3,8.4216,27.003,42.092,2737.6,76.914,120.37,0.31147,79.103,51.506,2667.6,23.769,48.685,3131.2,22.936,68.409,288.46,341.07,95.115,76.67,31.748,8.7894,27.206,6.9003,17.92,1.632,32.562,13.768,26.031,1.2333,17.786,2.2155,4.6615,2.2006,0.012983,0.72494,0.10468,52.801,43.363,62.283,55.603,70.356,55.635,23.472,37.07,42.533,43.49,63.953,39.249,18.297
155,0.71046,3691.7,4639.6,8.4267,26.844,41.794,2734.8,77.155,120.4,0.31999,79.251,50.132,2663.2,26.173,50.372,3131.1,20.535,68.316,284.79,340.08,94.834,76.726,31.872,8.8394,27.58,6.8161,18.841,1.6515,32.119,13.811,25.519,1.1764,17.74,2.2507,4.6956,2.1694,0.012983,0.72494,0.10468,52.801,43.363,62.726,55.719,70.051,54.14,22.83,37.365,38.489,47.396,62.685,40.333,24.002
156,0.71109,3684.4,4627.3,8.4453,27.083,42.179,2728.4,76.76,120.4,0.31461,79.196,51.228,2656.8,25.177,52.082,3125.9,23.438,68.214,283.41,338.49,94.981,76.184,31.872,8.8394,27.58,6.8161,18.841,1.6515,32.119,13.811,25.519,1.1764,17.74,2.2507,4.6956,2.1694,0.011867,0.77842,0.082325,53.821,43.553,62.852,55.866,69.989,54.581,22.577,38.022,41.715,51.352,62.143,40.905,17.173
157,0.70374,3691.7,4554.2,8.3395,27.043,42.234,2723.0,77.573,120.39,0.32612,79.434,48.688,2651.0,23.865,50.436,3122.0,22.779,68.147,277.17,337.65,94.878,76.885,31.277,8.9343,27.282,6.8601,18.475,1.6456,31.924,13.674,26.043,1.2746,17.781,2.2357,4.6657,2.1418,0.011867,0.77842,0.082325,53.821,43.553,63.488,54.548,69.135,56.308,22.101,37.725,34.24,47.542,61.517,40.394,18.695
158,0.70509,3684.7,4540.4,8.3398,26.956,41.666,2718.4,77.4,120.4,0.31931,79.591,51.561,2645.8,26.514,49.631,3116.8,22.287,68.12,275.43,336.16,94.962,76.511,31.277,8.9343,27.282,6.8601,18.475,1.6456,31.924,13.674,26.043,1.2746,17.781,2.2357,4.6657,2.1418,0.011867,0.77842,0.082325,53.821,43.553,63.608,54.713,69.002,55.816,21.85,38.555,42.694,45.68,60.489,40.048,19.893
159,0.76709,3661.4,4618.1,8.3962,26.76,42.423,2711.6,76.776,120.4,0.30696,79.581,51.585,2638.7,25.089,50.01,3113.6,23.148,68.068,273.81,334.67,94.963,76.276,30.883,8.9999,27.243,7.0913,18.84,1.7032,31.685,13.788,25.713,1.3191,18.498,2.2463,4.6774,2.1882,0.011867,0.77842,0.082325,53.821,43.553,63.664,54.7,75.477,55.001,21.001,36.282,42.764,46.556,59.452,40.162,17.892
160,0.76652,3664.5,4591.3,8.2475,27.139,41.831,2704.7,76.56,120.41,0.30155,79.45,50.055,2631.7,25.85,52.431,3108.7,23.425,67.954,269.14,334.04,95.015,76.308,30.883,8.9999,27.243,7.0913,18.84,1.7032,31.685,13.788,25.713,1.3191,18.498,2.2463,4.6774,2.1882,0.011867,0.77842,0.082325,53.821,43.553,63.61,55.021,75.533,56.498,20.76,36.941,38.261,52.16,58.694,39.903,17.273
161,0.81905,3605.7,4522.5,8.4791,27.107,41.908,2703.0,77.113,120.37,0.31648,79.754,50.216,2630.7,25.606,50.381,3104.1,22.928,67.87,269.16,333.45,95.154,76.878,31.169,8.8527,26.939,6.9193,19.619,1.6289,31.339,13.784,25.499,1.293,18.209,2.2865,4.6423,2.2788,0.011109,0.82945,0.093234,54.733,43.913,62.506,54.969,80.124,52.379,21.254,38.023,38.737,47.417,58.74,39.844,18.425
162,0.81453,3611.3,4573.5,8.3565,27.194,42.174,2702.0,76.966,120.39,0.31529,80.148,51.408,2629.2,25.065,51.407,3104.5,22.704,67.878,267.75,332.34,95.108,77.31,31.169,8.8527,26.939,6.9193,19.619,1.6289,31.339,13.784,25.499,1.293,18.209,2.2865,4.6423,2.2788,0.011109,0.82945,0.093234,54.733,43.913,62.409,54.359,80.569,56.211,20.914,38.169,42.244,49.791,58.222,39.853,18.916
163,0.7993,3634.5,4462.7,8.3804,26.995,42.113,2698.5,76.614,120.42,0.31173,80.314,50.155,2625.5,24.058,50.426,3102.8,23.586,67.955,266.29,331.42,95.111,76.885,31.035,9.0764,27.303,7.1648,18.824,1.6469,31.465,13.901,24.692,1.2245,19.109,2.2401,4.6938,2.1618,0.011109,0.82945,0.093234,54.733,43.913,63.403,53.698,79.005,53.634,20.354,38.443,38.556,47.521,57.705,40.218,16.844
164,0.80047,3661.2,4471.2,8.3497,26.748,41.779,2691.5,76.98,120.39,0.31285,80.244,50.239,2617.6,25.806,49.812,3098.1,22.881,67.945,262.42,330.5,95.15,76.502,31.035,9.0764,27.303,7.1648,18.824,1.6469,31.465,13.901,24.692,1.2245,19.109,2.2401,4.6938,2.1618,0.011109,0.82945,0.093234,54.733,43.913,62.943,53.596,78.89,54.576,19.923,38.307,38.802,46.099,57.401,39.58,18.554
165,0.82474,3562.5,4552.6,8.275,27.154,42.254,2685.4,76.258,120.39,0.32499,79.995,50.24,2611.1,25.937,48.907,3091.7,22.287,67.894,261.18,329.74,95.351,76.096,31.265,9.1062,26.559,6.906,19.538,1.702,30.645,13.873,24.53,1.2211,19.41,2.2519,4.8681,2.3058,0.011109,0.82945,0.093234,54.733,43.913,62.339,54.497,81.267,55.194,19.812,39.988,38.807,44.004,56.869,39.384,20.026
166,0.82374,3597.4,4515.8,8.3485,27.435,42.072,2680.9,76.423,120.37,0.32556,79.939,48.398,2607.3,26.388,49.293,3087.9,23.153,67.779,260.36,328.93,95.427,76.54,31.265,9.1062,26.559,6.906,19.538,1.702,30.645,13.873,24.53,1.2211,19.41,2.2519,4.8681,2.3058,0.019325,0.88186,0.10465,53.137,43.268,61.737,54.937,81.365,58.639,19.553,39.918,33.385,44.897,57.555,38.721,17.984
167,0.81263,3671.0,4476.1,8.3609,26.842,41.662,2681.8,77.074,120.4,0.32348,80.332,51.15,2609.1,25.747,49.54,3087.2,23.136,67.73,263.64,329.39,95.357,76.782,30.828,9.0766,26.754,7.083,19.71,1.6899,31.134,13.905,24.424,1.2751,19.641,2.3059,4.8833,2.3587,0.019325,0.88186,0.10465,53.137,43.268,62.596,53.591,80.204,55.742,19.678,39.51,41.484,45.47,57.172,39.61,18.015
168,0.81396,3645.1,4493.8,8.3884,27.053,42.004,2679.2,76.809,120.41,0.31952,80.549,51.869,2605.0,22.992,48.481,3087.1,21.562,67.813,261.0,328.06,95.088,77.073,30.828,9.0766,26.754,7.083,19.71,1.6899,31.134,13.905,24.424,1.2751,19.641,2.3059,4.8833,2.3587,0.019325,0.88186,0.10465,53.137,43.268,63.041,53.379,80.074,54.359,19.258,39.994,43.601,43.019,57.308,40.122,21.727
169,0.86943,3601.5,4453.8,8.3485,26.948,41.704,2678.0,75.892,120.38,0.32599,80.753,49.291,2603.4,27.197,49.982,3086.3,22.408,67.873,260.87,327.3,95.277,77.151,30.925,9.1281,26.861,6.7855,19.913,1.7204,30.935,13.998,24.206,1.3682,20.107,2.3343,4.7618,2.2554,0.019325,0.88186,0.10465,53.137,43.268,62.133,53.295,85.265,54.863,19.184,40.175,36.014,46.493,57.221,39.927,19.701
170,0.8684,3593.4,4462.7,8.4505,26.762,42.273,2675.5,75.651,120.42,0.32632,80.841,50.015,2601.2,24.525,48.764,3085.2,22.57,67.955,259.24,327.09,95.287,77.166,30.925,9.1281,26.861,6.7855,19.913,1.7204,30.935,13.998,24.206,1.3682,20.107,2.3343,4.7618,2.2554,0.019325,0.88186,0.10465,53.137,43.268,62.273,53.189,85.367,54.817,18.655,40.134,38.144,43.674,57.259,40.379,19.306
171,0.86935,3655.7,4429.7,8.2665,26.789,42.612,2669.3,75.405,120.4,0.34036,80.612,49.022,2594.4,24.848,49.328,3082.3,23.547,67.997,264.55,326.26,95.117,76.613,30.991,9.1205,26.415,6.9052,20.126,1.7042,31.329,13.947,23.727,1.3009,19.759,2.2654,4.8872,2.4348,0.028048,0.91084,0.075921,54.468,43.102,63.761,52.911,86.12,57.834,18.066,41.104,35.221,44.979,58.058,39.432,17.048
172,0.87187,3710.5,4415.1,8.6055,26.916,42.067,2666.3,75.6,120.43,0.33748,80.629,48.452,2591.4,23.838,49.523,3078.2,23.003,67.985,263.39,326.15,95.147,76.865,30.991,9.1205,26.415,6.9052,20.126,1.7042,31.329,13.947,23.727,1.3009,19.759,2.2654,4.8872,2.4348,0.028048,0.91084,0.075921,54.468,43.102,62.819,53.086,85.872,53.141,18.271,41.455,33.545,45.431,58.658,40.836,18.34
173,0.87899,3637.7,4352.4,8.4459,27.007,42.1,2665.8,75.512,120.39,0.33288,80.955,50.919,2591.4,24.271,48.61,3077.2,22.065,68.062,265.19,326.45,95.057,77.275,31.085,9.1934,26.163,6.7704,20.206,1.6916,30.763,13.836,23.667,1.3936,20.817,2.3112,4.9874,2.2678,0.028048,0.91084,0.075921,54.468,43.102,63.056,53.104,86.433,56.445,18.431,40.859,40.804,43.317,58.991,39.336,20.531
174,0.87831,3618.5,4378.0,8.5042,26.977,42.086,2665.9,75.94,120.44,0.33113,81.159,48.309,2591.3,25.053,51.238,3076.2,22.66,68.19,268.21,325.99,95.127,77.242,31.085,9.1934,26.163,6.7704,20.206,1.6916,30.763,13.836,23.667,1.3936,20.817,2.3112,4.9874,2.2678,0.028048,0.91084,0.075921,54.468,43.102,63.386,52.797,86.499,55.148,18.306,41.072,33.125,49.4,59.206,41.065,19.097
175,0.87979,3681.1,4378.8,8.5787,26.673,42.346,2662.3,76.023,120.44,0.32357,81.223,49.076,2587.6,25.063,48.926,3074.3,22.558,68.319,268.24,325.77,94.872,77.171,30.926,9.2399,25.811,7.1372,20.279,1.6767,31.139,13.844,23.092,1.4456,20.402,2.3409,4.9834,2.3812,0.028048,0.91084,0.075921,54.468,43.102,63.532,52.358,86.916,54.148,18.105,39.126,35.38,44.048,59.682,40.922,19.33
176,0.88264,3668.7,4375.3,8.5141,26.546,42.232,2659.8,75.813,120.41,0.32066,81.146,49.76,2585.1,27.381,48.767,3070.4,22.61,68.43,272.36,326.2,95.055,76.623,30.926,9.2399,25.811,7.1372,20.279,1.6767,31.139,13.844,23.092,1.4456,20.402,2.3409,4.9834,2.3812,0.012719,0.94436,0.10207,53.767,44.046,63.747,52.4,86.636,55.068,18.068,39.482,37.394,43.68,60.64,40.454,19.244
177,0.91108,3600.9,4341.9,8.4781,26.692,42.139,2654.3,75.521,120.38,0.32137,80.813,48.861,2579.4,26.597,50.019,3064.6,22.913,68.46,271.94,326.2,95.102,76.87,31.58,8.8337,25.516,6.9591,20.175,1.7004,31.323,14.083,23.007,1.3501,20.619,2.3109,4.9889,2.3222,0.012719,0.94436,0.10207,53.767,44.046,61.628,52.372,89.291,56.388,18.034,39.648,34.747,46.578,61.526,39.366,18.538
178,0.90724,3574.0,4325.0,8.5493,26.974,42.025,2655.5,74.929,120.41,0.32043,81.045,48.92,2581.0,24.64,50.388,3064.9,22.777,68.485,275.42,326.94,95.324,77.176,31.58,8.8337,25.516,6.9591,20.175,1.7004,31.323,14.083,23.007,1.3501,20.619,2.3109,4.9889,2.3222,0.012719,0.94436,0.10207,53.767,44.046,62.09,52.575,89.669,55.278,18.695,39.762,34.922,47.432,62.063,39.291,18.849
179,0.85889,3647.4,4384.1,8.6068,26.843,42.714,2654.1,74.928,120.4,0.34945,81.161,51.523,2580.3,26.151,52.549,3065.3,23.416,68.581,279.68,326.91,95.15,77.313,31.152,9.1335,25.603,7.0876,20.307,1.6772,31.355,14.005,23.293,1.4589,20.668,2.3636,5.0388,2.3972,0.012719,0.94436,0.10207,53.767,44.046,62.233,51.878,83.884,56.542,18.389,42.826,42.583,52.433,62.524,40.412,17.308
180,0.8554,3649.0,4390.3,8.5743,26.875,42.168,2657.1,74.636,120.39,0.34927,81.437,49.856,2582.3,26.067,48.247,3066.4,22.815,68.697,279.0,327.68,95.078,77.303,31.152,9.1335,25.603,7.0876,20.307,1.6772,31.355,14.005,23.293,1.4589,20.668,2.3636,5.0388,2.3972,0.012719,0.94436,0.10207,53.767,44.046,62.205,51.803,84.228,56.068,18.444,42.848,37.676,42.476,63.418,39.029,18.704
181,0.90615,3594.7,4310.2,8.7273,26.621,42.011,2655.3,75.03,120.42,0.33883,81.32,48.601,2581.3,25.205,49.98,3065.5,23.387,68.849,282.78,327.46,95.062,77.298,31.329,9.0287,25.173,6.908,19.867,1.7163,31.494,14.09,23.085,1.402,20.658,2.3827,5.079,2.4122,0.024887,0.94575,0.098197,53.625,42.432,61.879,52.193,89.073,55.195,18.351,42.357,33.983,46.488,64.932,40.608,17.338
182,0.90397,3592.3,4330.8,8.6903,26.963,42.374,2656.7,74.205,120.39,0.33883,81.351,50.88,2582.7,24.768,50.835,3066.3,24.234,68.981,284.79,328.4,95.175,77.374,31.329,9.0287,25.173,6.908,19.867,1.7163,31.494,14.09,23.085,1.402,20.658,2.3827,5.079,2.4122,0.024887,0.94575,0.098197,53.625,42.432,61.921,51.946,89.287,56.253,18.686,42.358,40.69,48.465,66.022,39.228,15.307
183,0.89814,3657.7,4395.0,8.6832,26.783,42.751,2658.9,74.751,120.43,0.35154,81.408,49.431,2584.0,24.296,51.879,3068.4,23.888,69.12,288.48,328.53,94.835,77.671,30.845,9.0475,25.867,6.8811,20.054,1.6862,31.926,13.936,22.063,1.4927,20.862,2.3412,5.1575,2.4462,0.024887,0.94575,0.098197,53.625,42.432,62.261,52.037,88.416,57.072,18.646,43.403,36.426,50.882,66.956,40.594,16.09
184,0.90024,3644.3,4374.8,8.7832,27.283,42.14,2659.5,75.305,120.42,0.35413,81.468,51.404,2585.3,26.733,47.76,3069.4,22.044,69.238,294.34,329.64,94.965,77.339,30.845,9.0475,25.867,6.8811,20.054,1.6862,31.926,13.936,22.063,1.4927,20.862,2.3412,5.1575,2.4462,0.024887,0.94575,0.098197,53.625,42.432,62.491,52.279,88.209,56.317,18.913,43.088,42.232,41.35,67.69,40.123,20.467
185,0.95649,3655.2,4343.7,8.8148,26.971,42.481,2660.0,73.404,120.43,0.33447,81.325,49.965,2585.3,25.773,49.812,3070.1,22.576,69.357,297.46,330.04,94.724,77.488,31.407,9.1672,25.431,6.9892,19.629,1.7405,31.748,14.035,22.506,1.329,20.457,2.3252,5.0256,2.4157,0.024887,0.94575,0.098197,53.625,42.432,62.529,51.994,94.144,56.398,18.647,41.662,37.996,46.098,68.666,40.843,19.189
186,0.95694,3622.0,4314.5,8.6883,26.855,42.553,2660.4,74.673,120.4,0.33951,81.18,49.578,2585.7,26.823,49.716,3070.6,23.629,69.421,298.37,330.61,94.794,77.389,31.407,9.1672,25.431,6.9892,19.629,1.7405,31.748,14.035,22.506,1.329,20.457,2.3252,5.0256,2.4157,0.010096,0.94284,0.10445,54.12,44.165,63.1,52.342,94.099,57.996,18.573,41.048,36.86,45.878,70.07,39.61,16.693
187,0.9113,3632.7,4337.3,8.7279,26.928,42.268,2663.1,73.711,120.47,0.35192,81.327,49.357,2590.3,24.933,47.53,3069.9,23.24,69.532,303.86,332.56,94.562,78.08,31.33,9.148,25.3,6.8468,19.966,1.6655,31.983,13.943,22.749,1.5394,20.476,2.3603,5.1536,2.4622,0.010096,0.94284,0.10445,54.12,44.165,61.917,52.933,90.061,58.15,19.202,42.409,36.208,40.817,70.929,41.401,17.547
188,0.913,3625.4,4365.3,8.8521,26.636,42.395,2666.7,74.531,120.39,0.34917,81.505,48.882,2593.4,25.497,50.801,3072.4,21.749,69.694,303.86,333.87,94.863,77.655,31.33,9.148,25.3,6.8468,19.966,1.6655,31.983,13.943,22.749,1.5394,20.476,2.3603,5.1536,2.4622,0.010096,0.94284,0.10445,54.12,44.165,62.042,52.598,89.894,56.789,19.411,42.744,34.81,48.388,72.269,39.986,21.08
189,0.92933,3664.5,4293.1,8.8647,26.569,42.685,2666.0,73.744,120.43,0.34245,81.203,52.1,2593.2,24.392,49.661,3071.5,22.296,69.814,310.47,334.27,94.56,77.328,31.855,8.9704,25.225,6.9087,19.671,1.7104,32.587,13.959,22.204,1.3719,19.49,2.3506,5.0978,2.3537,0.010096,0.94284,0.10445,54.12,44.165,62.586,52.463,91.433,56.419,19.557,41.348,44.279,45.749,73.015,41.57,19.796
190,0.92771,3664.1,4312.5,8.8773,26.932,42.866,2665.3,73.553,120.39,0.34468,80.974,50.182,2593.0,25.586,51.961,3071.9,22.458,69.863,314.23,335.42,94.603,77.108,31.855,8.9704,25.225,6.9087,19.671,1.7104,32.587,13.959,22.204,1.3719,19.49,2.3506,5.0978,2.3537,0.010096,0.94284,0.10445,54.12,44.165,62.593,52.231,91.593,57.281,19.517,41.076,38.634,51.072,74.016,40.731,19.437
191,0.88549,3640.6,4372.6,8.9847,26.507,42.415,2667.4,73.46,120.42,0.34555,80.893,49.305,2594.8,24.946,51.743,3071.0,22.679,69.871,318.72,337.05,94.691,77.655,32.052,9.1254,25.425,6.773,19.62,1.7351,32.298,14.022,22.058,1.3395,20.111,2.3712,5.1496,2.5005,0.015244,0.90378,0.10981,53.691,44.123,62.458,52.061,86.967,57.934,20.214,41.588,36.056,50.568,75.074,41.44,18.874
192,0.88331,3605.2,4337.2,8.8933,26.889,42.356,2671.8,74.032,120.4,0.34394,81.119,51.595,2599.5,25.619,50.206,3074.4,22.765,69.968,321.96,338.17,94.526,78.102,32.052,9.1254,25.425,6.773,19.62,1.7351,32.298,14.022,22.058,1.3395,20.111,2.3712,5.1496,2.5005,0.015244,0.90378,0.10981,53.691,44.123,63.067,52.484,87.182,57.728,20.51,41.784,42.794,47.011,76.167,40.872,18.615
193,0.8671,3670.4,4413.1,8.7743,26.945,42.208,2674.8,73.785,120.45,0.35132,81.295,50.359,2603.8,25.664,47.121,3075.6,23.168,70.184,322.15,339.16,94.421,77.932,32.826,9.0151,25.418,6.9314,19.422,1.6695,33.415,13.941,22.191,1.1517,19.206,2.3834,4.9737,2.4841,0.015244,0.90378,0.10981,53.691,44.123,63.173,51.553,85.513,59.697,20.915,42.83,39.157,39.871,77.524,42.592,17.627
194,0.86908,3646.8,4358.7,9.0511,26.899,42.41,2676.9,73.981,120.41,0.35329,81.297,49.06,2605.6,24.957,49.117,3077.2,23.455,70.345,325.82,339.48,94.472,77.845,32.826,9.0151,25.418,6.9314,19.422,1.6695,33.415,13.941,22.191,1.1517,19.206,2.3834,4.9737,2.4841,0.015244,0.90378,0.10981,53.691,44.123,63.581,52.204,85.318,57.621,20.957,42.59,35.335,44.49,78.561,41.058,16.91
195,0.78826,3602.5,4392.1,8.8666,26.653,42.609,2675.1,73.503,120.41,0.34568,81.102,49.203,2603.7,24.788,50.776,3075.4,22.039,70.483,328.35,340.93,94.379,77.777,32.708,9.0758,25.486,6.8134,19.792,1.7124,33.342,13.889,22.071,1.2496,19.397,2.3322,5.074,2.4472,0.015244,0.90378,0.10981,53.691,44.123,62.98,52.165,78.038,60.387,21.127,41.58,35.756,48.33,79.695,41.837,20.253
196,0.79262,3586.8,4358.9,8.9059,27.004,42.604,2676.5,73.092,120.39,0.34806,80.924,51.009,2604.5,24.457,49.453,3073.8,21.867,70.56,330.46,341.39,94.583,77.464,32.708,9.0758,25.486,6.8134,19.792,1.7124,33.342,13.889,22.071,1.2496,19.397,2.3322,5.074,2.4472,0.0039026,0.85276,0.09601,54.04,42.304,63.252,52.563,77.609,60.733,21.684,41.29,41.07,45.268,80.024,40.792,20.674
197,0.7948,3662.7,4353.3,8.9824,26.981,42.615,2675.0,73.783,120.4,0.34426,80.582,50.491,2603.6,24.788,49.024,3073.1,23.657,70.534,334.52,342.02,94.412,77.367,32.364,8.9553,24.981,6.8365,19.26,1.721,33.796,13.959,21.786,1.432,19.132,2.3073,5.051,2.4033,0.0039026,0.85276,0.09601,54.04,42.304,62.99,51.583,78.452,58.174,21.509,40.497,39.546,44.274,80.659,41.568,16.446
198,0.79466,3671.1,4351.3,9.0665,26.713,42.5,2678.0,73.475,120.38,0.34278,80.561,50.104,2606.2,26.37,50.203,3074.8,23.617,70.514,334.91,342.86,94.577,77.774,32.364,8.9553,24.981,6.8365,19.26,1.721,33.796,13.959,21.786,1.432,19.132,2.3073,5.051,2.4033,0.0039026,0.85276,0.09601,54.04,42.304,62.845,51.606,78.465,60.407,21.714,40.677,38.407,47.004,81.621,41.393,16.509
199,0.82441,3665.9,4350.5,9.1129,27.141,42.367,2682.0,72.904,120.41,0.34838,80.675,50.908,2611.1,24.075,50.488,3078.4,23.402,70.56,340.93,343.62,94.396,77.828,32.696,8.9257,25.323,6.8275,18.617,1.7143,33.862,13.795,22.35,1.3279,19.089,2.3833,5.0481,2.4169,0.0039026,0.85276,0.09601,54.04,42.304,62.785,52.796,81.375,58.4,22.265,42.008,40.773,47.664,82.076,42.048,16.996
200,0.82356,3630.3,4362.5,9.0422,26.708,42.375,2688.1,73.543,120.39,0.35163,80.91,49.649,2617.8,25.475,52.02,3082.9,23.762,70.695,340.82,344.54,94.263,78.04,32.696,8.9257,25.323,6.8275,18.617,1.7143,33.862,13.795,22.35,1.3279,19.089,2.3833,5.0481,2.4169,0.0039026,0.85276,0.09601,54.04,42.304,63.398,52.652,81.458,58.83,22.384,41.611,37.068,51.209,83.072,41.898,16.092
201,0.78953,3667.2,4431.7,9.0078,26.98,43.013,2693.6,73.778,120.43,0.33594,81.136,48.471,2623.6,26.133,50.295,3088.6,23.401,70.86,339.54,345.42,94.289,78.022,32.997,8.8079,25.612,6.9433,18.624,1.7034,33.802,13.918,22.953,1.3278,18.878,2.3595,5.0001,2.321,0.026834,0.80299,0.091605,52.724,43.279,62.89,53.375,77.784,59.575,22.461,39.23,33.599,47.216,82.933,42.497,16.898
202,0.79308,3670.1,4489.1,9.0744,27.161,41.961,2693.9,73.489,120.39,0.33488,80.7,50.271,2623.1,25.934,49.2,3089.1,23.51,70.899,342.59,345.96,94.352,77.65,32.997,8.8079,25.612,6.9433,18.624,1.7034,33.802,13.918,22.953,1.3278,18.878,2.3595,5.0001,2.321,0.026834,0.80299,0.091605,52.724,43.279,62.839,52.688,77.436,57.639,22.714,39.359,38.898,44.683,83.103,41.715,16.652
203,0.7525,3640.8,4440.9,9.1363,26.849,42.68,2692.9,74.211,120.38,0.35005,80.444,49.709,2622.9,25.403,50.668,3087.4,24.108,70.897,343.64,346.78,94.385,77.644,33.405,9.0364,25.264,6.7811,18.333,1.7182,34.306,13.744,22.579,1.2811,18.64,2.3707,5.0905,2.4622,0.026834,0.80299,0.091605,52.724,43.279,62.324,53.273,74.355,58.513,23.015,40.841,37.243,48.08,83.454,41.675,15.231
204,0.75561,3627.0,4426.4,8.9858,26.757,42.466,2696.7,73.899,120.38,0.34535,80.353,50.11,2626.9,24.836,51.789,3088.3,24.063,70.856,346.54,347.45,94.369,77.739,33.405,9.0364,25.264,6.7811,18.333,1.7182,34.306,13.744,22.579,1.2811,18.64,2.3707,5.0905,2.4622,0.026834,0.80299,0.091605,52.724,43.279,62.561,53.446,74.05,62.58,23.2,41.414,38.424,50.675,83.644,41.356,15.324
205,0.70278,3688.2,4507.6,8.9545,27.226,42.573,2700.5,73.785,120.41,0.33042,80.384,49.506,2630.6,24.827,49.597,3092.2,23.416,70.831,346.89,347.92,94.448,77.543,32.594,8.974,25.713,6.8205,18.114,1.7198,34.178,13.866,22.777,1.0914,18.217,2.3182,4.9843,2.3905,0.026834,0.80299,0.091605,52.724,43.279,62.951,53.237,69.416,60.595,23.658,38.581,36.645,45.601,84.061,42.174,16.858
206,0.70319,3678.3,4441.4,9.0023,26.78,42.163,2700.7,73.148,120.41,0.32659,80.136,50.775,2630.5,24.801,48.753,3093.5,24.951,70.819,343.91,348.03,94.278,77.527,32.594,8.974,25.713,6.8205,18.114,1.7198,34.178,13.866,22.777,1.0914,18.217,2.3182,4.9843,2.3905,0.018076,0.778,0.10169,53.775,44.425,63.121,54.031,69.376,61.777,23.169,39.048,40.379,43.648,83.487,41.683,13.219
207,0.7745,3687.5,4462.0,9.0802,26.581,42.222,2706.5,72.843,120.4,0.3422,80.359,49.152,2637.5,22.976,47.565,3097.4,21.767,70.782,343.04,348.83,94.221,78.005,32.463,8.996,26.048,6.8074,18.133,1.663,34.318,13.796,22.69,1.1595,18.273,2.2932,4.9696,2.3308,0.018076,0.778,0.10169,53.775,44.425,62.692,54.416,76.117,57.862,23.509,40.382,35.603,40.899,83.453,42.031,20.722
208,0.7743,3665.2,4539.2,9.1146,26.787,42.533,2709.2,75.191,120.38,0.34847,80.189,50.483,2639.5,24.93,48.521,3101.4,23.977,70.764,344.77,349.06,94.165,77.676,32.463,8.996,26.048,6.8074,18.133,1.663,34.318,13.796,22.69,1.1595,18.273,2.2932,4.9696,2.3308,0.018076,0.778,0.10169,53.775,44.425,63.077,53.492,76.136,58.547,23.508,39.618,39.522,43.11,83.19,41.56,15.489
209,0.78334,3654.1,4488.5,9.0565,26.682,42.431,2714.2,73.557,120.42,0.33796,80.373,48.972,2645.5,25.134,50.026,3105.5,23.093,70.742,343.65,349.46,94.256,78.244,32.996,8.9666,25.744,6.7505,18.016,1.6846,34.647,13.643,23.42,0.99848,18.191,2.3352,4.7795,2.244,0.018076,0.778,0.10169,53.775,44.425,63.447,54.16,77.061,58.313,23.878,39.057,35.075,46.594,83.18,42.471,17.526
210,0.78482,3702.0,4504.6,9.0964,27.008,42.895,2717.8,74.819,120.41,0.33763,80.373,49.704,2648.8,23.865,49.631,3107.2,23.043,70.807,343.44,350.11,94.135,78.051,32.996,8.9666,25.744,6.7505,18.016,1.6846,34.647,13.643,23.42,0.99848,18.191,2.3352,4.7795,2.244,0.018076,0.778,0.10169,53.775,44.425,62.624,53.967,76.915,57.487,24.617,39.098,37.23,45.679,83.085,42.507,17.627
211,0.72628,3663.4,4473.2,9.1174,26.871,42.166,2718.4,73.508,120.4,0.31989,80.214,48.538,2649.3,24.246,50.813,3107.9,22.308,70.807,341.61,350.53,94.09,77.596,33.01,8.8027,26.037,6.8072,17.789,1.6908,34.394,13.779,22.988,1.2345,18.122,2.3038,4.8832,2.3512,0.023976,0.75361,0.1027,53.893,43.803,63.884,54.749,71.408,59.003,24.324,36.99,33.796,48.414,82.413,42.42,19.384
212,0.7274,3678.8,4527.6,9.0327,27.278,42.5,2716.0,74.489,120.39,0.31962,79.853,47.454,2647.0,24.116,49.33,3107.0,22.764,70.695,341.43,350.72,94.134,77.298,33.01,8.8027,26.037,6.8072,17.789,1.6908,34.394,13.779,22.988,1.2345,18.122,2.3038,4.8832,2.3512,0.023976,0.75361,0.1027,53.893,43.803,63.619,54.097,71.298,59.177,24.606,37.024,30.609,44.984,82.009,41.616,18.331
213,0.71979,3652.3,4555.6,9.0769,26.628,42.694,2717.2,74.292,120.4,0.3363,79.702,50.495,2648.2,22.882,51.064,3105.2,23.729,70.583,342.08,351.39,94.208,77.337,33.218,8.9112,26.368,6.8411,18.168,1.6555,34.47,13.603,23.374,1.2869,17.434,2.2762,4.915,2.3203,0.023976,0.75361,0.1027,53.893,43.803,63.675,54.468,70.125,59.878,24.579,38.487,39.555,48.996,81.538,42.257,16.054
214,0.71578,3669.4,4524.2,9.0678,27.109,42.071,2719.7,73.976,120.38,0.33387,79.849,48.913,2651.4,23.299,50.49,3107.4,22.727,70.474,339.66,350.92,94.304,77.856,33.218,8.9112,26.368,6.8411,18.168,1.6555,34.47,13.603,23.374,1.2869,17.434,2.2762,4.915,2.3203,0.023976,0.75361,0.1027,53.893,43.803,63.38,54.844,70.52,60.335,24.79,38.782,34.901,47.669,81.345,41.281,18.392
215,0.68704,3675.4,4572.2,9.1309,26.963,42.317,2721.3,74.71,120.41,0.31594,79.952,50.003,2652.8,25.337,50.564,3110.0,21.078,70.459,339.45,350.86,94.109,77.455,33.457,8.9687,26.213,6.7623,18.021,1.6822,34.083,13.996,23.647,1.1574,17.475,2.2661,4.7996,2.2158,0.023976,0.75361,0.1027,53.893,43.803,63.034,53.472,67.498,57.179,24.472,36.064,38.107,47.839,80.95,42.256,22.318
216,0.68719,3646.4,4500.0,9.0144,26.89,42.068,2722.1,75.057,120.4,0.31226,79.818,50.94,2653.4,24.379,49.207,3109.4,22.637,70.401,338.24,350.7,94.374,77.554,33.457,8.9687,26.213,6.7623,18.021,1.6822,34.083,13.996,23.647,1.1574,17.475,2.2661,4.7996,2.2158,0.014658,0.71774,0.10306,53.996,44.394,63.533,54.336,67.483,58.379,24.671,36.513,40.866,44.699,79.9,40.955,18.613
217,0.65223,3670.3,4513.2,9.0989,27.077,42.253,2723.7,74.174,120.42,0.35756,80.033,49.133,2655.9,24.89,49.826,3111.0,23.173,70.35,336.62,350.49,94.104,78.17,32.732,8.747,25.97,6.975,17.517,1.6739,34.842,13.775,23.352,1.224,17.559,2.2687,4.7663,2.3125,0.014658,0.71774,0.10306,53.996,44.394,63.889,54.654,64.019,57.96,25.168,41.454,35.548,46.132,79.311,42.188,17.275
218,0.65306,3679.7,4538.6,8.8745,27.161,42.353,2722.7,75.127,120.37,0.35359,80.076,49.961,2653.9,23.809,48.495,3109.6,22.427,70.373,334.4,349.87,94.318,77.612,32.732,8.747,25.97,6.975,17.517,1.6739,34.842,13.775,23.352,1.224,17.559,2.2687,4.7663,2.3125,0.014658,0.71774,0.10306,53.996,44.394,63.727,54.35,63.938,60.938,24.788,41.938,37.984,43.052,78.771,41.495,19.064
219,0.7121,3608.0,4589.7,8.8495,26.576,42.476,2722.1,74.842,120.38,0.32891,79.832,50.749,2653.5,25.201,49.782,3110.2,22.184,70.298,330.62,350.03,94.213,77.538,33.075,8.6958,26.856,7.0233,17.731,1.6635,34.492,13.778,24.003,1.1444,17.362,2.2755,4.8184,2.2476,0.014658,0.71774,0.10306,53.996,44.394,63.107,55.146,70.077,60.068,24.405,39.129,40.305,46.03,78.378,41.378,19.651
220,0.71102,3653.1,4623.7,8.9557,26.687,41.985,2722.5,75.737,120.39,0.33387,79.695,50.162,2653.3,24.745,48.797,3111.2,22.767,70.216,331.7,350.06,94.523,77.432,33.075,8.6958,26.856,7.0233,17.731,1.6635,34.492,13.778,24.003,1.1444,17.362,2.2755,4.8184,2.2476,0.014658,0.71774,0.10306,53.996,44.394,62.332,54.738,70.183,58.836,24.405,38.525,38.576,43.75,77.555,41.686,18.284
221,0.67206,3609.6,4581.3,8.7559,26.999,42.693,2723.4,75.374,120.36,0.33179,79.626,49.809,2653.6,26.135,49.802,3111.1,22.364,70.086,324.87,350.19,94.464,77.307,33.272,8.7369,26.904,6.9457,17.468,1.711,34.585,13.616,23.946,1.1989,17.194,2.2935,4.8336,2.2771,-0.0006233,0.7244,0.10848,54.475,43.278,62.546,54.915,66.012,60.742,24.718,38.784,37.539,46.075,76.347,40.571,19.264
222,0.67035,3614.2,4551.6,9.0964,26.816,42.684,2724.3,74.819,120.39,0.33443,79.577,49.659,2655.5,24.008,49.084,3111.3,23.133,69.928,322.13,350.02,94.629,77.338,33.272,8.7369,26.904,6.9457,17.468,1.711,34.585,13.616,23.946,1.1989,17.194,2.2935,4.8336,2.2771,-0.0006233,0.7244,0.10848,54.475,43.278,62.467,55.27,66.181,57.88,24.698,38.462,37.096,44.415,75.4,41.611,17.444
223,0.64389,3635.5,4624.7,8.9864,27.132,42.126,2726.8,74.924,120.39,0.31647,79.72,50.257,2657.5,24.902,50.098,3114.4,22.555,69.794,320.0,349.52,94.477,77.703,32.998,8.7438,26.328,6.8057,18.125,1.6652,34.389,13.537,24.242,1.0363,17.501,2.2917,4.8287,2.1797,-0.0006233,0.7244,0.10848,54.475,43.278,62.685,55.238,63.013,58.841,24.846,36.144,38.857,46.76,74.404,41.035,18.79
224,0.64151,3618.2,4626.4,8.8422,26.59,42.352,2730.2,75.577,120.41,0.31386,80.045,48.886,2661.4,24.683,50.595,3118.1,23.15,69.747,319.06,348.73,94.545,78.003,32.998,8.7438,26.328,6.8057,18.125,1.6652,34.389,13.537,24.242,1.0363,17.501,2.2917,4.8287,2.1797,-0.0006233,0.7244,0.10848,54.475,43.278,62.982,55.217,63.248,61.507,24.5,36.462,34.822,47.912,73.3,41.826,17.332
225,0.65664,3676.5,4544.0,8.8465,26.922,42.152,2729.0,76.539,120.43,0.30389,80.017,50.807,2660.4,25.492,50.47,3118.7,22.006,69.761,315.36,348.34,94.34,77.29,32.968,8.7884,26.493,6.9251,18.104,1.6365,34.045,13.834,23.947,1.0996,17.865,2.2891,4.6977,2.2293,-0.0006233,0.7244,0.10848,54.475,43.278,63.213,54.756,65.041,58.598,24.627,35.202,40.475,47.622,72.441,41.472,20.074
226,0.6586,3655.3,4563.4,8.7438,27.144,41.985,2727.3,74.928,120.41,0.30457,79.854,49.306,2658.2,25.782,49.567,3115.7,23.127,69.701,310.28,348.09,94.432,77.309,32.968,8.7884,26.493,6.9251,18.104,1.6365,34.045,13.834,23.947,1.0996,17.865,2.2891,4.6977,2.2293,0.017409,0.73439,0.094199,53.685,44.467,63.578,54.524,64.848,59.482,24.582,35.119,36.058,45.533,71.674,41.196,17.417
227,0.654,3660.5,4541.9,8.7453,27.047,42.04,2721.0,74.801,120.37,0.33309,79.469,51.442,2650.6,26.017,49.47,3112.1,22.349,69.492,306.45,347.46,94.531,76.818,32.52,8.8458,26.712,6.8288,18.052,1.6778,33.959,13.597,23.81,1.2167,17.629,2.3135,4.7728,2.3127,0.017409,0.73439,0.094199,53.685,44.467,62.457,54.945,64.251,56.247,23.924,39.376,42.343,45.306,70.827,40.587,19.328
228,0.65212,3625.2,4565.0,8.8956,27.267,41.971,2720.3,75.707,120.38,0.3323,79.589,47.769,2651.3,28.927,49.4,3109.7,22.057,69.286,305.16,347.15,94.672,77.734,32.52,8.8458,26.712,6.8288,18.052,1.6778,33.959,13.597,23.81,1.2167,17.629,2.3135,4.7728,2.3127,0.017409,0.73439,0.094199,53.685,44.467,63.065,54.669,64.436,56.542,24.483,39.473,31.534,45.145,69.762,40.711,19.968
229,0.69057,3676.2,4609.5,8.8501,26.864,42.062,2721.5,76.429,120.39,0.3077,79.802,50.013,2651.9,24.384,50.422,3112.1,22.38,69.239,302.64,346.24,94.539,77.538,32.781,8.707,26.556,6.9002,17.921,1.6562,33.992,13.583,24.106,1.2611,17.166,2.2799,4.847,2.2909,0.017409,0.73439,0.094199,53.685,44.467,63.036,54.38,68.038,56.892,23.913,35.973,38.137,47.511,68.805,40.424,19.21
230,0.69195,3674.1,4564.3,8.8961,26.921,42.191,2721.6,75.484,120.41,0.30784,79.901,48.525,2650.6,26.011,50.791,3113.4,22.76,69.159,297.7,345.89,94.549,77.625,32.781,8.707,26.556,6.9002,17.921,1.6562,33.992,13.583,24.106,1.2611,17.166,2.2799,4.847,2.2909,0.017409,0.73439,0.094199,53.685,44.467,63.073,54.922,67.903,55.601,23.341,35.955,33.758,48.364,68.068,41.56,18.295
231,0.66026,3666.3,4569.8,8.7964,26.785,42.026,2720.6,75.232,120.38,0.30466,79.956,50.649,2650.2,24.195,50.563,3112.4,22.397,69.102,296.76,345.44,94.504,77.244,32.041,8.816,26.87,6.898,18.286,1.682,33.938,13.838,24.605,1.1797,17.778,2.252,4.7851,2.234,0.011535,0.72934,0.073916,53.299,44.598,62.596,55.31,65.114,57.717,23.469,35.615,40.009,47.838,67.039,40.639,19.18
232,0.66137,3673.8,4591.8,8.6176,26.747,42.295,2718.2,75.887,120.41,0.30582,79.827,48.712,2647.7,25.671,50.49,3108.8,22.37,69.031,294.99,345.19,94.758,76.878,32.041,8.816,26.87,6.898,18.286,1.682,33.938,13.838,24.605,1.1797,17.778,2.252,4.7851,2.234,0.011535,0.72934,0.073916,53.299,44.598,62.467,55.046,65.005,57.16,23.421,35.474,34.31,47.668,66.053,41.032,19.287
233,0.73107,3623.6,4597.6,8.7295,27.186,41.913,2713.6,76.607,120.36,0.32729,79.418,49.78,2643.3,25.317,49.336,3105.5,22.596,68.833,292.01,344.62,94.662,76.882,32.191,8.6296,26.704,6.7549,17.904,1.6992,33.547,13.676,24.255,1.1553,17.915,2.299,4.7871,2.3161,0.011535,0.72934,0.073916,53.299,44.598,63.335,54.195,71.77,59.811,23.548,39.53,37.454,44.997,65.187,40.418,18.8
234,0.73147,3664.8,4546.8,8.743,26.72,41.902,2714.3,75.538,120.41,0.32792,79.656,49.258,2643.5,24.025,49.433,3106.2,22.462,68.663,287.91,344.47,94.85,77.559,32.191,8.6296,26.704,6.7549,17.904,1.6992,33.547,13.676,24.255,1.1553,17.915,2.299,4.7871,2.3161,0.011535,0.72934,0.073916,53.299,44.598,62.625,54.803,71.73,56.16,23.447,39.453,35.915,45.222,64.426,41.081,19.086
235,0.71775,3700.7,4594.2,8.8101,27.159,42.557,2713.5,75.984,120.41,0.31412,79.786,48.58,2642.4,25.094,50.804,3108.7,24.466,68.593,286.44,343.13,94.602,77.157,32.555,8.9338,26.276,6.8416,18.194,1.6622,33.146,13.82,24.729,1.3183,17.675,2.2628,4.8455,2.2154,0.011535,0.72934,0.073916,53.299,44.598,63.315,55.288,70.365,57.376,22.804,36.691,33.922,48.394,63.432,40.382,14.359
236,0.71726,3702.9,4585.7,8.6423,26.994,42.061,2712.6,75.639,120.45,0.31057,79.875,49.573,2642.0,25.363,49.214,3107.7,21.999,68.478,281.3,343.05,94.655,77.04,32.555,8.9338,26.276,6.8416,18.194,1.6622,33.146,13.82,24.729,1.3183,17.675,2.2628,4.8455,2.2154,-0.0013514,0.77018,0.090204,53.134,43.7,63.276,55.39,70.412,56.879,23.032,37.124,36.843,44.715,62.454,41.44,20.231
237,0.68048,3667.1,4596.1,8.5836,27.134,41.755,2710.2,75.949,120.38,0.32447,79.986,49.6,2639.4,25.1,49.668,3104.3,22.726,68.435,278.06,342.23,94.553,77.644,31.866,8.8395,26.665,6.9168,18.515,1.6849,32.792,13.718,24.601,1.2445,18.305,2.3108,4.799,2.2456,-0.0013514,0.77018,0.090204,53.134,43.7,63.213,54.674,66.724,56.822,22.944,39.168,36.923,45.767,61.485,40.156,18.465
238,0.68123,3657.0,4563.0,8.5162,26.84,42.28,2708.3,76.048,120.41,0.32799,80.242,49.295,2637.4,25.027,50.766,3104.6,21.677,68.39,274.78,341.77,94.76,77.237,31.866,8.8395,26.665,6.9168,18.515,1.6849,32.792,13.718,24.601,1.2445,18.305,2.3108,4.799,2.2456,-0.0013514,0.77018,0.090204,53.134,43.7,63.386,55.071,66.65,58.772,22.356,38.738,36.026,48.308,60.521,41.496,20.97
239,0.74628,3625.8,4542.5,8.6788,26.995,41.609,2705.0,76.079,120.4,0.3169,80.05,49.666,2633.3,25.207,50.194,3101.6,23.188,68.287,270.88,340.78,94.575,77.144,32.065,8.8719,26.299,6.7838,18.428,1.6828,32.837,13.721,24.585,1.1001,18.215,2.292,4.8039,2.237,-0.0013514,0.77018,0.090204,53.134,43.7,63.266,54.599,73.322,57.072,22.05,37.285,37.116,46.983,59.616,40.93,17.409
240,0.74572,3639.3,4528.3,8.6682,26.656,42.104,2704.6,74.823,120.38,0.31531,80.236,50.031,2633.3,24.622,48.879,3100.9,22.877,68.205,266.27,340.27,94.946,77.344,32.065,8.8719,26.299,6.7838,18.428,1.6828,32.837,13.721,24.585,1.1001,18.215,2.292,4.8039,2.237,-0.0013514,0.77018,0.090204,53.134,43.7,63.033,54.769,73.378,55.172,22.146,37.479,38.191,43.94,58.781,40.49,18.135
241,0.72919,3693.1,4548.8,8.5674,26.957,42.31,2702.6,76.186,120.4,0.31507,80.221,49.873,2631.0,24.6,49.416,3099.4,23.223,68.12,265.09,340.13,94.757,77.16,31.888,8.9123,26.61,6.8842,18.929,1.7026,33.08,13.75,23.855,1.2979,18.633,2.281,4.9088,2.341,0.025666,0.79066,0.090632,53.851,43.355,63.305,54.789,71.662,57.02,22.038,37.446,37.728,45.183,58.533,40.705,17.331
242,0.73034,3682.0,4559.5,8.7378,26.598,41.942,2697.5,75.789,120.41,0.31306,80.011,50.715,2626.0,24.075,49.647,3095.6,22.709,68.034,262.69,339.42,94.742,76.74,31.888,8.9123,26.61,6.8842,18.929,1.7026,33.08,13.75,23.855,1.2979,18.633,2.281,4.9088,2.341,0.025666,0.79066,0.090632,53.851,43.355,63.495,54.662,71.549,56.421,21.688,37.691,40.203,45.717,57.895,40.763,18.61
243,0.75029,3664.3,4459.4,8.6779,26.808,42.095,2694.8,76.274,120.38,0.31401,80.021,48.605,2622.7,25.232,50.285,3093.8,23.53,67.895,260.55,338.34,94.838,76.993,31.982,8.8359,26.492,6.7539,18.849,1.7209,32.98,13.794,23.957,1.315,18.562,2.2779,4.8519,2.2222,0.025666,0.79066,0.090632,53.851,43.355,62.964,54.646,73.4,54.155,21.27,38.206,33.995,47.193,57.243,40.603,16.666
244,0.74867,3669.3,4508.3,8.4732,26.585,41.938,2695.2,75.568,120.4,0.31683,80.4,49.291,2624.9,24.897,51.938,3092.7,23.266,67.831,259.87,338.41,94.743,77.341,31.982,8.8359,26.492,6.7539,18.849,1.7209,32.98,13.794,23.957,1.315,18.562,2.2779,4.8519,2.2222,0.025666,0.79066,0.090632,53.851,43.355,62.879,54.062,73.56,57.163,21.809,37.861,36.013,51.018,56.459,41.08,17.263
245,0.74304,3680.0,4532.8,8.5356,26.861,42.342,2694.1,76.213,120.39,0.31948,80.55,50.181,2622.8,25.135,50.45,3092.4,22.699,67.828,253.88,337.61,94.807,76.947,32.051,8.7882,26.255,6.7421,18.78,1.7194,32.429,13.834,23.972,1.1397,18.639,2.3331,4.857,2.2617,0.025666,0.79066,0.090632,53.851,43.355,63.896,53.945,72.837,57.39,21.487,38.639,38.632,47.576,56.146,41.087,18.629
246,0.74059,3691.3,4573.6,8.6312,26.947,42.127,2689.7,76.249,120.4,0.32322,80.458,49.203,2617.4,25.278,50.687,3089.7,23.632,67.797,254.87,336.8,94.65,77.18,32.051,8.7882,26.255,6.7421,18.78,1.7194,32.429,13.834,23.972,1.1397,18.639,2.3331,4.857,2.2617,0.033202,0.8207,0.11222,53.711,44.298,63.702,53.457,73.078,55.269,21.049,38.183,35.753,48.124,55.638,40.165,16.401
247,0.7352,3676.4,4538.9,8.6715,26.986,42.158,2685.9,76.659,120.4,0.32306,80.476,48.352,2613.1,24.879,49.422,3087.7,22.355,67.748,253.0,336.54,94.783,76.707,31.693,9.092,26.162,6.7681,19.121,1.7583,32.767,13.695,24.348,1.3457,19.082,2.2936,4.9532,2.2031,0.033202,0.8207,0.11222,53.711,44.298,64.188,54.035,72.656,58.424,20.839,39.277,33.25,45.196,55.147,41.109,19.474
248,0.73753,3705.0,4512.6,8.7237,27.164,42.204,2680.8,75.47,120.38,0.32796,80.368,51.422,2608.4,24.758,50.411,3083.6,22.434,67.656,252.87,335.07,94.755,77.199,31.693,9.092,26.162,6.7681,19.121,1.7583,32.767,13.695,24.348,1.3457,19.082,2.2936,4.9532,2.2031,0.033202,0.8207,0.11222,53.711,44.298,63.697,54.349,72.426,55.746,20.805,38.679,42.284,47.484,54.508,39.487,19.277
249,0.77371,3695.0,4492.9,8.6733,26.879,42.396,2679.5,75.263,120.41,0.31082,80.474,51.079,2606.7,26.268,50.378,3081.2,22.005,67.6,250.28,334.86,94.814,77.048,31.818,8.9974,26.193,6.87,19.109,1.7394,32.481,13.63,23.76,1.0895,19.043,2.3206,4.8549,2.2707,0.033202,0.8207,0.11222,53.711,44.298,63.76,53.719,76.319,55.633,20.468,36.968,41.274,47.409,54.088,41.416,20.325
250,0.77342,3685.9,4528.3,8.5468,26.46,42.157,2677.6,75.668,120.39,0.30819,80.622,52.577,2605.0,23.884,50.257,3080.3,24.585,67.543,246.22,333.66,94.805,77.343,31.818,8.9974,26.193,6.87,19.109,1.7394,32.481,13.63,23.76,1.0895,19.043,2.3206,4.8549,2.2707,0.033202,0.8207,0.11222,53.711,44.298,63.917,53.295,76.348,56.256,20.253,37.289,45.684,47.129,53.802,40.848,14.182
251,0.76777,3651.7,4479.6,8.5798,26.844,41.864,2679.1,75.87,120.41,0.2972,81.037,49.747,2607.1,23.185,50.076,3081.3,22.728,67.597,245.17,333.74,94.745,77.304,31.336,8.8237,26.187,7.0114,19.519,1.6744,32.359,13.819,23.769,1.305,19.178,2.2805,4.8998,2.29,0.016098,0.84366,0.10339,53.667,43.859,63.67,53.852,75.413,57.23,20.577,36.654,37.354,46.711,53.957,40.893,18.571
252,0.76894,3649.7,4447.3,8.5045,26.85,42.18,2674.7,76.614,120.4,0.29852,80.836,51.31,2602.0,25.702,49.684,3078.5,23.165,67.601,245.53,332.94,94.806,77.108,31.336,8.8237,26.187,7.0114,19.519,1.6744,32.359,13.819,23.769,1.305,19.178,2.2805,4.8998,2.29,0.016098,0.84366,0.10339,53.667,43.859,63.705,54.239,75.298,56.591,19.729,36.493,41.955,45.803,53.584,40.097,17.557
253,0.81922,3649.4,4426.7,8.6103,26.726,42.072,2672.5,76.54,120.38,0.31656,80.803,48.404,2598.6,25.771,50.059,3076.5,23.125,67.588,244.46,333.1,94.893,77.165,31.62,9.0865,25.92,7.2371,19.224,1.6775,32.27,13.882,23.624,1.4296,19.17,2.2955,4.9832,2.3722,0.016098,0.84366,0.10339,53.667,43.859,62.415,53.387,80.761,56.356,19.817,39.182,33.403,46.671,53.339,39.92,17.661
254,0.81947,3634.2,4434.1,8.7309,26.834,42.091,2671.3,76.751,120.39,0.31465,80.778,49.816,2597.6,26.696,49.822,3076.4,22.906,67.537,244.14,332.52,95.081,77.035,31.62,9.0865,25.92,7.2371,19.224,1.6775,32.27,13.882,23.624,1.4296,19.17,2.2955,4.9832,2.3722,0.016098,0.84366,0.10339,53.667,43.859,62.676,53.299,80.736,56.433,19.713,39.416,37.557,46.121,53.032,40.511,18.205
255,0.79834,3561.9,4469.4,8.6113,26.705,41.922,2670.1,75.36,120.38,0.32028,80.741,50.099,2596.0,26.402,50.578,3075.1,22.27,67.467,245.56,332.36,95.166,77.216,31.339,8.9758,25.89,6.9848,19.245,1.6497,32.026,13.767,23.997,1.3923,19.363,2.3168,5.0758,2.314,0.016098,0.84366,0.10339,53.667,43.859,61.712,53.5,78.88,56.116,19.577,40.461,38.391,47.871,52.573,39.477,19.716
256,0.79914,3575.5,4465.2,8.5573,26.836,42.294,2674.0,76.12,120.39,0.32399,81.113,50.114,2600.6,25.097,50.494,3076.8,22.904,67.468,246.52,332.91,95.149,78.038,31.339,8.9758,25.89,6.9848,19.245,1.6497,32.026,13.767,23.997,1.3923,19.363,2.3168,5.0758,2.314,0.019304,0.88246,0.09865,54.131,44.002,61.478,53.55,78.801,59.346,19.976,40.008,38.437,47.678,52.733,40.137,18.136
257,0.83412,3619.5,4432.7,8.6,26.861,42.017,2675.8,75.367,120.43,0.31341,81.234,49.489,2602.9,24.357,48.393,3081.1,22.61,67.536,242.24,332.36,95.105,77.144,31.647,9.0921,26.048,7.1042,19.587,1.7067,31.573,13.829,23.39,1.376,19.294,2.346,5.0041,2.3381,0.019304,0.88246,0.09865,54.131,44.002,62.718,53.81,82.151,57.783,19.893,38.234,36.596,42.815,53.028,39.892,18.879
258,0.8343,3624.4,4445.9,8.6616,26.688,41.996,2675.3,74.506,120.39,0.3123,81.042,49.516,2602.3,25.33,48.103,3080.7,23.142,67.545,242.3,332.35,94.906,77.626,31.647,9.0921,26.048,7.1042,19.587,1.7067,31.573,13.829,23.39,1.376,19.294,2.346,5.0041,2.3381,0.019304,0.88246,0.09865,54.131,44.002,62.634,53.652,82.133,56.688,19.896,38.37,36.676,42.144,52.939,39.561,17.589
259,0.81128,3603.9,4451.4,8.5874,26.983,42.059,2675.2,75.419,120.43,0.32166,81.048,49.223,2602.2,24.438,50.024,3078.6,22.333,67.507,244.03,333.49,95.015,77.413,32.247,9.0014,26.061,6.9555,19.465,1.7287,32.489,13.96,23.04,1.4203,19.691,2.3318,5.0191,2.3316,0.019304,0.88246,0.09865,54.131,44.002,61.786,52.64,79.953,56.836,20.232,38.858,35.814,46.59,52.7,40.96,19.52
260,0.81104,3592.2,4462.8,8.7588,26.377,42.036,2672.4,75.67,120.4,0.31933,80.798,50.403,2599.3,25.484,49.492,3077.3,23.149,67.464,244.92,333.16,95.071,76.83,32.247,9.0014,26.061,6.9555,19.465,1.7287,32.489,13.96,23.04,1.4203,19.691,2.3318,5.0191,2.3316,0.019304,0.88246,0.09865,54.131,44.002,61.986,52.503,79.976,56.606,19.681,39.142,39.286,45.359,52.541,39.89,17.644
261,0.7553,3630.8,4458.3,8.7646,26.681,41.939,2670.4,74.788,120.38,0.3321,80.768,49.273,2598.0,26.003,47.926,3073.5,21.945,67.371,244.02,333.65,95.146,77.222,31.64,9.1485,25.854,6.8513,19.366,1.7413,32.362,13.878,23.463,1.3148,20.352,2.3576,4.9802,2.3433,0.022836,0.88591,0.10119,54.856,43.438,62.488,52.732,74.534,56.198,20.097,41.172,35.962,41.735,53.589,40.648,20.489
262,0.7569,3634.6,4454.8,8.6269,27.099,42.177,2671.4,73.558,120.4,0.33653,80.927,50.352,2597.2,24.969,50.107,3075.0,22.913,67.389,245.91,333.36,94.943,77.678,31.64,9.1485,25.854,6.8513,19.366,1.7413,32.362,13.878,23.463,1.3148,20.352,2.3576,4.9802,2.3433,0.022836,0.88591,0.10119,54.856,43.438,62.422,52.773,74.376,57.405,19.903,40.632,39.137,46.783,53.797,40.082,18.155
263,0.81777,3637.5,4429.8,8.5987,26.919,42.307,2674.2,74.061,120.43,0.328,81.179,48.51,2600.5,24.141,50.788,3079.6,23.243,67.479,248.72,333.0,94.913,77.49,32.073,9.0734,25.784,6.7534,19.73,1.6765,32.253,13.78,23.114,1.3738,20.035,2.3335,5.0033,2.3846,0.022836,0.88591,0.10119,54.856,43.438,63.267,53.206,80.453,58.08,19.912,39.623,33.716,48.359,53.916,40.754,17.362
264,0.81841,3638.0,4442.1,8.7679,26.879,42.417,2675.4,73.75,120.43,0.32561,81.297,49.818,2602.5,25.163,50.267,3079.5,22.82,67.573,248.49,333.24,94.667,77.65,32.073,9.0734,25.784,6.7534,19.73,1.6765,32.253,13.78,23.114,1.3738,20.035,2.3335,5.0033,2.3846,0.022836,0.88591,0.10119,54.856,43.438,63.258,53.059,80.39,58.901,20.087,39.915,37.565,47.152,54.3,40.696,18.335
265,0.78146,3668.2,4409.6,8.714,26.869,42.318,2672.8,74.199,120.4,0.31588,81.136,50.632,2600.6,25.037,49.434,3077.1,23.715,67.651,249.29,333.86,94.741,77.101,31.369,8.9094,25.952,6.9168,19.537,1.7192,32.152,13.91,22.708,1.4259,19.758,2.3708,5.0499,2.3747,0.022836,0.88591,0.10119,54.856,43.438,63.672,52.425,76.466,58.86,20.011,38.486,39.961,45.224,54.592,40.076,16.244
266,0.77956,3680.0,4382.3,8.743,27.163,42.63,2670.6,75.706,120.45,0.31694,80.952,50.128,2597.0,23.856,48.079,3076.3,23.188,67.63,250.15,333.24,94.702,77.383,31.369,8.9094,25.952,6.9168,19.537,1.7192,32.152,13.91,22.708,1.4259,19.758,2.3708,5.0499,2.3747,0.013527,0.91494,0.1109,53.214,44.396,63.468,52.752,76.652,57.453,19.943,38.356,38.478,42.089,55.057,40.984,17.483
267,0.8502,3610.7,4397.6,8.6904,26.924,42.192,2670.9,74.313,120.41,0.33162,81.014,51.56,2598.7,24.918,50.518,3075.8,22.251,67.668,249.9,334.02,94.713,77.467,31.056,8.8682,25.411,7.0688,19.601,1.7249,32.427,13.772,23.182,1.3365,19.231,2.3553,5.0486,2.4538,0.013527,0.91494,0.1109,53.214,44.396,63.271,52.899,84.039,58.749,19.821,40.087,42.691,47.734,55.519,40.436,19.706
268,0.85334,3647.0,4406.5,8.8089,26.846,41.862,2671.4,74.149,120.41,0.3313,80.874,51.063,2597.6,25.374,49.244,3075.0,22.478,67.656,256.05,334.32,94.756,77.301,31.056,8.8682,25.411,7.0688,19.601,1.7249,32.427,13.772,23.182,1.3365,19.231,2.3553,5.0486,2.4538,0.013527,0.91494,0.1109,53.214,44.396,62.648,52.792,83.73,56.492,19.766,40.126,41.228,44.783,55.411,40.879,19.192
269,0.8939,3604.8,4364.3,8.6804,27.047,42.475,2673.6,74.004,120.39,0.31357,80.94,50.372,2600.9,25.552,48.473,3078.4,24.166,67.671,254.79,335.0,94.771,77.94,31.97,9.0159,25.831,6.7114,19.503,1.7184,32.935,13.886,22.532,1.2651,19.326,2.3971,4.9966,2.2919,0.013527,0.91494,0.1109,53.214,44.396,61.937,53.006,87.697,56.742,20.253,38.611,39.195,43.0,55.966,39.648,15.141
270,0.89299,3578.6,4386.9,8.8217,26.983,42.247,2678.7,74.759,120.41,0.31485,81.147,51.131,2605.7,23.896,50.096,3082.2,23.194,67.746,256.43,335.65,94.752,77.922,31.97,9.0159,25.831,6.7114,19.503,1.7184,32.935,13.886,22.532,1.2651,19.326,2.3971,4.9966,2.2919,0.013527,0.91494,0.1109,53.214,44.396,62.388,52.736,87.787,59.227,20.447,38.454,41.427,46.755,56.254,41.418,17.421
271,0.81099,3710.0,4399.3,8.7972,26.901,42.467,2680.4,74.789,120.4,0.32981,81.194,51.482,2608.1,26.018,49.456,3083.4,22.995,67.866,259.65,336.67,94.581,77.692,31.804,8.9071,25.583,6.8521,18.931,1.7206,33.195,13.732,23.249,1.3744,19.429,2.3268,4.9827,2.3824,0.013446,0.89236,0.11205,54.267,42.714,63.253,52.698,79.834,58.895,20.633,39.688,42.461,45.276,57.257,40.985,17.891
272,0.81048,3690.8,4406.7,8.9245,26.319,42.229,2678.9,74.177,120.42,0.32905,80.969,52.462,2607.1,23.174,51.299,3081.8,22.639,67.939,262.18,337.26,94.494,77.273,31.804,8.9071,25.583,6.8521,18.931,1.7206,33.195,13.732,23.249,1.3744,19.429,2.3268,4.9827,2.3824,0.013446,0.89236,0.11205,54.267,42.714,63.583,52.61,79.885,58.532,20.404,39.78,45.345,49.541,57.833,41.522,18.763
273,0.82965,3680.4,4452.0,8.8998,26.779,42.277,2678.4,73.279,120.42,0.31546,80.765,51.34,2605.7,24.792,50.932,3081.3,24.385,67.954,263.89,337.53,94.555,77.371,31.954,8.8593,25.457,6.762,18.878,1.7611,33.329,13.824,23.812,1.232,19.626,2.4043,5.0085,2.3836,0.013446,0.89236,0.11205,54.267,42.714,62.622,53.397,81.785,57.84,20.554,37.318,42.044,48.691,58.483,41.41,14.62
274,0.82921,3672.6,4449.6,8.8813,27.24,42.545,2680.6,74.305,120.39,0.31078,80.897,50.536,2609.2,26.298,49.231,3082.3,23.359,68.002,266.32,338.06,94.464,77.791,31.954,8.8593,25.457,6.762,18.878,1.7611,33.329,13.824,23.812,1.232,19.626,2.4043,5.0085,2.3836,0.013446,0.89236,0.11205,54.267,42.714,62.756,53.426,81.828,57.555,21.196,37.888,39.677,44.754,59.068,40.707,17.019
275,0.82118,3684.3,4475.8,8.9425,26.856,42.518,2683.6,74.425,120.42,0.32262,81.142,48.645,2611.5,25.028,51.186,3085.5,23.34,68.085,268.34,338.5,94.493,77.908,32.395,9.0191,25.636,7.0198,19.19,1.7376,32.785,13.895,22.603,1.2544,19.042,2.341,5.0783,2.354,0.013446,0.89236,0.11205,54.267,42.714,63.416,53.219,80.392,58.834,20.81,38.817,34.111,49.279,59.682,41.511,17.028
276,0.81678,3704.1,4470.2,8.776,27.04,42.287,2682.4,75.024,120.41,0.32274,80.902,50.203,2610.2,24.392,50.013,3085.1,22.386,68.209,269.8,338.62,94.38,77.219,32.395,9.0191,25.636,7.0198,19.19,1.7376,32.785,13.895,22.603,1.2544,19.042,2.341,5.0783,2.354,0.012373,0.87945,0.087254,53.582,43.141,63.075,53.286,80.825,56.682,20.944,38.802,38.698,46.565,59.887,41.763,19.334
277,0.77433,3594.2,4447.8,8.908,26.869,42.336,2681.2,74.842,120.39,0.33439,80.636,49.173,2608.6,26.698,48.131,3080.1,23.836,68.185,272.43,339.57,94.663,77.329,32.511,8.8094,25.167,7.0116,18.958,1.7009,33.352,13.644,22.892,1.1072,18.902,2.3686,5.055,2.4091,0.012373,0.87945,0.087254,53.582,43.141,62.697,52.746,76.634,58.747,21.262,39.351,35.667,42.21,60.247,40.908,15.904
278,0.77526,3623.0,4419.5,8.9107,26.953,42.306,2683.4,74.471,120.39,0.33145,80.812,51.207,2612.3,26.273,51.083,3081.4,22.515,68.2,271.05,340.01,94.632,77.784,32.511,8.8094,25.167,7.0116,18.958,1.7009,33.352,13.644,22.892,1.1072,18.902,2.3686,5.055,2.4091,0.012373,0.87945,0.087254,53.582,43.141,62.201,53.085,76.542,58.614,21.692,39.709,41.652,49.041,60.965,40.504,18.996
279,0.76203,3620.9,4459.1,8.834,26.917,42.23,2687.4,74.691,120.38,0.30333,80.939,50.347,2615.7,24.262,52.34,3083.8,23.014,68.291,274.14,340.37,94.694,77.792,32.156,8.7605,25.631,7.1744,19.23,1.7287,33.262,13.863,22.781,1.3699,19.036,2.3404,4.9851,2.3332,0.012373,0.87945,0.087254,53.582,43.141,62.184,53.13,75.089,59.371,21.811,36.333,39.122,51.949,61.279,40.627,17.785
280,0.76331,3612.9,4453.5,8.8859,26.547,42.341,2687.0,74.081,120.38,0.3027,80.721,51.232,2615.1,25.754,49.493,3084.8,23.244,68.361,275.27,340.6,94.646,77.284,32.156,8.7605,25.631,7.1744,19.23,1.7287,33.262,13.863,22.781,1.3699,19.036,2.3404,4.9851,2.3332,0.012373,0.87945,0.087254,53.582,43.141,62.321,53.197,74.964,57.563,21.588,36.41,41.727,45.361,61.763,40.726,17.276
281,0.79467,3583.7,4365.1,8.8283,26.951,42.239,2688.5,75.636,120.39,0.32789,80.642,48.385,2616.9,24.517,48.795,3084.5,23.384,68.37,277.38,341.34,94.769,77.504,32.278,8.8536,25.982,6.9675,18.789,1.7167,33.338,13.665,23.131,1.2945,19.158,2.3021,4.97,2.4108,0.020891,0.85835,0.11687,54.665,44.35,61.196,53.535,78.336,60.171,21.992,39.104,33.347,43.745,61.922,40.409,16.928
282,0.79676,3572.5,4444.1,9.0514,26.592,42.521,2690.7,73.824,120.34,0.3293,80.553,50.039,2618.3,25.108,48.978,3088.0,23.819,68.372,280.45,341.78,94.915,77.322,32.278,8.8536,25.982,6.9675,18.789,1.7167,33.338,13.665,23.131,1.2945,19.158,2.3021,4.97,2.4108,0.020891,0.85835,0.11687,54.665,44.35,61.39,52.59,78.131,56.926,21.836,38.931,38.216,44.17,62.132,39.887,15.91
283,0.78566,3632.9,4456.5,8.794,26.957,42.034,2694.9,73.659,120.43,0.30692,80.498,49.71,2623.9,24.999,48.381,3090.9,22.674,68.35,281.37,342.59,94.644,77.636,32.134,8.8016,25.919,6.8909,19.007,1.7193,33.645,13.797,22.986,1.2236,19.22,2.3876,5.0714,2.3607,0.020891,0.85835,0.11687,54.665,44.35,61.986,53.482,76.857,59.551,22.303,36.282,37.248,42.787,62.533,42.0,18.615
284,0.78499,3605.6,4473.1,8.9242,26.879,42.601,2698.0,74.543,120.37,0.30377,80.459,49.0,2626.8,25.976,48.779,3094.9,22.534,68.368,280.55,342.98,94.701,77.933,32.134,8.8016,25.919,6.8909,19.007,1.7193,33.645,13.797,22.986,1.2236,19.22,2.3876,5.0714,2.3607,0.020891,0.85835,0.11687,54.665,44.35,62.456,53.283,76.922,58.632,22.205,36.666,35.156,43.707,63.091,40.267,18.925
285,0.7964,3634.4,4459.5,8.8687,26.801,42.206,2702.7,74.537,120.43,0.32148,80.513,48.212,2631.8,25.728,51.548,3098.3,22.67,68.402,283.12,343.46,94.483,77.4,32.348,8.9472,26.024,6.7543,18.926,1.7716,33.22,13.839,22.764,1.3923,19.322,2.35,4.9963,2.3437,0.020891,0.85835,0.11687,54.665,44.35,62.588,52.89,78.487,59.513,22.465,37.906,32.839,50.118,63.342,42.185,18.624
286,0.79375,3650.8,4457.5,8.897,26.857,42.332,2705.6,73.673,120.41,0.32341,80.5,49.305,2635.4,24.964,48.785,3100.0,23.683,68.423,282.85,344.58,94.541,77.996,32.348,8.9472,26.024,6.7543,18.926,1.7716,33.22,13.839,22.764,1.3923,19.322,2.35,4.9963,2.3437,0.022558,0.83956,0.09575,54.016,44.567,62.306,52.914,78.748,60.631,22.928,37.67,36.056,43.722,63.366,41.1,16.17
287,0.77534,3680.9,4462.6,9.0716,26.597,42.294,2706.5,74.975,120.42,0.32695,80.443,48.697,2636.3,25.193,49.704,3101.6,22.882,68.46,282.78,344.61,94.339,77.633,32.716,8.7224,26.336,6.7621,19.195,1.7149,33.461,13.661,23.325,1.1628,18.824,2.3578,4.9037,2.288,0.022558,0.83956,0.09575,54.016,44.567,63.042,53.019,76.396,57.627,22.561,38.335,34.266,45.85,63.641,41.304,18.073
288,0.77773,3649.3,4429.7,8.9737,26.948,42.381,2708.8,73.526,120.42,0.32286,80.53,49.207,2638.8,24.92,50.631,3102.7,22.913,68.514,283.69,345.29,94.355,77.918,32.716,8.7224,26.336,6.7621,19.195,1.7149,33.461,13.661,23.325,1.1628,18.824,2.3578,4.9037,2.288,0.022558,0.83956,0.09575,54.016,44.567,63.586,53.414,76.16,57.898,23.236,38.834,35.766,47.994,63.827,41.796,17.969
289,0.73433,3659.2,4386.5,9.0444,26.87,42.536,2708.8,74.324,120.4,0.30631,80.496,47.83,2639.8,24.437,49.92,3101.7,23.129,68.56,282.8,346.05,94.292,77.723,32.579,8.8814,26.2,6.6161,18.007,1.7179,33.541,13.792,23.067,1.285,18.673,2.3306,4.8729,2.3246,0.022558,0.83956,0.09575,54.016,44.567,63.463,53.223,72.71,58.931,23.297,35.986,31.714,46.348,64.172,41.604,17.446
290,0.73628,3653.6,4454.1,8.9182,26.997,42.576,2707.3,74.795,120.41,0.30644,80.217,49.012,2636.3,25.731,50.427,3099.7,22.915,68.556,283.25,346.41,94.345,77.431,32.579,8.8814,26.2,6.6161,18.007,1.7179,33.541,13.792,23.067,1.285,18.673,2.3306,4.8729,2.3246,0.022558,0.83956,0.09575,54.016,44.567,63.561,52.414,72.518,59.88,23.211,35.97,35.193,47.522,64.396,41.974,17.975
291,0.74629,3731.8,4567.7,9.036,27.031,42.318,2706.3,74.487,120.43,0.32284,80.028,48.92,2636.5,26.135,47.41,3100.4,22.918,68.521,287.73,346.4,94.293,77.199,33.169,8.6958,25.983,6.9419,18.185,1.6955,33.874,13.622,23.726,1.2586,18.424,2.3032,4.8699,2.3319,0.010624,0.81842,0.089939,53.482,44.29,63.677,53.999,73.213,58.847,23.329,37.348,34.921,40.541,63.81,41.562,18.003
292,0.74529,3719.1,4562.0,8.7113,26.698,42.412,2707.5,74.823,120.4,0.31897,79.937,50.425,2637.8,26.421,50.236,3100.1,24.029,68.446,286.1,346.51,94.186,77.39,33.169,8.6958,25.983,6.9419,18.185,1.6955,33.874,13.622,23.726,1.2586,18.424,2.3032,4.8699,2.3319,0.010624,0.81842,0.089939,53.482,44.29,63.895,54.068,73.311,60.477,23.463,37.82,39.352,47.08,64.03,41.037,15.367
293,0.68109,3607.2,4497.9,8.7908,26.866,41.979,2709.6,73.852,120.39,0.30072,80.177,49.073,2639.4,22.852,51.958,3100.0,23.002,68.437,286.83,346.15,94.425,77.677,32.918,8.7304,26.241,6.8005,18.425,1.6792,33.848,13.785,23.8,1.1802,18.371,2.3355,4.9499,2.3139,0.010624,0.81842,0.089939,53.482,44.29,63.06,54.511,66.983,60.164,23.412,35.316,35.371,51.066,64.035,42.184,17.771
294,0.68275,3634.9,4500.8,8.9459,27.031,42.576,2708.4,73.988,120.37,0.3008,80.123,49.227,2637.9,24.771,49.234,3101.7,22.966,68.477,284.44,345.95,94.519,77.421,32.918,8.7304,26.241,6.8005,18.425,1.6792,33.848,13.785,23.8,1.1802,18.371,2.3355,4.9499,2.3139,0.010624,0.81842,0.089939,53.482,44.29,62.584,54.477,66.82,58.447,23.237,35.306,35.826,44.762,64.318,41.197,17.869
295,0.69661,3669.2,4491.4,8.8966,27.015,42.145,2709.2,74.59,120.4,0.31701,80.06,48.944,2639.7,26.743,50.841,3100.4,22.525,68.477,287.19,346.45,94.507,77.089,32.89,8.8209,25.593,6.9323,18.316,1.6448,33.926,13.713,23.638,1.2401,18.313,2.3525,4.7676,2.359,0.010624,0.81842,0.089939,53.482,44.29,63.245,54.08,68.493,58.826,23.699,37.5,34.994,48.481,64.143,41.666,18.942
296,0.69743,3665.8,4517.5,8.9276,26.658,42.29,2710.0,74.937,120.4,0.31959,79.994,48.055,2640.2,25.75,49.584,3101.4,23.319,68.419,285.55,345.94,94.414,77.703,32.89,8.8209,25.593,6.9323,18.316,1.6448,33.926,13.713,23.638,1.2401,18.313,2.3525,4.7676,2.359,0.018744,0.79364,0.08456,54.064,43.222,63.304,53.767,68.413,58.642,23.428,37.186,32.375,45.572,63.81,41.71,17.03
297,0.69117,3627.4,4538.7,8.9045,27.123,42.344,2710.9,74.417,120.37,0.30734,80.028,51.001,2640.1,26.741,49.539,3102.9,22.657,68.418,283.53,345.61,94.568,77.408,32.874,8.7381,26.749,6.6858,18.344,1.7007,33.671,13.969,23.581,1.2464,17.935,2.3666,4.8807,2.335,0.018744,0.79364,0.08456,54.064,43.222,62.823,53.85,68.084,58.589,23.229,36.649,41.047,45.467,63.821,40.93,18.619
298,0.69059,3657.4,4513.8,8.9395,26.89,41.949,2714.0,75.09,120.41,0.30598,80.087,49.646,2643.3,25.539,49.64,3105.1,21.228,68.409,283.87,345.94,94.532,77.606,32.874,8.7381,26.749,6.6858,18.344,1.7007,33.671,13.969,23.581,1.2464,17.935,2.3666,4.8807,2.335,0.018744,0.79364,0.08456,54.064,43.222,62.307,54.149,68.141,56.831,23.79,36.814,37.059,45.701,63.623,41.58,21.995
299,0.68467,3686.6,4548.6,8.8961,27.157,42.239,2713.1,74.409,120.38,0.3386,80.117,51.827,2643.3,23.628,48.016,3105.4,22.962,68.391,283.49,345.9,94.5,77.631,32.297,8.4639,26.495,6.7595,18.793,1.6496,33.351,13.566,23.836,1.2984,18.749,2.3115,4.8583,2.2922,0.018744,0.79364,0.08456,54.064,43.222,64.036,53.738,67.617,58.905,23.523,39.719,43.476,41.942,63.488,41.184,17.872
300,0.68693,3722.9,4517.3,8.9253,26.927,42.32,2712.3,75.295,120.4,0.33769,80.092,49.925,2643.1,25.16,50.22,3105.5,23.096,68.401,284.57,345.54,94.442,77.429,32.297,8.4639,26.495,6.7595,18.793,1.6496,33.351,13.566,23.836,1.2984,18.749,2.3115,4.8583,2.2922,0.018744,0.79364,0.08456,54.064,43.222,63.411,54.113,67.395,60.236,23.284,39.83,37.878,47.044,63.225,42.735,17.558
301,0.73839,3703.5,4442.4,8.8761,26.778,41.957,2714.2,75.105,120.42,0.29006,80.14,51.047,2645.0,22.957,51.212,3105.8,22.939,68.38,281.68,345.32,94.419,77.763,32.556,8.6473,26.682,6.9135,18.588,1.6943,33.811,13.761,23.891,1.0641,18.14,2.3099,4.8487,2.3744,0.021598,0.785,0.095843,53.085,44.097,63.247,53.943,72.497,59.187,23.483,34.764,41.181,49.338,62.627,42.179,17.909
302,0.73933,3689.9,4469.5,8.9164,26.724,42.516,2713.6,76.205,120.41,0.28927,80.085,49.977,2643.5,25.329,48.192,3107.1,22.68,68.373,280.34,345.37,94.348,77.423,32.556,8.6473,26.682,6.9135,18.588,1.6943,33.811,13.761,23.891,1.0641,18.14,2.3099,4.8487,2.3744,0.021598,0.785,0.095843,53.085,44.097,63.482,53.619,72.404,55.365,23.235,34.859,38.032,42.349,62.28,41.811,18.542
303,0.70866,3625.3,4531.4,8.794,27.331,42.485,2711.6,75.198,120.36,0.31495,79.891,49.318,2641.7,26.721,50.271,3104.8,22.25,68.303,277.04,345.1,94.453,77.301,32.546,8.8345,26.359,6.7469,18.1,1.725,33.412,13.615,23.649,1.2796,18.243,2.3423,4.9117,2.2436,0.021598,0.785,0.095843,53.085,44.097,63.286,53.396,69.996,57.122,23.293,36.72,36.092,47.161,62.113,40.483,19.592
304,0.70784,3648.1,4509.5,8.8299,27.255,42.418,2713.3,74.516,120.41,0.31175,79.919,49.483,2642.6,24.004,49.499,3104.7,22.606,68.198,278.25,345.57,94.515,77.391,32.546,8.8345,26.359,6.7469,18.1,1.725,33.412,13.615,23.649,1.2796,18.243,2.3423,4.9117,2.2436,0.021598,0.785,0.095843,53.085,44.097,62.893,53.658,70.077,58.163,23.594,37.11,36.579,45.375,61.548,41.568,18.745
305,0.70872,3702.2,4540.7,8.8875,26.886,42.653,2714.2,73.87,120.4,0.30071,79.911,49.021,2644.3,24.972,49.684,3107.2,21.876,68.165,276.95,345.43,94.569,77.146,32.716,8.6839,26.095,6.9046,18.521,1.6724,33.294,13.742,23.894,1.2488,18.012,2.3137,4.799,2.3401,0.021598,0.785,0.095843,53.085,44.097,63.472,54.554,69.446,58.525,23.134,34.356,35.22,45.803,61.208,41.353,20.509
306,0.70668,3690.9,4547.9,8.935,26.914,42.542,2715.3,74.617,120.42,0.29901,80.005,51.504,2645.4,22.694,49.278,3108.9,23.699,68.087,276.43,344.59,94.322,77.755,32.716,8.6839,26.095,6.9046,18.521,1.6724,33.294,13.742,23.894,1.2488,18.012,2.3137,4.799,2.3401,0.015591,0.79447,0.1002,53.408,43.519,63.667,54.467,69.647,55.333,23.352,34.563,42.526,44.864,60.499,41.911,16.132
307,0.68687,3663.5,4514.0,8.9123,26.433,42.373,2716.5,75.11,120.38,0.3086,80.296,49.737,2646.3,26.73,47.357,3110.1,22.737,68.113,275.35,344.54,94.607,77.897,32.926,8.9904,26.662,6.9738,18.789,1.6879,33.136,13.745,23.913,1.2217,18.079,2.3429,4.7565,2.3228,0.015591,0.79447,0.1002,53.408,43.519,62.808,53.919,67.46,57.273,22.929,36.568,37.326,40.418,60.006,41.068,18.382
308,0.68624,3689.2,4491.3,8.7562,26.715,42.592,2715.4,74.402,120.43,0.30604,80.187,49.248,2645.1,24.859,48.697,3109.0,22.763,68.113,269.87,344.0,94.496,77.549,32.926,8.9904,26.662,6.9738,18.789,1.6879,33.136,13.745,23.913,1.2217,18.079,2.3429,4.7565,2.3228,0.015591,0.79447,0.1002,53.408,43.519,62.365,54.19,67.521,58.295,23.071,36.88,35.886,43.518,59.905,42.062,18.334
309,0.65607,3624.9,4470.1,8.9268,26.878,42.453,2713.5,75.045,120.4,0.31064,80.006,48.471,2643.5,26.448,49.097,3106.5,23.855,68.046,270.57,344.09,94.734,76.991,32.144,8.8006,26.768,6.9176,18.848,1.6498,33.332,13.788,24.028,1.1231,17.717,2.322,4.868,2.2647,0.015591,0.79447,0.1002,53.408,43.519,62.812,53.806,65.2,57.133,23.166,36.295,33.6,44.444,59.258,40.421,15.786
310,0.66126,3595.2,4490.6,8.8178,27.165,42.577,2711.3,75.259,120.35,0.30882,79.874,50.876,2641.0,25.355,52.366,3104.3,22.841,67.926,268.5,343.9,94.743,77.451,32.144,8.8006,26.768,6.9176,18.848,1.6498,33.332,13.788,24.028,1.1231,17.717,2.322,4.868,2.2647,0.015591,0.79447,0.1002,53.408,43.519,63.321,53.56,64.69,58.89,23.066,36.517,40.679,52.008,58.863,40.264,18.181
311,0.73208,3652.3,4457.4,8.8662,26.721,42.207,2712.8,75.007,120.4,0.31316,79.919,49.644,2642.6,24.513,49.533,3107.4,22.33,67.867,267.1,343.83,94.771,77.487,32.52,8.7782,26.619,6.7834,18.975,1.7222,32.87,13.803,24.646,1.3592,17.923,2.3233,4.9192,2.3348,0.010316,0.80736,0.07496,53.545,43.857,62.773,53.805,71.882,57.314,23.036,37.06,37.052,45.453,58.574,40.975,19.401
312,0.7315,3639.9,4486.2,8.8964,26.94,42.387,2714.3,75.197,120.38,0.31201,79.904,49.817,2643.3,23.767,50.229,3107.5,23.178,67.786,265.5,343.36,94.735,77.474,32.52,8.7782,26.619,6.7834,18.975,1.7222,32.87,13.803,24.646,1.3592,17.923,2.3233,4.9192,2.3348,0.010316,0.80736,0.07496,53.545,43.857,62.986,53.46,71.939,57.594,22.997,37.201,37.562,47.065,58.213,40.216,17.4
313,0.69017,3702.7,4477.2,8.8201,26.682,42.023,2714.9,76.23,120.42,0.31427,80.033,50.362,2644.1,27.061,48.794,3109.8,22.691,67.752,263.72,343.06,94.57,77.359,32.299,8.7934,26.423,6.7184,18.431,1.6683,33.186,13.772,24.462,1.4259,17.467,2.2645,4.8203,2.2937,0.010316,0.80736,0.07496,53.545,43.857,63.112,53.235,68.565,59.969,22.795,37.264,39.164,43.742,57.87,41.231,18.556
314,0.69096,3662.5,4461.2,8.8354,26.957,41.983,2712.7,76.366,120.35,0.31585,79.917,51.824,2642.8,24.635,50.083,3107.6,22.866,67.684,262.92,343.09,94.621,77.299,32.299,8.7934,26.423,6.7184,18.431,1.6683,33.186,13.772,24.462,1.4259,17.467,2.2645,4.8203,2.2937,0.010316,0.80736,0.07496,53.545,43.857,63.805,53.426,68.487,59.791,22.883,37.071,43.468,46.727,57.441,39.937,18.157
315,0.7127,3696.2,4478.5,8.8522,26.478,42.052,2713.5,75.892,120.43,0.30969,80.056,49.467,2642.7,26.013,48.835,3109.6,22.785,67.65,261.06,342.87,94.599,77.409,32.372,8.7556,26.602,7.0426,18.395,1.6997,33.452,13.713,24.793,1.2217,18.308,2.3253,4.7706,2.2405,0.010316,0.80736,0.07496,53.545,43.857,63.918,54.568,70.102,57.72,22.511,36.937,36.532,43.837,57.108,42.435,18.338
316,0.71375,3732.8,4476.9,8.7423,26.657,42.105,2711.3,74.951,120.39,0.31002,79.842,49.702,2640.6,25.699,49.419,3108.7,23.878,67.598,259.19,342.56,94.435,76.841,32.372,8.7556,26.602,7.0426,18.395,1.6997,33.452,13.713,24.793,1.2217,18.308,2.3253,4.7706,2.2405,0.018833,0.79613,0.11228,53.991,44.807,63.287,54.586,69.998,59.013,22.287,36.896,37.224,45.189,57.047,40.569,15.802
317,0.7031,3603.8,4546.4,8.8628,26.856,42.41,2712.6,75.088,120.41,0.30361,79.868,50.286,2641.8,24.156,48.368,3106.7,22.612,67.509,261.87,342.41,94.717,77.081,32.099,8.9011,26.49,6.7385,18.78,1.696,32.901,13.763,24.625,1.0345,18.107,2.3194,4.9245,2.3292,0.018833,0.79613,0.11228,53.991,44.807,62.665,53.903,69.34,55.087,22.794,35.993,38.943,42.757,56.433,41.274,18.8
318,0.70559,3624.6,4518.7,8.8719,26.62,42.206,2714.5,75.588,120.37,0.30334,80.022,48.868,2643.8,25.648,49.712,3108.8,22.39,67.476,260.88,342.44,94.703,77.398,32.099,8.9011,26.49,6.7385,18.78,1.696,32.901,13.763,24.625,1.0345,18.107,2.3194,4.9245,2.3292,0.018833,0.79613,0.11228,53.991,44.807,62.307,54.235,69.096,59.423,22.758,36.025,34.769,45.868,56.145,40.555,19.305
319,0.72886,3692.7,4487.0,8.8302,26.729,42.245,2715.1,75.138,120.43,0.31205,80.047,50.178,2644.3,26.766,48.173,3110.7,22.433,67.464,260.23,342.18,94.703,77.453,32.318,9.0627,27.211,7.0763,17.804,1.6626,33.017,13.72,24.682,1.1442,17.89,2.3358,4.8218,2.2413,0.018833,0.79613,0.11228,53.991,44.807,63.796,53.703,71.914,56.728,22.562,36.174,38.624,42.306,55.827,41.547,19.206
320,0.72951,3692.1,4497.2,8.7259,26.849,42.355,2715.5,76.056,120.41,0.30477,80.119,48.251,2645.2,24.491,48.237,3112.1,23.466,67.462,259.29,341.64,94.428,77.591,32.318,9.0627,27.211,7.0763,17.804,1.6626,33.017,13.72,24.682,1.1442,17.89,2.3358,4.8218,2.2413,0.018833,0.79613,0.11228,53.991,44.807,63.805,53.58,71.85,59.517,22.382,37.062,32.953,42.454,55.537,40.937,16.737
321,0.70813,3601.2,4594.4,8.8707,27.105,42.324,2715.5,75.032,120.41,0.30231,80.136,50.588,2645.0,23.862,48.91,3110.8,22.706,67.448,254.37,341.63,94.795,77.011,32.045,8.825,27.191,6.8258,18.658,1.7111,32.87,13.802,24.576,1.2584,18.435,2.3302,4.7923,2.3133,0.014169,0.81991,0.11104,52.848,43.893,62.383,54.891,69.74,58.21,22.865,36.101,39.832,44.011,55.252,40.835,18.574
322,0.70914,3624.5,4571.0,8.6852,26.467,42.315,2714.5,75.067,120.37,0.30277,79.872,50.143,2643.5,26.703,48.739,3110.2,22.118,67.375,254.74,341.77,94.739,77.005,32.045,8.825,27.191,6.8258,18.658,1.7111,32.87,13.802,24.576,1.2584,18.435,2.3302,4.7923,2.3133,0.014169,0.81991,0.11104,52.848,43.893,61.982,55.172,69.64,56.933,22.456,36.045,38.519,43.616,54.697,40.399,19.995
323,0.73319,3710.8,4511.5,8.836,26.619,42.22,2716.0,75.319,120.42,0.31474,79.961,48.962,2645.1,24.624,50.411,3112.5,22.957,67.278,251.19,341.29,94.741,77.322,31.924,8.8163,26.622,6.7742,18.399,1.663,32.82,13.742,24.097,1.4311,18.108,2.3465,4.8239,2.323,0.014169,0.81991,0.11104,52.848,43.893,62.629,53.881,72.485,59.145,22.506,36.676,35.047,47.486,54.496,41.613,17.989
324,0.73679,3651.0,4491.6,8.8371,26.806,42.403,2716.8,76.039,120.38,0.31121,80.092,49.198,2646.2,25.765,49.727,3113.2,21.612,67.221,253.77,341.2,94.5,77.386,31.924,8.8163,26.622,6.7742,18.399,1.663,32.82,13.742,24.097,1.4311,18.108,2.3465,4.8239,2.323,0.014169,0.81991,0.11104,52.848,43.893,63.658,54.118,72.132,58.15,22.497,37.106,35.739,45.902,53.752,40.199,21.168
325,0.7466,3725.1,4510.1,8.7288,26.661,42.284,2716.0,75.974,120.41,0.30299,80.04,50.586,2645.1,25.391,49.274,3112.9,22.79,67.207,250.03,341.04,94.691,76.953,32.004,8.8396,26.493,6.6914,18.724,1.6903,32.564,13.661,24.54,1.3362,18.528,2.2805,4.9023,2.2377,0.014169,0.81991,0.11104,52.848,43.893,62.913,54.575,73.886,57.025,22.262,36.44,39.825,44.854,53.568,41.857,18.41
326,0.74844,3697.2,4553.3,8.7762,27.191,42.165,2713.5,74.544,120.4,0.30333,79.965,48.514,2642.1,24.866,50.491,3112.7,23.956,67.153,249.09,340.08,94.466,76.967,32.004,8.8396,26.493,6.6914,18.724,1.6903,32.564,13.661,24.54,1.3362,18.528,2.2805,4.9023,2.2377,0.033549,0.85222,0.095543,54.014,43.751,63.392,54.058,73.706,59.148,22.135,36.398,33.728,47.67,53.698,40.664,15.653
327,0.74521,3708.8,4502.3,8.826,26.684,41.796,2714.5,74.813,120.42,0.29526,79.999,50.057,2642.5,25.106,48.587,3112.1,22.567,67.089,249.03,340.23,94.646,77.0,31.624,8.746,26.525,6.9151,19.247,1.6565,32.763,13.837,24.257,1.3517,18.165,2.3461,4.7972,2.2847,0.033549,0.85222,0.095543,54.014,43.751,64.061,53.908,72.952,57.507,22.164,35.016,38.267,43.263,53.437,41.975,18.95
328,0.74203,3691.1,4504.9,8.7446,27.103,42.267,2712.0,75.501,120.39,0.29355,79.997,49.915,2640.7,25.016,50.563,3110.2,23.199,67.068,246.65,340.06,94.388,77.398,31.624,8.746,26.525,6.9151,19.247,1.6565,32.763,13.837,24.257,1.3517,18.165,2.3461,4.7972,2.2847,0.033549,0.85222,0.095543,54.014,43.751,64.365,53.876,73.264,56.36,22.41,35.225,37.85,47.838,53.382,40.918,17.436
329,0.78724,3689.5,4460.0,8.7992,26.915,42.798,2709.1,75.929,120.4,0.31295,79.958,51.937,2636.9,26.436,50.076,3107.9,23.318,67.054,247.45,339.44,94.648,76.88,31.678,8.7183,26.562,6.8046,19.059,1.7179,32.619,13.76,24.733,1.1904,18.231,2.2861,4.794,2.2416,0.033549,0.85222,0.095543,54.014,43.751,62.504,53.094,76.824,54.987,21.9,37.461,43.8,46.709,53.044,41.677,17.198
330,0.78352,3671.4,4431.3,8.764,26.919,42.612,2707.7,75.468,120.37,0.3132,79.818,50.143,2635.1,25.589,49.662,3105.1,23.791,67.009,247.35,339.82,94.723,76.85,31.678,8.7183,26.562,6.8046,19.059,1.7179,32.619,13.76,24.733,1.1904,18.231,2.2861,4.794,2.2416,0.033549,0.85222,0.095543,54.014,43.751,62.816,53.437,77.19,55.706,22.051,37.431,38.522,45.753,52.79,41.422,16.098
331,0.78394,3714.3,4482.9,8.7474,26.974,42.251,2707.3,75.481,120.37,0.30817,79.862,50.949,2636.0,23.659,49.171,3104.7,22.146,66.966,248.51,339.97,94.643,76.822,31.647,8.9757,26.443,7.1276,19.017,1.6681,32.651,13.883,24.532,1.1853,18.199,2.31,4.9278,2.3348,0.01371,0.83877,0.096562,53.834,43.918,63.069,53.218,77.214,56.799,22.179,35.956,40.894,44.616,53.251,40.941,20.027
332,0.78462,3676.2,4441.8,8.7943,26.952,42.239,2707.8,76.428,120.38,0.30459,79.949,50.843,2635.7,24.591,50.631,3105.2,23.509,66.935,250.35,339.93,94.626,77.474,31.647,8.9757,26.443,7.1276,19.017,1.6681,32.651,13.883,24.532,1.1853,18.199,2.31,4.9278,2.3348,0.01371,0.83877,0.096562,53.834,43.918,63.723,53.711,77.147,55.528,22.098,36.392,40.58,47.993,53.188,40.997,16.756
333,0.79545,3575.9,4477.2,8.8294,27.043,42.339,2708.6,75.454,120.42,0.32065,80.167,50.777,2636.3,25.104,49.781,3105.6,22.433,67.032,249.85,339.33,94.641,77.269,31.937,8.7616,26.806,6.9539,18.672,1.7149,32.305,13.862,24.369,1.2077,18.519,2.3213,4.7528,2.2547,0.01371,0.83877,0.096562,53.834,43.918,62.536,53.344,77.747,57.404,22.329,37.71,40.386,46.028,53.324,40.788,19.312
334,0.79394,3584.7,4467.7,8.753,26.822,42.447,2710.9,75.766,120.38,0.31376,80.372,50.579,2640.5,23.581,49.283,3106.2,22.246,67.091,249.64,340.31,94.848,77.731,31.937,8.7616,26.806,6.9539,18.672,1.7149,32.305,13.862,24.369,1.2077,18.519,2.3213,4.7528,2.2547,0.01371,0.83877,0.096562,53.834,43.918,62.385,53.458,77.895,55.191,22.65,38.55,39.804,44.875,53.433,39.831,19.705
335,0.76654,3653.6,4533.0,8.8225,26.726,42.506,2711.0,75.217,120.41,0.31989,80.311,49.037,2639.4,23.765,49.673,3107.4,22.216,67.185,249.09,340.08,94.643,76.919,31.711,8.8357,26.632,6.9447,19.028,1.7041,32.475,13.77,24.576,1.3968,18.627,2.2896,4.8538,2.2426,0.01371,0.83877,0.096562,53.834,43.918,62.573,53.513,75.891,56.438,22.145,37.318,35.267,45.777,53.568,41.425,19.821
336,0.76807,3659.5,4461.8,8.7204,26.421,42.373,2706.8,75.615,120.37,0.31856,79.834,50.089,2635.0,23.776,50.888,3104.3,22.337,67.113,249.3,340.08,94.898,76.93,31.711,8.8357,26.632,6.9447,19.028,1.7041,32.475,13.77,24.576,1.3968,18.627,2.2896,4.8538,2.2426,0.019991,0.84874,0.096616,53.613,43.846,62.472,54.365,75.741,56.488,21.71,37.48,38.361,48.589,53.317,40.48,19.573
337,0.79599,3625.8,4479.7,8.8677,27.185,42.211,2707.7,76.023,120.4,0.30648,79.904,50.216,2636.1,28.692,49.984,3104.6,22.669,67.019,249.14,340.02,94.715,77.345,32.362,8.9909,26.064,6.9344,18.701,1.6847,32.335,13.792,24.885,1.426,18.351,2.3326,4.8609,2.3351,0.019991,0.84874,0.096616,53.613,43.846,63.069,53.264,78.033,56.102,22.37,36.482,38.734,46.498,53.287,40.389,18.776
338,0.79294,3674.9,4495.2,8.7724,27.049,42.273,2707.7,75.166,120.41,0.30847,79.965,50.871,2636.0,24.432,50.508,3105.7,22.856,66.993,247.32,340.08,94.774,77.165,32.362,8.9909,26.064,6.9344,18.701,1.6847,32.335,13.792,24.885,1.426,18.351,2.3326,4.8609,2.3351,0.019991,0.84874,0.096616,53.613,43.846,62.224,53.078,78.333,57.098,22.122,36.24,40.664,47.71,53.402,41.243,18.347
339,0.73517,3673.9,4514.5,8.84,27.113,42.419,2708.0,75.762,120.41,0.30526,80.097,49.701,2636.5,23.168,48.838,3105.8,23.569,67.012,250.15,340.25,94.778,77.426,31.854,9.0001,26.708,6.8659,18.473,1.6989,32.48,13.627,24.295,1.2232,19.08,2.2904,4.7587,2.2803,0.019991,0.84874,0.096616,53.613,43.846,62.278,53.635,71.943,57.652,22.19,37.172,37.221,43.844,53.104,40.214,16.632
340,0.73174,3665.1,4474.5,8.6856,26.807,41.785,2708.7,74.924,120.41,0.30904,80.296,50.198,2637.0,25.991,51.242,3106.0,22.94,67.078,249.9,339.62,94.723,77.351,31.854,9.0001,26.708,6.8659,18.473,1.6989,32.48,13.627,24.295,1.2232,19.08,2.2904,4.7587,2.2803,0.019991,0.84874,0.096616,53.613,43.846,62.43,54.114,72.281,56.908,22.301,36.71,38.683,49.409,53.075,41.42,18.112
341,0.78492,3648.9,4577.3,8.805,26.852,42.018,2709.5,75.092,120.4,0.28595,80.291,50.16,2637.4,24.736,50.654,3107.4,23.252,67.107,248.67,339.76,94.743,77.129,31.714,8.932,26.874,6.8384,18.742,1.7249,32.351,13.779,24.648,1.2791,18.569,2.3316,4.7703,2.2589,0.032891,0.86952,0.10943,54.555,43.04,63.292,53.475,76.865,57.913,21.904,34.929,38.572,48.048,53.4,40.468,17.382
342,0.78474,3695.0,4512.4,8.7015,26.995,42.39,2707.1,75.075,120.41,0.28613,80.121,49.911,2635.1,25.511,47.85,3107.4,23.278,67.142,248.81,339.74,94.679,76.866,31.714,8.932,26.874,6.8384,18.742,1.7249,32.351,13.779,24.648,1.2791,18.569,2.3316,4.7703,2.2589,0.032891,0.86952,0.10943,54.555,43.04,62.499,54.25,76.882,55.875,21.93,34.907,37.838,41.557,53.452,41.349,17.343
343,0.80465,3678.0,4492.9,8.6381,27.066,42.257,2707.3,75.891,120.41,0.30613,80.048,49.758,2635.5,23.975,50.736,3105.1,23.09,67.09,251.22,339.61,94.628,77.413,32.237,8.8488,26.489,6.7499,18.844,1.6861,32.438,13.764,24.417,1.4423,18.734,2.3247,4.817,2.3076,0.032891,0.86952,0.10943,54.555,43.04,63.061,53.854,78.429,58.294,22.389,36.352,37.387,48.238,53.307,41.091,17.769
344,0.79977,3652.7,4490.9,8.7615,26.994,42.328,2707.4,74.889,120.39,0.30623,80.239,50.215,2635.8,24.419,49.661,3106.0,22.533,67.115,249.78,339.84,94.59,77.577,32.237,8.8488,26.489,6.7499,18.844,1.6861,32.438,13.764,24.417,1.4423,18.734,2.3247,4.817,2.3076,0.032891,0.86952,0.10943,54.555,43.04,63.495,53.878,78.909,56.456,21.794,36.339,38.732,45.749,53.502,40.52,19.069
345,0.75323,3713.8,4470.4,8.7405,26.788,42.594,2705.4,75.522,120.42,0.30305,80.253,49.478,2634.1,27.272,50.033,3105.4,21.145,67.152,251.44,338.99,94.535,77.159,32.045,8.9197,26.201,7.04,18.711,1.6829,32.795,13.703,24.679,1.349,18.518,2.3379,4.8737,2.3341,0.032891,0.86952,0.10943,54.555,43.04,63.303,53.869,73.966,57.893,21.583,36.25,36.564,46.611,53.417,41.323,22.389
346,0.75273,3693.3,4495.0,8.7738,26.454,42.186,2702.9,74.986,120.41,0.30266,80.105,49.601,2631.2,23.889,49.971,3101.3,22.553,67.149,252.71,339.07,94.534,77.171,32.045,8.9197,26.201,7.04,18.711,1.6829,32.795,13.703,24.679,1.349,18.518,2.3379,4.8737,2.3341,0.023062,0.85529,0.10032,53.368,43.862,63.657,53.575,74.016,57.753,21.788,36.297,36.927,46.467,53.943,41.727,19.054
347,0.77134,3622.2,4487.9,8.6633,26.976,41.864,2701.8,75.123,120.38,0.29577,80.067,51.72,2630.4,26.09,50.737,3099.6,21.671,67.146,252.11,339.39,94.767,76.993,31.865,8.85,26.425,6.9755,19.254,1.7463,32.465,13.898,24.621,1.0966,18.731,2.3564,4.8048,2.3371,0.023062,0.85529,0.10032,53.368,43.862,62.322,53.985,75.936,57.301,22.076,35.398,43.163,48.239,54.31,41.236,21.172
348,0.77138,3640.1,4492.0,8.8435,26.975,42.274,2702.7,75.845,120.39,0.29442,80.14,49.248,2631.0,26.049,49.36,3100.0,21.867,67.169,253.62,339.08,94.808,77.238,31.865,8.85,26.425,6.9755,19.254,1.7463,32.465,13.898,24.621,1.0966,18.731,2.3564,4.8048,2.3371,0.023062,0.85529,0.10032,53.368,43.862,62.016,53.936,75.932,55.646,21.906,35.562,35.887,45.052,54.489,41.046,20.699
349,0.79093,3615.3,4433.9,8.7653,26.946,42.124,2702.8,75.384,120.38,0.31495,80.197,51.769,2631.2,24.263,50.371,3099.2,23.327,67.195,255.92,339.51,94.767,77.029,32.222,8.9038,26.381,6.8273,18.981,1.7157,32.377,13.835,24.197,1.2243,19.267,2.3266,4.8351,2.2946,0.023062,0.85529,0.10032,53.368,43.862,62.889,53.264,77.913,56.906,21.898,38.221,43.305,47.394,54.596,40.715,17.247
350,0.79054,3611.4,4407.5,8.699,26.784,42.25,2702.7,75.462,120.38,0.31592,80.278,51.617,2631.9,24.995,50.88,3099.7,22.262,67.244,255.43,339.45,94.737,77.304,32.222,8.9038,26.381,6.8273,18.981,1.7157,32.377,13.835,24.197,1.2243,19.267,2.3266,4.8351,2.2946,0.023062,0.85529,0.10032,53.368,43.862,62.955,53.581,77.951,56.045,22.014,38.103,42.858,48.57,54.95,40.41,19.754
351,0.75805,3657.0,4465.2,8.7685,26.994,42.099,2701.8,75.131,120.39,0.30891,80.174,50.083,2630.4,24.08,50.873,3099.9,24.187,67.288,253.15,339.6,94.78,77.27,32.042,8.8303,26.804,7.0282,19.064,1.7006,32.878,13.888,24.182,1.2749,18.868,2.3343,4.8214,2.3215,-0.011401,0.86662,0.10338,54.147,43.212,63.453,53.501,74.653,57.766,21.875,37.344,38.345,48.555,55.145,39.446,15.189
352,0.76035,3680.0,4452.6,8.7151,26.829,41.883,2701.5,74.888,120.42,0.30899,80.219,50.82,2629.6,25.475,49.406,3100.1,22.913,67.321,255.41,339.41,94.674,76.72,32.042,8.8303,26.804,7.0282,19.064,1.7006,32.878,13.888,24.182,1.2749,18.868,2.3343,4.8214,2.3215,-0.011401,0.86662,0.10338,54.147,43.212,63.057,53.652,74.426,58.141,21.618,37.334,40.512,45.16,55.11,41.879,18.246
353,0.77706,3652.3,4477.8,8.7652,26.591,42.076,2700.2,74.371,120.34,0.31977,80.099,49.189,2628.5,23.925,50.059,3097.3,23.381,67.309,257.63,339.34,94.857,77.25,31.853,8.9147,26.017,6.9132,18.96,1.7611,32.472,13.857,24.36,1.4477,18.638,2.2843,4.932,2.3706,-0.011401,0.86662,0.10338,54.147,43.212,61.729,53.108,76.314,55.872,21.614,37.5,35.713,46.669,55.085,39.574,17.116
354,0.77797,3595.6,4480.5,8.839,26.771,42.568,2701.9,75.182,120.42,0.31599,80.304,50.82,2630.6,26.097,49.004,3098.9,23.204,67.34,256.55,339.32,94.729,77.509,31.853,8.9147,26.017,6.9132,18.96,1.7611,32.472,13.857,24.36,1.4477,18.638,2.2843,4.932,2.3706,-0.011401,0.86662,0.10338,54.147,43.212,62.703,53.076,76.225,57.24,21.915,37.961,40.514,44.229,55.349,41.296,17.507
355,0.79782,3617.5,4482.6,8.7332,26.814,42.316,2701.6,74.962,120.38,0.3113,80.297,48.288,2629.8,24.913,50.231,3101.1,22.928,67.413,255.65,339.0,94.84,77.282,31.479,8.8449,26.006,6.9413,18.827,1.682,32.34,13.681,23.644,1.2191,18.746,2.3231,4.8161,2.4038,-0.011401,0.86662,0.10338,54.147,43.212,63.252,53.264,78.368,57.635,21.734,37.779,33.063,47.069,55.592,40.316,18.169
356,0.7969,3660.0,4434.4,8.8854,27.071,42.68,2701.2,74.962,120.42,0.31334,80.234,48.077,2629.5,24.532,50.864,3100.5,22.945,67.436,256.39,339.47,94.733,77.229,31.479,8.8449,26.006,6.9413,18.827,1.682,32.34,13.681,23.644,1.2191,18.746,2.3231,4.8161,2.4038,0.029524,0.8694,0.097495,53.198,43.309,62.522,53.841,78.459,57.396,21.639,37.53,32.44,48.535,56.027,41.347,18.133
357,0.83968,3648.2,4499.9,8.8896,26.925,42.467,2703.2,75.423,120.38,0.29215,80.165,48.917,2631.4,22.515,49.416,3101.2,23.197,67.454,257.62,340.06,94.687,77.312,32.433,8.7929,26.143,6.9395,18.871,1.6937,32.238,13.907,24.146,1.178,18.793,2.3489,4.9795,2.3322,0.029524,0.8694,0.097495,53.198,43.309,62.434,53.365,82.43,59.016,21.924,35.329,34.912,45.183,56.228,39.942,17.537
358,0.839,3639.0,4468.2,8.7828,27.261,42.498,2705.2,75.587,120.41,0.29802,80.281,50.499,2633.6,25.76,49.223,3103.9,21.606,67.47,260.36,340.04,94.634,77.426,32.433,8.7929,26.143,6.9395,18.871,1.6937,32.238,13.907,24.146,1.178,18.793,2.3489,4.9795,2.3322,0.029524,0.8694,0.097495,53.198,43.309,62.593,53.744,82.496,57.997,22.077,34.614,39.569,44.736,56.293,41.376,21.302
359,0.74847,3634.2,4461.6,8.6922,26.855,42.323,2704.7,75.041,120.4,0.31868,80.313,49.521,2633.4,24.447,50.856,3100.4,22.375,67.525,261.37,340.81,94.633,77.666,32.753,8.9832,26.2,6.886,19.016,1.7371,32.289,13.773,24.055,1.2011,18.944,2.3254,4.75,2.3091,0.029524,0.8694,0.097495,53.198,43.309,62.636,53.703,73.732,59.928,22.314,38.092,36.691,48.514,56.511,40.508,19.455
360,0.74913,3640.7,4505.2,8.6752,27.194,41.917,2702.3,74.269,120.38,0.32071,80.171,49.112,2630.9,26.288,49.575,3100.5,23.045,67.552,260.61,340.52,94.844,77.109,32.753,8.9832,26.2,6.886,19.016,1.7371,32.289,13.773,24.055,1.2011,18.944,2.3254,4.75,2.3091,0.029524,0.8694,0.097495,53.198,43.309,62.524,53.18,73.667,57.349,22.143,37.844,35.485,45.55,56.883,40.185,17.899
361,0.71329,3661.3,4485.9,8.7529,26.767,42.395,2702.0,74.616,120.41,0.30476,80.19,50.671,2630.4,24.532,49.029,3098.1,22.95,67.552,262.63,340.84,94.667,77.024,32.202,8.8222,27.031,6.9487,18.72,1.6987,33.101,13.772,23.894,1.1508,18.825,2.3337,4.8596,2.2735,0.013311,0.86767,0.10527,54.604,44.378,62.61,53.028,70.265,58.933,22.147,36.214,40.076,44.287,57.141,41.091,18.134
362,0.71528,3671.1,4453.3,8.7909,27.064,42.3,2697.9,74.894,120.39,0.30172,79.906,48.602,2626.4,23.556,49.248,3097.3,23.063,67.532,266.48,340.27,94.872,76.906,32.202,8.8222,27.031,6.9487,18.72,1.6987,33.101,13.772,23.894,1.1508,18.825,2.3337,4.8596,2.2735,0.013311,0.86767,0.10527,54.604,44.378,62.441,53.418,70.07,56.667,21.818,36.585,33.985,44.794,57.162,40.036,17.897
363,0.76389,3626.1,4499.4,8.7378,27.273,42.612,2699.6,74.408,120.38,0.30332,79.946,50.057,2627.7,26.237,50.65,3097.2,22.792,67.512,264.68,339.95,94.718,77.453,32.604,9.0058,26.105,6.6436,17.956,1.6913,32.913,13.858,23.976,1.2716,18.666,2.2837,4.8794,2.3377,0.013311,0.86767,0.10527,54.604,44.378,62.632,53.577,75.185,57.895,22.087,36.302,38.266,48.039,57.688,40.554,18.521
364,0.7643,3663.1,4489.7,8.97,26.859,42.34,2705.3,74.277,120.42,0.30455,80.411,49.168,2634.7,26.046,50.844,3102.3,23.342,67.564,267.75,340.49,94.786,77.94,32.604,9.0058,26.105,6.6436,17.956,1.6913,32.913,13.858,23.976,1.2716,18.666,2.2837,4.8794,2.3377,0.013311,0.86767,0.10527,54.604,44.378,61.995,53.693,75.145,56.238,22.238,36.151,35.653,48.488,57.776,41.071,17.155
365,0.72458,3664.4,4587.2,8.7471,26.596,42.368,2705.0,76.042,120.43,0.31233,80.426,49.212,2633.4,24.796,49.053,3105.0,22.905,67.697,264.94,339.84,94.514,77.359,31.668,9.1215,26.439,6.871,18.432,1.7004,32.83,13.918,23.394,1.3222,18.697,2.3506,4.8574,2.2993,0.013311,0.86767,0.10527,54.604,44.378,64.731,54.476,70.964,56.312,21.339,37.49,35.781,44.343,58.379,41.009,18.209
366,0.7253,3743.0,4557.7,8.7451,26.928,42.467,2703.1,75.078,120.43,0.31311,80.256,49.961,2631.5,25.263,49.261,3103.8,23.562,67.743,267.66,339.75,94.489,77.344,31.668,9.1215,26.439,6.871,18.432,1.7004,32.83,13.918,23.394,1.3222,18.697,2.3506,4.8574,2.2993,0.023864,0.86734,0.094459,54.39,44.772,63.378,54.828,70.893,59.475,21.456,37.395,37.986,44.824,58.503,41.521,16.656
367,0.81564,3675.4,4524.2,8.6785,26.905,42.445,2704.5,74.392,120.39,0.31835,80.346,50.065,2633.2,25.337,51.624,3102.9,22.239,67.818,267.72,339.75,94.51,77.171,31.889,8.8199,25.963,6.8363,18.708,1.7452,32.636,13.673,23.944,1.2487,18.765,2.3293,4.7467,2.2982,0.023864,0.86734,0.094459,54.39,44.772,62.665,54.158,79.924,59.657,21.89,38.46,38.291,50.293,58.855,40.885,19.795
368,0.81487,3677.7,4540.4,8.6047,26.556,42.442,2703.9,74.534,120.4,0.31934,80.316,50.119,2632.3,25.518,51.343,3104.0,22.39,67.843,268.88,339.58,94.574,77.239,31.889,8.8199,25.963,6.8363,18.708,1.7452,32.636,13.673,23.944,1.2487,18.765,2.3293,4.7467,2.2982,0.023864,0.86734,0.094459,54.39,44.772,62.626,53.965,80.0,58.952,21.511,38.34,38.451,49.641,59.109,41.584,19.437
369,0.79799,3693.1,4510.0,8.7119,26.831,42.115,2704.0,75.224,120.38,0.29261,80.203,50.11,2632.0,26.283,50.201,3103.7,22.769,67.887,269.42,339.67,94.53,77.137,32.319,8.7989,26.418,7.1386,18.862,1.7118,32.806,13.637,23.872,1.3287,18.297,2.3249,4.7986,2.309,0.023864,0.86734,0.094459,54.39,44.772,62.691,53.687,78.28,56.338,21.608,34.99,38.425,46.998,59.416,41.055,18.548
370,0.79626,3670.4,4470.2,8.7605,27.161,42.541,2705.5,74.985,120.38,0.29371,80.368,50.172,2635.5,24.019,49.161,3103.5,23.003,67.887,268.91,340.05,94.44,77.416,32.319,8.7989,26.418,7.1386,18.862,1.7118,32.806,13.637,23.872,1.3287,18.297,2.3249,4.7986,2.309,0.023864,0.86734,0.094459,54.39,44.772,63.082,54.162,78.449,58.058,22.217,34.857,38.606,44.593,59.816,40.949,17.966
371,0.7551,3592.4,4501.7,8.86,26.842,42.411,2706.7,75.155,120.39,0.28796,80.46,49.37,2635.2,23.507,50.338,3103.0,22.398,67.979,272.08,340.39,94.611,77.712,32.039,9.0421,26.09,6.7617,18.731,1.715,32.928,13.958,23.952,1.1125,18.503,2.3355,4.7927,2.3297,0.025123,0.84347,0.12233,53.82,43.573,61.674,53.406,74.499,56.049,22.135,34.364,36.245,47.316,59.933,41.02,19.36
372,0.7585,3587.2,4464.1,8.7203,26.884,41.746,2705.8,75.882,120.39,0.28777,80.329,50.574,2635.0,24.017,51.204,3102.5,21.782,68.031,270.4,340.85,94.787,77.22,32.039,9.0421,26.09,6.7617,18.731,1.715,32.928,13.958,23.952,1.1125,18.503,2.3355,4.7927,2.3297,0.025123,0.84347,0.12233,53.82,43.573,61.763,53.856,74.164,60.363,22.131,34.386,39.789,49.319,60.452,40.983,20.849
373,0.78164,3653.1,4474.9,8.7389,27.074,42.58,2703.0,74.278,120.4,0.32266,80.05,50.013,2632.2,24.202,49.122,3103.0,21.934,68.022,272.98,340.46,94.647,76.755,32.084,8.8883,26.263,6.977,18.809,1.7111,32.711,13.749,23.834,1.3974,19.021,2.3166,4.9288,2.3776,0.025123,0.84347,0.12233,53.82,43.573,63.87,54.045,77.232,58.75,22.05,38.672,38.14,44.502,60.593,41.051,20.546
374,0.78422,3643.8,4479.0,8.7148,27.08,42.472,2700.0,75.518,120.4,0.32605,79.666,50.886,2627.7,26.554,50.377,3099.4,24.36,67.931,275.6,340.08,94.716,76.856,32.084,8.8883,26.263,6.977,18.809,1.7111,32.711,13.749,23.834,1.3974,19.021,2.3166,4.9288,2.3776,0.025123,0.84347,0.12233,53.82,43.573,64.029,53.996,76.977,58.109,21.583,38.257,40.706,47.408,60.738,40.594,14.823
375,0.77871,3615.1,4465.0,8.8599,27.299,42.225,2702.2,74.423,120.38,0.29939,79.816,50.602,2630.5,26.262,49.756,3099.4,22.336,67.879,276.9,340.43,94.671,76.976,32.162,9.0659,26.535,6.6511,19.06,1.6711,32.722,13.904,24.284,1.4348,18.514,2.3405,4.8624,2.3717,0.025123,0.84347,0.12233,53.82,43.573,62.647,53.972,76.929,57.305,22.28,35.956,39.872,45.97,61.002,40.859,19.634
376,0.78105,3632.0,4533.4,8.7696,26.437,42.244,2705.3,74.513,120.42,0.29991,80.179,51.609,2634.0,25.326,48.483,3103.0,23.328,67.903,277.62,340.48,94.744,77.477,32.162,9.0659,26.535,6.6511,19.06,1.6711,32.722,13.904,24.284,1.4348,18.514,2.3405,4.8624,2.3717,0.019262,0.8409,0.10818,53.064,43.997,62.357,53.154,76.699,56.431,21.985,35.892,42.834,43.024,60.736,41.039,17.236
377,0.77378,3715.9,4451.0,8.8542,26.934,41.85,2707.1,75.131,120.41,0.31909,80.354,49.949,2635.4,24.164,50.913,3103.7,22.997,68.015,274.64,340.76,94.501,77.48,32.226,8.9944,26.378,6.8681,18.768,1.6798,33.06,13.839,24.188,1.3495,18.322,2.3447,4.8365,2.2948,0.019262,0.8409,0.10818,53.064,43.997,63.834,53.497,76.056,55.584,22.293,37.714,37.949,48.647,61.12,41.773,17.996
378,0.77473,3711.1,4456.9,8.7191,27.144,42.292,2706.4,75.091,120.42,0.31512,80.44,50.289,2635.1,24.963,50.48,3104.0,23.78,68.125,275.21,340.83,94.358,77.284,32.226,8.9944,26.378,6.8681,18.768,1.6798,33.06,13.839,24.188,1.3495,18.322,2.3447,4.8365,2.2948,0.019262,0.8409,0.10818,53.064,43.997,63.917,53.427,75.963,59.021,22.248,38.198,38.95,47.644,61.182,42.151,16.131
379,0.76772,3665.7,4495.6,8.7715,26.899,42.704,2705.0,74.965,120.41,0.30736,80.466,50.645,2634.2,24.23,48.683,3102.2,23.382,68.206,275.62,340.51,94.479,77.415,32.24,8.8975,26.405,6.8245,18.656,1.7834,33.107,13.79,23.472,1.1507,18.643,2.3575,4.8362,2.3413,0.019262,0.8409,0.10818,53.064,43.997,62.912,53.659,75.422,58.558,22.192,37.475,39.997,43.487,61.256,41.492,17.045
380,0.76738,3670.6,4487.0,8.6886,26.742,42.105,2701.3,75.964,120.37,0.30895,80.198,50.094,2630.2,25.022,50.721,3098.7,21.573,68.234,272.75,340.71,94.6,76.971,32.24,8.8975,26.405,6.8245,18.656,1.7834,33.107,13.79,23.472,1.1507,18.643,2.3575,4.8362,2.3413,0.019262,0.8409,0.10818,53.064,43.997,62.828,53.76,75.454,56.26,22.077,37.282,38.375,48.202,61.622,40.786,21.385
381,0.76337,3699.3,4503.9,8.7154,26.866,42.161,2697.5,75.339,120.39,0.30492,79.85,50.26,2626.5,24.622,50.277,3094.4,22.31,68.148,276.77,340.94,94.657,76.864,31.936,9.0896,26.17,6.894,18.951,1.7186,33.015,13.789,23.643,1.4332,18.718,2.3374,4.9177,2.327,0.014258,0.87239,0.11406,54.17,44.491,62.749,53.844,75.483,58.098,22.045,36.458,38.864,47.175,61.326,41.789,19.676
382,0.76466,3684.0,4519.0,8.7756,26.77,41.899,2698.1,75.53,120.4,0.30628,79.935,51.207,2626.9,24.999,49.43,3095.2,22.638,68.078,277.71,340.27,94.667,77.227,31.936,9.0896,26.17,6.894,18.951,1.7186,33.015,13.789,23.643,1.4332,18.718,2.3374,4.9177,2.327,0.014258,0.87239,0.11406,54.17,44.491,63.014,53.663,75.356,54.586,22.016,36.293,41.652,45.214,61.339,40.958,18.886
383,0.79837,3642.6,4426.6,8.7014,26.593,42.54,2700.2,75.326,120.4,0.30596,80.216,50.503,2628.5,26.07,50.494,3096.9,22.282,68.096,279.31,340.69,94.543,77.425,31.889,9.0815,26.108,6.8818,18.868,1.7106,32.767,13.816,23.681,1.3622,18.156,2.2994,4.8586,2.2526,0.014258,0.87239,0.11406,54.17,44.491,63.137,54.04,78.034,58.839,21.752,36.256,39.579,47.676,61.291,41.759,19.713
384,0.79646,3647.4,4450.4,8.7456,27.076,41.793,2702.4,74.637,120.39,0.3041,80.383,49.865,2632.2,24.966,49.953,3099.3,24.179,68.173,279.0,340.54,94.66,77.565,31.889,9.0815,26.108,6.8818,18.868,1.7106,32.767,13.816,23.681,1.3622,18.156,2.2994,4.8586,2.2526,0.014258,0.87239,0.11406,54.17,44.491,63.054,53.755,78.222,55.736,22.244,36.483,37.702,46.424,61.408,41.575,15.178
385,0.80361,3662.2,4500.6,8.8311,26.964,42.472,2703.9,75.283,120.4,0.30824,80.585,50.111,2633.7,23.516,50.314,3101.6,23.091,68.303,276.38,340.65,94.455,77.264,31.882,8.7755,26.325,6.9883,18.995,1.6989,32.654,14.038,23.469,1.2554,18.918,2.3946,4.8675,2.2854,0.014258,0.87239,0.11406,54.17,44.491,62.901,53.337,78.978,56.827,22.328,36.672,38.426,47.261,61.723,40.832,17.758
386,0.80553,3648.7,4455.4,8.8798,26.558,42.253,2701.3,75.608,120.4,0.3105,80.262,50.31,2629.4,25.096,49.581,3098.6,23.387,68.349,279.95,341.0,94.642,77.012,31.882,8.7755,26.325,6.9883,18.995,1.6989,32.654,14.038,23.469,1.2554,18.918,2.3946,4.8675,2.2854,0.015109,0.86224,0.086937,53.428,43.541,63.134,53.878,78.789,56.913,21.915,36.396,39.012,45.564,62.331,41.087,17.082
387,0.80777,3616.6,4452.7,8.7574,27.068,42.616,2700.2,75.781,120.4,0.33702,80.204,51.542,2628.0,25.718,51.587,3098.1,22.538,68.314,280.26,340.66,94.607,77.192,32.242,8.8227,25.863,6.9506,18.996,1.7527,32.911,13.915,23.809,1.2703,18.535,2.3234,4.8744,2.2996,0.015109,0.86224,0.086937,53.428,43.541,62.702,53.57,79.32,57.929,21.984,39.242,42.639,50.207,62.755,40.778,19.088
388,0.8068,3659.9,4419.8,8.7489,26.791,42.265,2702.3,76.055,120.38,0.33471,80.415,48.064,2631.3,26.469,48.953,3097.2,23.284,68.368,282.64,341.58,94.665,77.727,32.242,8.8227,25.863,6.9506,18.996,1.7527,32.911,13.915,23.809,1.2703,18.535,2.3234,4.8744,2.2996,0.015109,0.86224,0.086937,53.428,43.541,61.956,53.964,79.414,57.411,22.452,39.524,32.401,44.11,62.994,40.771,17.262
389,0.77345,3642.8,4451.3,8.7284,26.957,42.217,2701.4,74.786,120.4,0.32171,80.295,51.257,2629.5,26.517,50.44,3097.1,22.622,68.447,282.98,341.59,94.743,77.056,32.172,8.9245,26.215,6.9263,19.362,1.6996,32.999,13.916,24.027,1.2683,18.657,2.3571,4.8963,2.265,0.015109,0.86224,0.086937,53.428,43.541,62.5,53.55,76.103,56.757,21.956,38.06,41.8,47.553,63.409,40.812,18.88
390,0.77267,3652.6,4482.1,8.737,27.022,42.4,2698.4,75.021,120.38,0.32029,80.06,50.586,2626.1,24.672,51.094,3095.5,24.149,68.459,283.19,341.44,94.771,76.809,32.172,8.9245,26.215,6.9263,19.362,1.6996,32.999,13.916,24.027,1.2683,18.657,2.3571,4.8963,2.265,0.015109,0.86224,0.086937,53.428,43.541,62.331,53.181,76.18,58.496,22.082,38.233,39.824,49.065,63.837,40.564,15.292
391,0.78033,3628.6,4453.3,8.8828,26.954,42.285,2698.6,74.817,120.4,0.31815,80.017,50.97,2627.1,27.089,48.013,3094.3,23.709,68.408,282.89,341.53,94.787,77.102,32.45,9.0173,26.07,6.8643,18.744,1.7309,32.923,13.875,23.238,1.1064,18.519,2.3838,4.8846,2.3751,0.025634,0.84308,0.099459,53.344,43.554,62.904,52.56,76.729,58.134,22.436,38.649,40.954,41.935,64.111,40.523,16.333
392,0.78052,3625.3,4409.7,8.6835,27.15,42.493,2700.6,74.871,120.41,0.31963,80.213,49.038,2629.1,24.891,50.02,3095.5,22.553,68.406,285.54,341.79,94.762,77.826,32.45,9.0173,26.07,6.8643,18.744,1.7309,32.923,13.875,23.238,1.1064,18.519,2.3838,4.8846,2.3751,0.025634,0.84308,0.099459,53.344,43.554,62.96,53.082,76.709,59.281,22.531,38.468,35.27,46.58,64.236,41.385,19.023
393,0.75194,3646.0,4522.8,8.7235,26.867,42.505,2703.6,74.683,120.42,0.31792,80.464,50.15,2632.5,23.972,48.215,3097.0,22.29,68.528,285.94,342.02,94.628,77.719,32.383,9.0331,26.129,6.9135,18.738,1.7229,33.067,14.054,23.533,1.3108,18.991,2.357,4.8419,2.2395,0.025634,0.84308,0.099459,53.344,43.554,63.135,53.197,73.965,58.122,22.507,37.699,38.542,42.402,64.552,41.023,19.632
394,0.75081,3668.8,4483.7,8.759,26.813,42.502,2703.1,75.068,120.4,0.31515,80.532,50.502,2633.1,25.273,50.798,3099.0,23.673,68.648,286.34,341.87,94.556,77.519,32.383,9.0331,26.129,6.9135,18.738,1.7229,33.067,14.054,23.533,1.3108,18.991,2.357,4.8419,2.2395,0.025634,0.84308,0.099459,53.344,43.554,62.743,53.665,74.077,58.049,22.49,38.038,39.577,48.382,64.864,41.659,16.329
395,0.75541,3641.3,4501.4,8.7967,26.882,42.487,2700.1,75.305,120.38,0.3358,80.27,48.642,2628.5,25.687,49.967,3098.0,21.957,68.696,289.54,341.48,94.645,77.024,32.296,8.9441,25.85,6.9057,18.837,1.7414,32.948,14.005,23.34,1.2503,18.572,2.3373,4.878,2.3373,0.025634,0.84308,0.099459,53.344,43.554,62.778,53.474,74.433,56.529,21.903,40.514,34.103,46.457,64.925,41.086,20.445
396,0.75428,3609.9,4493.2,8.7064,26.867,42.39,2698.8,76.014,120.39,0.33992,80.038,51.412,2626.8,25.003,49.235,3096.1,22.535,68.644,287.2,341.68,94.745,77.063,32.296,8.9441,25.85,6.9057,18.837,1.7414,32.948,14.005,23.34,1.2503,18.572,2.3373,4.878,2.3373,0.016027,0.84205,0.10595,53.572,43.99,63.318,53.572,74.544,56.974,21.905,40.011,42.256,44.765,65.026,40.704,19.096
397,0.76332,3655.8,4453.1,8.8175,26.681,42.12,2698.4,73.791,120.42,0.33171,79.924,51.194,2626.6,24.469,48.412,3094.4,23.111,68.566,289.92,341.91,94.702,77.046,32.068,8.8534,26.264,6.9246,18.707,1.7348,32.85,13.99,23.598,1.1859,18.579,2.3699,4.9139,2.3348,0.016027,0.84205,0.10595,53.572,43.99,62.57,53.805,75.003,58.753,21.932,40.013,41.614,42.858,64.938,41.048,17.749
398,0.76148,3629.2,4466.2,8.8488,26.88,42.308,2701.2,74.321,120.4,0.33435,80.159,50.587,2629.5,27.158,49.622,3096.3,22.156,68.534,288.94,342.32,94.742,77.617,32.068,8.8534,26.264,6.9246,18.707,1.7348,32.85,13.99,23.598,1.1859,18.579,2.3699,4.9139,2.3348,0.016027,0.84205,0.10595,53.572,43.99,63.028,53.649,75.185,58.759,22.386,39.691,39.828,45.66,65.181,40.486,19.975
399,0.78488,3632.9,4484.3,8.7891,26.607,42.396,2703.6,74.394,120.43,0.33142,80.333,50.194,2632.8,25.599,51.387,3099.6,23.361,68.588,290.57,341.95,94.599,77.822,32.212,8.7584,25.813,6.7737,18.76,1.7268,33.005,13.941,23.654,1.2909,18.844,2.3462,4.9408,2.296,0.016027,0.84205,0.10595,53.572,43.99,62.767,53.752,77.238,58.261,22.073,39.89,38.672,49.743,65.188,41.023,17.08
400,0.78572,3651.8,4464.4,8.6907,27.274,42.15,2705.9,75.638,120.41,0.33243,80.527,50.179,2635.3,24.821,49.895,3102.9,23.159,68.677,291.41,342.41,94.604,77.752,32.212,8.7584,25.813,6.7737,18.76,1.7268,33.005,13.941,23.654,1.2909,18.844,2.3462,4.9408,2.296,0.016027,0.84205,0.10595,53.572,43.99,62.443,53.991,77.156,59.39,22.617,39.767,38.626,46.291,65.259,40.942,17.535
401,0.7719,3689.0,4515.3,8.8644,26.585,42.21,2706.6,75.331,120.41,0.33082,80.485,49.211,2635.7,23.942,49.301,3101.8,23.114,68.786,290.46,342.49,94.493,77.38,32.486,8.8019,26.373,6.7379,18.699,1.7165,32.961,13.767,23.643,1.0218,18.205,2.3278,4.8988,2.3001,0.014187,0.84583,0.094083,53.802,44.493,63.157,53.259,75.867,57.91,22.325,38.876,35.778,44.916,65.468,40.932,17.651
402,0.77108,3672.9,4484.2,8.7465,26.833,42.143,2705.0,75.74,120.42,0.33073,80.325,50.157,2633.6,26.454,49.09,3101.6,22.502,68.806,289.2,342.37,94.554,77.343,32.486,8.8019,26.373,6.7379,18.699,1.7165,32.961,13.767,23.643,1.0218,18.205,2.3278,4.8988,2.3001,0.014187,0.84583,0.094083,53.802,44.493,63.434,53.631,75.947,58.582,22.49,38.887,38.562,44.428,65.718,41.047,19.105
403,0.74255,3697.9,4480.8,8.8533,26.87,41.896,2704.1,75.824,120.4,0.30846,80.168,47.835,2633.1,23.008,49.831,3099.7,23.171,68.781,290.63,343.11,94.501,77.247,32.116,8.9225,26.294,6.7855,18.563,1.7063,32.57,13.951,23.814,1.1628,18.711,2.335,4.8511,2.4173,0.014187,0.84583,0.094083,53.802,44.493,63.436,53.829,73.225,58.842,22.488,36.994,31.727,46.143,65.732,41.374,17.527
404,0.74326,3701.8,4475.3,8.7198,26.889,41.972,2704.4,74.961,120.42,0.31138,80.253,49.562,2633.7,25.462,49.766,3099.3,22.657,68.766,291.7,342.76,94.457,77.388,32.116,8.9225,26.294,6.7855,18.563,1.7063,32.57,13.951,23.814,1.1628,18.711,2.335,4.8511,2.4173,0.014187,0.84583,0.094083,53.802,44.493,63.369,53.895,73.155,57.754,22.641,36.638,36.81,45.993,65.776,42.054,18.737
405,0.77866,3695.8,4517.1,8.8717,26.997,42.698,2702.5,75.874,120.4,0.3321,80.178,50.793,2632.1,25.226,46.691,3098.3,23.396,68.773,290.72,342.43,94.417,77.409,32.061,8.8183,26.042,6.9243,18.804,1.7142,33.198,14.03,23.811,1.3151,18.362,2.3482,4.8372,2.2881,0.014187,0.84583,0.094083,53.802,44.493,63.169,53.754,76.465,57.335,22.441,39.07,40.433,38.876,66.001,41.173,16.982
406,0.77638,3685.3,4472.2,8.7717,26.878,42.405,2701.1,74.255,120.4,0.33246,80.075,51.005,2630.2,23.802,50.322,3097.3,23.125,68.756,293.68,342.39,94.659,77.26,32.061,8.8183,26.042,6.9243,18.804,1.7142,33.198,14.03,23.811,1.3151,18.362,2.3482,4.8372,2.2881,0.018992,0.81395,0.10004,53.594,43.561,63.349,54.292,76.689,58.234,22.405,39.026,41.059,47.28,65.99,41.966,17.647
407,0.7856,3642.4,4488.6,8.816,26.958,42.307,2699.6,74.824,120.39,0.34218,80.031,50.26,2628.3,24.5,49.842,3096.8,22.161,68.738,291.84,341.55,94.454,77.108,32.587,8.8566,26.599,6.9226,18.482,1.7347,33.32,13.944,23.907,1.206,17.897,2.3391,4.8711,2.2247,0.018992,0.81395,0.10004,53.594,43.561,62.896,53.519,77.031,58.52,22.341,40.201,38.866,46.168,66.343,40.351,19.96
408,0.78533,3643.1,4479.8,8.7886,27.087,42.483,2700.5,75.405,120.38,0.34183,80.004,49.901,2629.6,25.367,49.056,3096.4,23.644,68.699,293.67,342.29,94.758,77.597,32.587,8.8566,26.599,6.9226,18.482,1.7347,33.32,13.944,23.907,1.206,17.897,2.3391,4.8711,2.2247,0.018992,0.81395,0.10004,53.594,43.561,62.885,53.625,77.058,58.734,22.299,40.244,37.809,44.35,66.371,41.528,16.416
409,0.73146,3657.7,4518.3,8.8977,27.035,42.26,2704.5,75.552,120.38,0.32764,80.474,49.732,2635.3,26.034,49.254,3099.5,22.626,68.798,292.86,342.7,94.516,77.872,32.148,8.9241,26.078,6.8531,18.447,1.6567,33.097,14.015,23.509,1.2073,18.674,2.356,4.9059,2.2067,0.018992,0.81395,0.10004,53.594,43.561,62.609,53.977,72.073,57.314,22.772,39.931,37.311,44.808,66.629,40.187,18.778
410,0.73168,3622.9,4468.1,8.8813,26.834,42.415,2706.1,75.007,120.41,0.33322,80.582,49.412,2635.6,25.413,48.695,3101.2,22.429,68.893,292.63,342.77,94.61,77.542,32.148,8.9241,26.078,6.8531,18.447,1.6567,33.097,14.015,23.509,1.2073,18.674,2.356,4.9059,2.2067,0.018992,0.81395,0.10004,53.594,43.561,63.208,54.577,72.052,57.104,22.731,39.25,36.369,43.514,66.828,41.789,19.242
411,0.77254,3698.3,4497.6,8.9179,27.291,42.129,2704.5,75.023,120.41,0.33979,80.435,50.008,2633.9,23.776,51.703,3101.5,22.43,68.938,293.04,341.88,94.448,77.446,32.815,8.8392,26.226,6.92,18.495,1.7271,33.118,13.853,23.799,1.4322,18.289,2.344,4.7992,2.3124,0.0062817,0.80654,0.10722,53.772,43.458,62.514,54.363,76.017,55.902,22.559,40.574,38.124,50.475,66.143,40.68,19.236
412,0.77192,3685.3,4512.1,8.7205,26.85,42.065,2703.9,74.777,120.39,0.34225,80.228,50.131,2632.2,26.13,49.959,3099.7,23.678,68.935,290.21,342.17,94.708,77.148,32.815,8.8392,26.226,6.92,18.495,1.7271,33.118,13.853,23.799,1.4322,18.289,2.344,4.7992,2.3124,0.0062817,0.80654,0.10722,53.772,43.458,62.738,54.189,76.078,57.945,22.312,40.274,38.486,46.438,66.217,40.849,16.302
413,0.70533,3642.7,4541.6,8.6751,26.885,42.086,2701.9,76.357,120.38,0.32628,80.117,50.17,2630.0,25.981,49.499,3096.8,23.285,68.85,291.17,342.63,94.509,77.32,32.113,8.8985,26.406,7.1268,18.035,1.7137,32.912,13.836,24.011,1.2917,18.101,2.3674,4.9196,2.338,0.0062817,0.80654,0.10722,53.772,43.458,62.88,53.769,69.348,57.546,22.478,38.053,38.601,45.375,65.956,41.281,17.234
414,0.70737,3665.8,4552.7,8.7354,27.279,42.313,2700.3,74.946,120.38,0.32277,80.08,50.876,2629.8,26.466,49.961,3095.7,22.327,68.814,292.99,342.53,94.857,77.209,32.113,8.8985,26.406,7.1268,18.035,1.7137,32.912,13.836,24.011,1.2917,18.101,2.3674,4.9196,2.338,0.0062817,0.80654,0.10722,53.772,43.458,62.481,53.636,69.147,58.25,22.809,38.482,40.678,46.444,65.621,40.612,19.523
415,0.77066,3613.4,4537.1,8.774,27.309,41.857,2702.7,74.81,120.4,0.3178,80.138,50.074,2631.9,25.979,50.015,3097.8,22.717,68.743,290.05,341.73,94.677,77.147,32.241,8.9796,26.216,6.7946,18.72,1.7122,33.202,13.837,23.638,1.2704,18.403,2.3442,4.8765,2.2235,0.0062817,0.80654,0.10722,53.772,43.458,61.437,55.037,75.7,58.416,22.625,38.648,38.318,46.569,65.714,41.489,18.608
416,0.76828,3606.5,4572.7,8.7716,27.147,42.448,2702.8,74.893,120.37,0.3207,79.965,49.961,2631.2,24.985,49.907,3098.6,22.818,68.687,289.13,342.0,94.978,77.169,32.241,8.9796,26.216,6.7946,18.72,1.7122,33.202,13.837,23.638,1.2704,18.403,2.3442,4.8765,2.2235,0.0042774,0.81829,0.099008,54.032,44.375,61.554,54.611,75.934,57.536,22.493,38.295,37.984,46.32,65.391,40.126,18.384
417,0.76046,3678.4,4508.7,8.6867,26.73,42.177,2705.0,75.062,120.41,0.32123,80.043,49.664,2634.0,24.419,49.165,3100.0,22.645,68.617,291.69,342.46,94.577,77.551,32.362,9.0519,26.519,7.0221,18.83,1.7187,32.856,13.874,23.385,1.2557,18.84,2.323,4.8732,2.2914,0.0042774,0.81829,0.099008,54.032,44.375,63.158,53.764,74.294,58.446,22.407,38.297,37.111,44.601,64.896,41.249,18.775
418,0.75879,3664.7,4489.8,8.8614,26.771,42.343,2706.8,75.438,120.4,0.32272,80.324,49.496,2636.4,24.304,51.24,3103.6,22.841,68.65,289.38,341.74,94.631,77.527,32.362,9.0519,26.519,7.0221,18.83,1.7187,32.856,13.874,23.385,1.2557,18.84,2.323,4.8732,2.2914,0.0042774,0.81829,0.099008,54.032,44.375,63.392,53.99,74.458,56.351,22.363,38.115,36.616,49.404,64.831,41.422,18.292
419,0.74496,3584.1,4506.0,8.7952,27.134,42.19,2705.8,74.41,120.4,0.3268,80.305,50.614,2634.8,25.499,49.477,3102.3,23.987,68.683,287.36,341.72,94.558,77.126,32.51,8.8024,26.126,6.854,18.982,1.7461,32.911,13.86,23.372,1.3071,18.152,2.3611,4.9218,2.248,0.0042774,0.81829,0.099008,54.032,44.375,62.76,53.526,73.291,59.61,22.486,38.648,39.907,45.323,64.738,40.377,15.588
420,0.74406,3599.7,4464.9,8.8662,27.108,42.634,2704.8,74.154,120.38,0.32603,80.173,50.911,2633.4,24.716,49.663,3100.9,22.138,68.667,288.27,342.04,94.829,77.088,32.51,8.8024,26.126,6.854,18.982,1.7461,32.911,13.86,23.372,1.3071,18.152,2.3611,4.9218,2.248,0.0042774,0.81829,0.099008,54.032,44.375,62.492,54.018,73.38,57.385,22.346,38.743,40.782,45.753,64.388,40.57,19.987
421,0.72817,3681.6,4464.8,8.9145,26.96,42.432,2703.5,74.658,120.41,0.3255,80.118,48.526,2633.4,23.143,50.085,3099.7,22.85,68.583,288.12,341.93,94.596,77.533,31.917,8.6906,26.172,6.9333,19.036,1.7383,33.256,13.766,23.895,1.1971,18.309,2.3358,4.8785,2.2706,0.011402,0.79881,0.10994,53.938,44.644,62.503,53.625,71.611,59.137,22.451,38.509,33.761,46.731,64.394,41.468,18.273
422,0.73072,3673.3,4467.1,8.792,26.909,42.353,2704.4,74.812,120.41,0.32401,80.252,51.201,2633.9,24.751,49.671,3100.2,22.883,68.597,284.15,341.92,94.633,77.362,31.917,8.6906,26.172,6.9333,19.036,1.7383,33.256,13.766,23.895,1.1971,18.309,2.3358,4.8785,2.2706,0.011402,0.79881,0.10994,53.938,44.644,62.645,53.597,71.36,57.095,22.355,38.691,41.633,45.774,64.594,40.769,18.198
423,0.78682,3627.5,4494.4,8.7932,26.703,42.064,2703.7,75.384,120.38,0.31635,80.16,49.967,2632.2,24.318,48.784,3100.6,23.472,68.598,286.31,341.52,94.662,77.471,31.869,8.9646,26.514,6.7761,18.691,1.7254,33.254,13.877,23.888,1.0711,18.584,2.3594,4.8583,2.223,0.011402,0.79881,0.10994,53.938,44.644,62.727,53.098,77.078,59.159,22.142,37.09,38.002,43.719,64.246,40.647,16.797
424,0.78545,3629.3,4500.5,8.7992,26.999,42.326,2705.3,74.29,120.38,0.31414,80.233,50.32,2633.9,23.857,49.474,3101.5,22.994,68.562,284.75,342.03,94.645,77.493,31.869,8.9646,26.514,6.7761,18.691,1.7254,33.254,13.877,23.888,1.0711,18.584,2.3594,4.8583,2.223,0.011402,0.79881,0.10994,53.938,44.644,62.698,53.026,77.212,56.214,22.456,37.36,39.042,45.317,64.231,41.15,17.926
425,0.79425,3697.1,4475.8,8.8318,26.624,42.123,2707.4,74.219,120.42,0.32865,80.239,49.12,2635.8,23.7,48.428,3102.3,22.211,68.579,284.55,342.67,94.601,77.183,32.025,8.8971,26.3,6.6936,19.243,1.7759,33.297,13.837,23.462,1.3657,18.539,2.3521,4.8733,2.3654,0.011402,0.79881,0.10994,53.938,44.644,62.935,54.154,77.853,56.8,22.24,38.562,35.511,42.897,64.094,41.526,19.801
426,0.7944,3708.2,4521.0,8.829,27.026,42.549,2705.3,75.288,120.41,0.3247,80.083,49.399,2634.6,25.784,49.505,3102.0,22.711,68.552,282.72,342.66,94.532,77.434,32.025,8.8971,26.3,6.6936,19.243,1.7759,33.297,13.837,23.462,1.3657,18.539,2.3521,4.8733,2.3654,0.037977,0.81532,0.08746,53.306,44.425,62.744,53.613,77.838,59.435,22.601,39.044,36.331,45.389,63.559,40.976,18.608
427,0.77891,3721.1,4462.4,8.7315,26.898,42.134,2705.8,75.33,120.42,0.3237,80.21,49.399,2634.5,25.119,49.723,3101.2,22.944,68.508,281.38,342.52,94.505,77.456,32.449,8.9156,26.335,6.741,18.812,1.7354,33.284,13.71,23.679,1.0273,18.463,2.3648,4.8702,2.3287,0.037977,0.81532,0.08746,53.306,44.425,63.385,52.928,76.889,55.764,22.635,38.136,36.331,45.894,63.289,41.943,18.047
428,0.78087,3695.8,4441.9,8.8189,26.746,42.258,2704.3,74.901,120.43,0.32192,80.205,49.883,2633.5,24.723,48.456,3100.0,23.954,68.525,280.88,342.58,94.36,77.019,32.449,8.9156,26.335,6.741,18.812,1.7354,33.284,13.71,23.679,1.0273,18.463,2.3648,4.8702,2.3287,0.037977,0.81532,0.08746,53.306,44.425,63.82,53.173,76.697,59.642,22.454,38.353,37.756,42.96,62.944,41.609,15.671
429,0.73982,3673.1,4501.1,8.8229,27.039,42.189,2702.3,75.208,120.41,0.30657,80.23,50.709,2632.1,23.076,49.772,3098.9,23.296,68.476,278.49,342.2,94.578,77.385,31.88,8.8663,26.309,6.9454,18.609,1.7304,33.23,13.998,23.568,1.2752,18.578,2.3476,4.8858,2.3158,0.037977,0.81532,0.08746,53.306,44.425,63.95,53.479,72.569,56.672,22.499,36.762,40.188,46.007,62.769,41.01,17.205
430,0.73791,3672.9,4469.3,8.766,27.265,42.271,2700.6,74.865,120.41,0.30976,80.148,49.753,2630.1,27.099,50.593,3096.3,23.262,68.428,277.46,342.19,94.434,77.281,31.88,8.8663,26.309,6.9454,18.609,1.7304,33.23,13.998,23.568,1.2752,18.578,2.3476,4.8858,2.3158,0.037977,0.81532,0.08746,53.306,44.425,63.954,53.859,72.756,57.132,22.684,36.374,37.375,47.906,62.474,41.222,17.294
431,0.79397,3644.0,4501.4,8.8322,26.668,42.417,2700.5,75.361,120.36,0.3433,80.252,50.614,2629.6,24.529,49.712,3095.9,22.722,68.427,278.68,342.26,94.603,77.324,31.919,8.9255,26.266,7.0486,18.827,1.7073,32.822,13.872,23.784,1.2265,18.574,2.3489,4.8836,2.285,0.02059,0.81536,0.10647,53.833,44.404,62.696,53.983,78.126,57.498,22.319,40.023,39.907,45.867,62.352,40.387,18.573
432,0.79215,3666.2,4523.3,8.887,26.864,42.32,2700.3,75.995,120.38,0.33885,80.204,49.206,2629.3,26.274,48.821,3095.3,22.152,68.39,278.72,342.32,94.609,77.249,31.919,8.9255,26.266,7.0486,18.827,1.7073,32.822,13.872,23.784,1.2265,18.574,2.3489,4.8836,2.285,0.02059,0.81536,0.10647,53.833,44.404,62.312,53.721,78.305,57.07,22.528,40.566,35.764,43.806,62.124,41.144,19.935
433,0.79323,3573.9,4465.2,8.7399,26.61,42.271,2701.5,74.97,120.36,0.32931,80.125,48.253,2630.7,25.91,51.016,3095.6,21.859,68.344,278.93,342.19,94.728,76.979,32.308,8.8877,25.862,7.0216,18.844,1.684,33.28,13.817,23.574,1.2171,18.416,2.348,4.8242,2.3599,0.02059,0.81536,0.10647,53.833,44.404,62.887,53.893,78.048,58.086,22.459,38.536,32.96,48.886,61.887,39.817,20.659
434,0.79235,3613.8,4486.8,8.9029,26.92,42.274,2702.8,74.781,120.39,0.32526,80.194,48.141,2632.2,23.374,51.31,3096.0,23.722,68.303,279.26,342.87,94.849,77.297,32.308,8.8877,25.862,7.0216,18.844,1.684,33.28,13.817,23.574,1.2171,18.416,2.348,4.8242,2.3599,0.02059,0.81536,0.10647,53.833,44.404,62.2,53.635,78.135,55.72,23.242,39.03,32.629,49.566,61.638,40.916,16.214
435,0.75754,3603.4,4502.3,8.6683,26.999,42.314,2702.5,74.981,120.38,0.31998,80.104,48.33,2631.2,24.9,48.13,3097.0,23.68,68.278,277.48,342.45,94.704,77.386,32.366,8.905,26.342,6.7993,19.008,1.6968,33.082,14.147,23.76,1.3768,18.016,2.3071,4.9055,2.3889,0.02059,0.81536,0.10647,53.833,44.404,62.472,53.395,74.313,60.286,22.66,38.226,33.184,42.206,61.58,40.252,16.313
436,0.75815,3642.6,4462.2,8.903,27.18,42.532,2703.9,75.849,120.4,0.3217,80.202,49.235,2632.5,26.39,48.409,3098.0,23.731,68.26,277.51,342.89,94.918,77.318,32.366,8.905,26.342,6.7993,19.008,1.6968,33.082,14.147,23.76,1.3768,18.016,2.3071,4.9055,2.3889,0.013084,0.83092,0.10555,53.61,43.988,61.798,53.876,74.254,57.044,22.837,38.016,35.848,42.853,61.325,41.445,16.193
437,0.74822,3665.4,4474.3,8.8037,27.178,42.559,2703.1,75.651,120.39,0.35983,80.156,48.745,2631.5,25.109,52.407,3098.3,23.335,68.222,274.81,342.59,94.53,77.28,32.459,8.7129,25.699,6.9827,18.454,1.7257,33.266,13.79,23.631,1.081,18.766,2.3571,4.8906,2.3666,0.013084,0.83092,0.10555,53.61,43.988,63.328,53.303,73.818,57.771,22.419,42.427,34.408,52.105,61.334,40.4,17.138
438,0.74774,3685.4,4429.3,8.7803,26.913,42.323,2701.6,75.116,120.41,0.35797,80.141,51.232,2630.6,25.947,48.789,3097.4,23.023,68.197,274.45,342.36,94.773,77.282,32.459,8.7129,25.699,6.9827,18.454,1.7257,33.266,13.79,23.631,1.081,18.766,2.3571,4.8906,2.3666,0.013084,0.83092,0.10555,53.61,43.988,62.984,53.842,73.865,59.437,22.561,42.653,41.726,43.733,61.135,41.748,17.878
439,0.73882,3620.7,4500.9,8.8372,26.631,42.367,2702.3,75.019,120.4,0.31917,80.227,49.709,2632.1,22.583,50.326,3096.7,23.288,68.186,274.22,343.04,94.651,77.337,32.585,8.9778,26.421,6.8159,18.978,1.7357,33.262,13.829,23.457,1.2958,18.622,2.3002,4.9532,2.351,0.013084,0.83092,0.10555,53.61,43.988,62.48,54.352,72.514,57.007,22.444,38.058,37.244,47.289,60.926,39.992,17.246
440,0.73819,3627.7,4497.8,8.8209,26.969,42.165,2702.8,74.51,120.42,0.32293,80.161,48.217,2631.6,27.644,49.178,3098.2,24.217,68.16,272.96,342.55,94.743,77.203,32.585,8.9778,26.421,6.8159,18.978,1.7357,33.262,13.829,23.457,1.2958,18.622,2.3002,4.9532,2.351,0.013084,0.83092,0.10555,53.61,43.988,62.36,54.39,72.576,56.948,22.591,37.599,32.853,44.632,60.811,42.26,15.049
441,0.71949,3651.8,4451.4,8.8594,26.844,42.421,2703.0,75.055,120.41,0.3248,80.156,51.847,2632.2,25.293,49.904,3097.7,22.956,68.12,276.06,342.77,94.631,77.372,31.838,8.829,25.981,6.8219,18.427,1.7337,33.404,13.952,23.714,1.215,18.349,2.3329,4.8724,2.3355,0.021192,0.82106,0.10007,53.858,43.221,63.391,53.67,71.331,58.716,22.67,38.398,43.535,46.312,60.683,41.113,18.032
442,0.72113,3684.4,4462.2,8.8442,26.839,42.245,2704.5,75.232,120.42,0.32284,80.258,49.834,2633.8,26.179,50.141,3098.1,23.595,68.125,275.68,342.57,94.702,77.545,31.838,8.829,25.981,6.8219,18.427,1.7337,33.404,13.952,23.714,1.215,18.349,2.3329,4.8724,2.3355,0.021192,0.82106,0.10007,53.858,43.221,62.831,53.541,71.169,58.105,22.788,38.637,37.613,46.861,60.652,41.551,16.496
443,0.79342,3670.2,4518.8,8.836,26.669,42.008,2703.5,74.943,120.4,0.34215,80.217,48.949,2632.0,23.752,50.182,3100.9,23.111,68.13,274.08,342.4,94.328,77.252,31.943,8.9123,26.091,6.8034,18.73,1.693,33.085,13.771,23.878,1.2682,18.24,2.3678,4.8488,2.245,0.021192,0.82106,0.10007,53.858,43.221,63.082,54.226,78.233,56.677,22.432,39.665,35.006,46.956,60.73,40.941,17.663
444,0.79509,3688.8,4487.4,8.7079,27.082,42.536,2703.6,74.717,120.4,0.33799,80.171,49.807,2633.2,25.297,49.153,3100.5,22.949,68.135,274.0,342.75,94.769,77.526,31.943,8.9123,26.091,6.8034,18.73,1.693,33.085,13.771,23.878,1.2682,18.24,2.3678,4.8488,2.245,0.021192,0.82106,0.10007,53.858,43.221,62.762,54.602,78.069,58.11,22.606,40.174,37.531,44.574,60.673,41.205,18.031
445,0.78778,3656.6,4464.9,8.8812,26.857,42.174,2704.1,75.347,120.41,0.31822,80.18,50.244,2633.1,23.58,51.134,3100.4,22.676,68.121,274.06,342.61,94.424,77.263,32.267,8.8241,26.526,7.038,18.826,1.7186,32.965,13.781,23.588,1.1416,18.803,2.3576,4.862,2.3263,0.021192,0.82106,0.10007,53.858,43.221,63.543,54.162,77.389,58.258,22.319,37.796,38.818,49.158,60.603,40.921,18.693
446,0.78522,3705.7,4455.3,8.7908,26.728,42.223,2704.3,75.598,120.43,0.31593,80.097,49.258,2632.7,28.746,49.739,3100.9,22.626,68.107,272.29,342.39,94.656,77.313,32.267,8.8241,26.526,7.038,18.826,1.7186,32.965,13.781,23.588,1.1416,18.803,2.3576,4.862,2.3263,0.029733,0.82517,0.10136,53.446,43.865,62.699,54.277,77.641,57.184,22.104,38.075,35.917,45.93,60.43,41.017,18.818
447,0.75533,3570.4,4467.3,8.8421,26.905,42.028,2705.5,75.608,120.4,0.32259,80.289,49.881,2634.9,25.645,50.224,3100.5,22.59,68.063,273.93,342.38,94.554,77.878,32.471,8.6588,26.026,6.9045,18.939,1.6794,32.971,13.604,23.244,1.1751,18.122,2.3679,4.8387,2.3758,0.029733,0.82517,0.10136,53.446,43.865,62.933,53.898,74.596,56.275,22.686,37.448,37.749,47.053,60.106,40.499,18.85
448,0.75658,3621.2,4519.1,8.7801,26.873,42.331,2706.4,75.866,120.36,0.31919,80.446,50.221,2635.5,25.744,51.113,3102.5,23.106,68.133,274.09,342.36,94.656,77.318,32.471,8.6588,26.026,6.9045,18.939,1.6794,32.971,13.604,23.244,1.1751,18.122,2.3679,4.8387,2.3758,0.029733,0.82517,0.10136,53.446,43.865,62.059,53.277,74.473,57.843,22.47,37.863,38.749,49.109,59.907,40.346,17.648
449,0.73636,3661.8,4407.6,8.803,26.816,42.296,2706.1,75.321,120.42,0.29757,80.192,49.384,2635.4,24.865,50.353,3101.4,23.716,68.096,270.69,342.95,94.625,77.158,32.313,8.7888,26.299,6.8617,18.327,1.7489,32.72,13.965,23.849,1.2635,18.79,2.3897,4.7353,2.2553,0.029733,0.82517,0.10136,53.446,43.865,62.446,54.316,72.209,56.691,22.621,35.583,36.288,47.351,60.028,41.615,16.206
450,0.73596,3659.8,4461.8,8.8308,26.964,42.622,2704.7,74.952,120.37,0.29785,80.047,51.596,2633.9,23.698,51.403,3100.5,22.375,68.07,271.67,342.8,94.731,77.205,32.313,8.7888,26.299,6.8617,18.327,1.7489,32.72,13.965,23.849,1.2635,18.79,2.3897,4.7353,2.2553,0.029733,0.82517,0.10136,53.446,43.865,62.481,53.668,72.248,58.226,22.804,35.55,42.797,49.781,59.763,40.592,19.4
451,0.74859,3653.4,4535.2,8.9387,27.059,42.449,2706.2,74.772,120.41,0.33835,80.208,49.123,2635.5,25.968,49.518,3101.9,23.352,68.007,273.28,342.53,94.588,77.798,32.837,9.0584,26.324,6.7195,19.0,1.696,33.397,13.839,23.972,1.3007,18.285,2.3322,4.8616,2.2964,0.025729,0.8185,0.11345,54.171,43.455,62.966,54.316,73.588,56.271,22.663,40.223,35.519,45.42,59.528,41.486,17.029
452,0.74636,3676.2,4504.3,8.7354,26.904,42.122,2708.7,75.111,120.41,0.3376,80.454,50.493,2638.1,25.658,50.658,3102.8,23.521,68.052,272.74,343.07,94.637,77.45,32.837,9.0584,26.324,6.7195,19.0,1.696,33.397,13.839,23.972,1.3007,18.285,2.3322,4.8616,2.2964,0.025729,0.8185,0.11345,54.171,43.455,62.573,54.686,73.807,57.071,22.971,40.315,39.551,48.057,59.434,41.659,16.628
453,0.69446,3687.9,4426.7,8.7849,27.067,42.096,2705.1,74.93,120.41,0.32132,80.329,49.704,2634.4,26.767,51.105,3102.1,22.567,68.073,267.31,342.44,94.583,77.377,32.379,9.0179,26.022,6.8826,18.32,1.7082,33.469,13.938,23.663,1.1709,18.205,2.3686,4.8444,2.2505,0.025729,0.8185,0.11345,54.171,43.455,63.705,53.98,68.144,57.988,22.693,39.024,37.229,49.092,59.772,41.409,18.894
454,0.69604,3714.4,4507.0,9.0428,27.086,42.319,2703.4,74.65,120.41,0.32572,80.249,52.912,2632.4,23.826,50.545,3098.5,22.732,68.058,272.24,342.73,94.471,77.095,32.379,9.0179,26.022,6.8826,18.32,1.7082,33.469,13.938,23.663,1.1709,18.205,2.3686,4.8444,2.2505,0.025729,0.8185,0.11345,54.171,43.455,63.25,53.019,67.988,57.467,22.567,38.488,46.669,47.795,59.189,41.613,18.518
455,0.73362,3651.4,4573.0,8.7772,26.774,42.382,2698.2,74.149,120.4,0.33547,79.787,50.877,2626.7,25.426,50.839,3095.3,23.411,67.966,267.97,341.97,94.791,76.859,32.097,8.9574,26.214,6.8146,18.579,1.7098,33.085,13.694,23.848,1.1212,18.609,2.3707,4.7488,2.243,0.025729,0.8185,0.11345,54.171,43.455,62.979,53.918,72.162,58.508,22.138,40.056,40.68,48.475,59.433,40.295,16.968
456,0.73389,3645.3,4571.6,8.7603,26.725,42.025,2701.2,74.52,120.39,0.33598,80.051,50.588,2630.1,25.916,50.641,3094.9,22.389,67.844,270.07,342.45,94.525,77.17,32.097,8.9574,26.214,6.8146,18.579,1.7098,33.085,13.694,23.848,1.1212,18.609,2.3707,4.7488,2.243,0.0060513,0.82351,0.095993,54.13,43.68,63.084,53.934,72.136,57.796,22.533,39.993,39.831,48.018,58.919,40.817,19.385
457,0.76105,3664.7,4503.4,8.9496,26.946,42.553,2703.0,74.931,120.39,0.30997,80.214,51.208,2632.1,24.423,49.27,3099.3,22.838,67.835,269.91,341.33,94.686,77.879,32.07,8.8065,26.052,7.0308,18.848,1.7119,33.36,13.821,24.002,1.2399,18.622,2.3209,4.8181,2.3656,0.0060513,0.82351,0.095993,54.13,43.68,63.379,54.171,74.728,57.916,22.295,36.629,41.656,44.845,58.714,41.085,18.263
458,0.75888,3679.1,4488.4,8.8242,26.788,42.077,2705.1,74.611,120.41,0.30875,80.437,49.674,2635.5,23.845,49.613,3102.6,22.687,67.885,267.2,341.44,94.421,77.511,32.07,8.8065,26.052,7.0308,18.848,1.7119,33.36,13.821,24.002,1.2399,18.622,2.3209,4.8181,2.3656,0.0060513,0.82351,0.095993,54.13,43.68,63.13,54.35,74.942,55.75,22.246,36.778,37.142,45.639,58.734,41.221,18.617
459,0.7625,3618.3,4506.4,8.7641,26.929,42.141,2707.0,75.722,120.41,0.32247,80.501,49.794,2636.5,23.719,49.566,3101.7,22.497,67.917,268.15,341.73,94.667,77.681,31.784,8.8731,26.316,6.8272,18.957,1.6941,33.18,13.755,23.541,1.3389,18.594,2.2865,4.8639,2.3455,0.0060513,0.82351,0.095993,54.13,43.68,62.243,53.485,75.307,60.385,22.572,38.404,37.494,45.53,58.423,41.403,19.045
460,0.76466,3609.6,4454.4,8.9276,27.112,42.002,2703.3,76.08,120.36,0.32188,80.217,49.026,2632.6,25.681,49.385,3100.1,23.128,67.932,265.5,341.71,94.611,76.924,31.784,8.8731,26.316,6.8272,18.957,1.6941,33.18,13.755,23.541,1.3389,18.594,2.2865,4.8639,2.3455,0.0060513,0.82351,0.095993,54.13,43.68,62.392,54.107,75.095,55.274,22.321,38.477,35.234,45.11,58.436,39.639,17.608
461,0.79474,3699.0,4460.6,8.7882,26.777,42.45,2703.5,74.946,120.39,0.31474,80.002,49.767,2632.8,25.321,50.963,3100.9,23.585,67.851,265.62,341.91,94.779,77.139,31.952,8.8407,26.325,7.0299,18.805,1.7252,32.526,13.924,24.26,1.2598,18.58,2.3093,4.9205,2.3984,0.022037,0.82363,0.09253,53.176,44.346,62.595,53.745,78.107,57.745,22.276,37.538,37.414,48.764,58.31,41.762,16.533
462,0.79337,3687.1,4448.5,8.8373,26.898,41.899,2705.8,74.442,120.41,0.31544,80.058,50.046,2634.5,26.549,49.738,3101.8,22.971,67.753,265.13,342.25,94.563,77.446,31.952,8.8407,26.325,7.0299,18.805,1.7252,32.526,13.924,24.26,1.2598,18.58,2.3093,4.9205,2.3984,0.022037,0.82363,0.09253,53.176,44.346,62.801,53.889,78.241,57.995,22.409,37.452,38.235,45.927,58.186,41.047,17.976
463,0.78203,3603.6,4487.4,8.8708,26.808,41.758,2708.3,74.152,120.36,0.3344,80.3,52.225,2638.1,25.346,51.613,3101.5,23.353,67.751,266.66,342.53,94.66,77.443,32.328,8.8839,26.307,7.0256,18.264,1.6878,33.118,13.793,23.941,1.2527,18.484,2.329,4.8765,2.2806,0.022037,0.82363,0.09253,53.176,44.346,62.414,53.779,76.814,57.272,22.998,39.68,44.647,50.266,57.878,40.484,17.058
464,0.78256,3609.2,4463.5,8.7813,26.868,42.011,2709.2,75.659,120.41,0.33145,80.285,49.524,2638.6,25.128,48.795,3104.5,23.011,67.781,263.74,342.69,94.672,77.558,32.328,8.8839,26.307,7.0256,18.264,1.6878,33.118,13.793,23.941,1.2527,18.484,2.329,4.8765,2.2806,0.022037,0.82363,0.09253,53.176,44.346,62.318,54.065,76.762,59.53,22.71,40.039,36.7,43.746,57.966,41.092,17.851
465,0.74426,3599.6,4528.2,8.7948,27.073,42.032,2709.5,75.297,120.37,0.31984,80.305,49.287,2638.8,26.173,50.118,3105.9,23.204,67.785,261.69,342.22,94.711,77.575,32.508,8.8557,26.778,6.6736,18.985,1.6966,33.209,13.619,23.822,1.3593,18.304,2.3651,4.8739,2.3298,0.022037,0.82363,0.09253,53.176,44.346,62.384,54.658,73.475,59.488,22.54,38.005,36.001,46.808,57.975,39.895,17.384
466,0.74596,3626.5,4561.0,8.8185,27.197,42.159,2711.2,75.57,120.43,0.32165,80.408,49.095,2641.5,24.659,49.684,3106.5,24.03,67.806,263.29,342.46,94.744,77.544,32.508,8.8557,26.778,6.6736,18.985,1.6966,33.209,13.619,23.822,1.3593,18.304,2.3651,4.8739,2.3298,0.015098,0.81228,0.080179,53.611,44.719,61.921,54.266,73.307,56.63,22.865,37.783,35.437,45.802,57.64,41.92,15.406
467,0.72577,3707.1,4469.9,8.9421,26.922,42.522,2711.1,76.308,120.39,0.29821,80.389,48.429,2641.0,25.338,48.505,3107.5,22.829,67.838,260.65,342.54,94.573,77.647,32.477,8.7256,26.208,6.7002,18.324,1.6942,32.395,13.663,23.932,1.2991,18.371,2.3167,4.8727,2.2756,0.015098,0.81228,0.080179,53.611,44.719,63.653,53.611,71.39,55.826,22.792,35.801,33.477,43.073,57.692,40.586,18.232
468,0.72778,3719.3,4438.0,8.862,26.959,42.105,2706.4,75.69,120.42,0.3013,79.963,47.828,2634.5,25.372,49.03,3104.1,23.363,67.769,265.52,342.25,94.469,76.604,32.477,8.7256,26.208,6.7002,18.324,1.6942,32.395,13.663,23.932,1.2991,18.371,2.3167,4.8727,2.2756,0.015098,0.81228,0.080179,53.611,44.719,63.441,53.993,71.193,57.179,22.319,35.424,31.709,44.288,57.077,42.215,17.059
469,0.72512,3690.7,4540.5,8.7453,26.861,42.286,2703.0,75.413,120.4,0.30763,79.685,51.199,2632.0,22.527,49.742,3099.9,22.87,67.611,262.86,342.13,94.545,76.776,32.327,8.8679,26.504,6.8455,18.442,1.7158,33.169,13.77,23.876,1.2223,18.392,2.3513,4.8639,2.3828,0.015098,0.81228,0.080179,53.611,44.719,63.884,54.411,71.437,57.002,22.323,35.581,41.628,45.936,57.146,40.204,18.263
470,0.72693,3727.7,4501.1,8.8804,26.551,42.392,2703.9,74.716,120.43,0.30043,79.828,50.778,2632.9,25.984,51.8,3098.8,24.105,67.521,265.29,342.09,94.469,77.161,32.327,8.8679,26.504,6.8455,18.442,1.7158,33.169,13.77,23.876,1.2223,18.392,2.3513,4.8639,2.3828,0.015098,0.81228,0.080179,53.611,44.719,63.248,54.883,71.258,57.555,22.367,36.459,40.388,50.7,56.764,42.083,15.321
471,0.73761,3660.6,4546.2,8.7701,26.776,42.638,2705.0,76.007,120.4,0.3147,80.161,51.694,2633.6,25.231,49.758,3100.7,23.593,67.522,260.96,341.54,94.595,77.329,32.231,8.7355,26.35,6.9661,18.506,1.6893,32.869,13.91,24.182,1.199,18.353,2.4039,4.8081,2.2087,0.0038414,0.83699,0.10092,53.612,43.861,63.232,54.119,72.623,56.092,22.292,37.401,43.084,45.973,56.657,41.17,16.515
472,0.73854,3658.1,4559.0,8.6511,26.755,42.574,2704.0,75.708,120.39,0.31026,80.253,49.705,2632.1,23.881,51.619,3100.4,24.255,67.573,260.21,341.12,94.457,77.186,32.231,8.7355,26.35,6.9661,18.506,1.6893,32.869,13.91,24.182,1.199,18.353,2.4039,4.8081,2.2087,0.0038414,0.83699,0.10092,53.612,43.861,63.274,53.966,72.532,58.363,22.303,37.943,37.232,50.28,56.41,40.791,14.944
473,0.74612,3640.2,4539.9,8.8245,26.813,42.117,2703.0,76.096,120.4,0.32743,80.22,49.93,2631.9,23.23,50.09,3099.9,24.244,67.584,257.67,340.97,94.747,77.335,32.038,8.9237,26.457,6.843,19.293,1.6804,32.89,13.856,23.703,1.1292,18.357,2.3263,4.8035,2.3306,0.0038414,0.83699,0.10092,53.612,43.861,62.502,54.088,73.43,56.693,22.34,39.635,37.895,46.742,56.325,41.495,14.961
474,0.74563,3633.6,4532.9,8.7275,26.865,42.694,2702.4,75.866,120.38,0.32573,80.201,49.493,2631.1,27.378,46.842,3100.0,22.985,67.553,259.3,340.91,94.67,77.495,32.038,8.9237,26.457,6.843,19.293,1.6804,32.89,13.856,23.703,1.1292,18.357,2.3263,4.8035,2.3306,0.0038414,0.83699,0.10092,53.612,43.861,62.615,54.173,73.478,57.021,22.065,39.843,36.609,39.224,55.866,40.692,17.948
475,0.76724,3664.2,4467.2,8.5786,27.043,41.818,2703.7,75.721,120.41,0.32381,80.381,49.199,2633.0,23.788,50.919,3099.2,23.135,67.554,257.81,341.21,94.65,77.383,32.1,8.9969,26.269,6.9747,18.875,1.7479,32.9,13.936,24.11,1.2802,18.62,2.3713,4.8771,2.3337,0.0038414,0.83699,0.10092,53.612,43.861,63.148,53.005,75.132,57.456,22.609,38.728,35.742,48.66,55.689,41.254,17.581
476,0.76432,3646.0,4422.6,8.742,27.021,42.457,2701.4,75.619,120.39,0.32365,80.199,49.755,2629.2,24.138,50.502,3098.7,23.756,67.557,257.58,341.15,94.687,77.048,32.1,8.9969,26.269,6.9747,18.875,1.7479,32.9,13.936,24.11,1.2802,18.62,2.3713,4.8771,2.3337,0.0027488,0.83346,0.092022,53.699,43.039,63.461,53.539,75.418,59.076,22.242,38.748,37.379,47.695,56.008,40.369,16.139
477,0.75923,3629.3,4435.0,8.7365,27.053,42.444,2700.4,75.413,120.4,0.33491,80.256,50.413,2629.9,24.546,51.707,3097.0,24.38,67.528,258.86,341.01,94.702,77.473,32.356,8.9605,26.323,6.6993,18.506,1.729,32.86,13.853,23.811,1.2561,18.526,2.3698,4.8846,2.3255,0.0027488,0.83346,0.092022,53.699,43.039,62.569,54.365,74.98,58.248,22.417,39.612,39.314,50.484,55.852,40.724,14.63
478,0.7626,3640.8,4506.7,8.7339,26.875,42.12,2701.7,75.489,120.4,0.33369,80.308,49.019,2630.4,25.093,50.286,3097.7,23.593,67.517,258.79,340.58,94.793,77.422,32.356,8.9605,26.323,6.6993,18.506,1.729,32.86,13.853,23.811,1.2561,18.526,2.3698,4.8846,2.3255,0.0027488,0.83346,0.092022,53.699,43.039,62.371,53.506,74.649,58.898,22.308,39.761,35.213,47.195,55.815,40.548,16.501
479,0.73755,3706.8,4541.7,8.7756,26.845,42.022,2701.4,75.035,120.41,0.32283,80.44,50.285,2630.9,25.15,51.876,3100.1,23.125,67.566,258.28,340.35,94.547,77.707,32.229,8.8388,26.309,6.9053,18.765,1.7134,32.855,13.654,24.115,1.1986,18.539,2.3234,4.8879,2.278,0.0027488,0.83346,0.092022,53.699,43.039,63.691,54.007,72.163,59.038,21.8,38.96,38.94,50.877,55.814,40.976,17.579
480,0.73651,3741.6,4505.8,8.7182,26.7,42.531,2702.1,75.327,120.42,0.32503,80.52,50.682,2631.3,26.628,50.429,3099.7,21.641,67.611,256.08,340.0,94.542,77.486,32.229,8.8388,26.309,6.9053,18.765,1.7134,32.855,13.654,24.115,1.1986,18.539,2.3234,4.8879,2.278,0.0027488,0.83346,0.092022,53.699,43.039,63.094,54.438,72.266,56.119,22.028,38.692,40.107,47.527,55.962,41.53,21.104
481,0.74902,3631.3,4467.2,8.7724,27.066,41.968,2700.7,75.734,120.4,0.30457,80.557,47.854,2629.8,24.236,50.233,3098.5,22.547,67.627,256.77,339.67,94.548,77.275,31.812,8.997,26.196,6.8233,19.22,1.7131,33.363,13.644,23.582,1.2073,18.98,2.2977,4.947,2.2728,0.0018912,0.83678,0.10035,54.035,44.047,63.26,54.289,73.24,56.409,22.198,35.769,31.785,47.072,55.759,40.53,18.952
482,0.74366,3654.5,4498.6,8.8367,26.947,42.163,2696.9,74.533,120.39,0.30164,80.201,51.207,2624.6,22.976,49.651,3095.0,22.702,67.618,255.92,339.91,94.593,76.881,31.812,8.997,26.196,6.8233,19.22,1.7131,33.363,13.644,23.582,1.2073,18.98,2.2977,4.947,2.2728,0.0018912,0.83678,0.10035,54.035,44.047,62.86,53.913,73.767,55.849,21.709,36.126,41.651,45.727,55.748,41.17,18.632
483,0.79138,3670.7,4456.6,8.7912,27.121,42.16,2696.6,75.632,120.39,0.30185,80.07,50.358,2624.7,23.21,48.958,3095.3,23.301,67.511,256.72,339.73,94.767,76.794,32.426,8.7754,26.324,6.9548,18.64,1.6787,33.118,13.932,23.955,1.1055,18.597,2.3576,4.9069,2.2637,0.0018912,0.83678,0.10035,54.035,44.047,63.318,53.262,77.347,57.833,21.633,35.587,39.152,44.123,55.597,40.893,17.241
484,0.78791,3640.4,4469.8,8.6811,27.158,42.538,2697.9,75.321,120.42,0.3016,80.196,50.096,2626.0,25.624,50.485,3095.7,23.257,67.438,256.17,339.79,94.579,77.424,32.426,8.7754,26.324,6.9548,18.64,1.6787,33.118,13.932,23.955,1.1055,18.597,2.3576,4.9069,2.2637,0.0018912,0.83678,0.10035,54.035,44.047,63.84,53.104,77.688,56.259,21.973,35.617,38.382,47.657,55.569,41.295,17.314
485,0.729,3614.0,4513.0,8.6415,27.02,42.309,2697.3,74.64,120.39,0.33441,80.322,51.398,2625.8,25.382,48.944,3094.8,22.859,67.439,254.84,339.86,94.74,77.15,31.998,8.9007,26.244,6.9484,18.989,1.7292,32.697,13.646,23.793,1.4434,18.83,2.3531,4.7948,2.4176,0.0018912,0.83678,0.10035,54.035,44.047,63.134,53.985,71.947,57.832,21.866,39.246,42.215,44.09,55.607,41.117,18.273
486,0.72805,3653.7,4520.7,8.8152,26.907,42.218,2695.9,75.323,120.38,0.33122,80.226,49.423,2624.5,26.341,50.503,3094.4,22.483,67.433,255.66,339.29,94.754,77.15,31.998,8.9007,26.244,6.9484,18.989,1.7292,32.697,13.646,23.793,1.4434,18.83,2.3531,4.7948,2.4176,0.014002,0.8547,0.11341,53.548,43.858,62.451,53.893,72.041,59.212,21.76,39.635,36.402,47.697,55.538,40.544,19.18
487,0.77208,3644.9,4495.5,8.7794,26.947,42.318,2698.4,74.137,120.41,0.29878,80.297,51.546,2626.8,24.705,51.089,3096.7,22.061,67.413,257.39,339.67,94.676,77.504,32.155,8.8985,26.358,6.9573,18.991,1.7089,32.737,13.986,24.197,1.319,18.762,2.3521,4.913,2.3806,0.014002,0.8547,0.11341,53.548,43.858,62.592,53.331,75.806,58.914,21.821,35.895,42.65,49.053,55.343,40.684,20.163
488,0.77089,3652.3,4485.1,8.829,26.45,41.808,2701.8,75.574,120.39,0.29723,80.552,48.543,2630.5,25.48,47.783,3099.5,22.226,67.458,254.75,339.42,94.721,77.841,32.155,8.8985,26.358,6.9573,18.991,1.7089,32.737,13.986,24.197,1.319,18.762,2.3521,4.913,2.3806,0.014002,0.8547,0.11341,53.548,43.858,62.464,53.455,75.924,57.193,21.595,36.084,33.812,41.404,55.533,40.497,19.729
489,0.75459,3652.9,4504.9,8.8062,26.736,42.222,2700.2,74.391,120.41,0.33744,80.476,48.948,2629.8,25.649,49.203,3099.5,23.564,67.511,255.62,339.54,94.623,77.605,32.145,8.7877,25.892,6.9361,19.008,1.6983,32.805,13.867,23.911,1.4288,18.153,2.3328,4.8262,2.2793,0.014002,0.8547,0.11341,53.548,43.858,62.31,53.178,74.751,57.591,21.859,40.282,35.004,44.69,55.408,40.314,16.56
490,0.75608,3627.7,4456.4,8.8188,26.907,42.817,2699.4,74.802,120.39,0.33836,80.395,49.824,2627.4,23.763,49.286,3098.1,22.733,67.51,254.71,339.61,94.84,77.334,32.145,8.7877,25.892,6.9361,19.008,1.6983,32.805,13.867,23.911,1.4288,18.153,2.3328,4.8262,2.2793,0.014002,0.8547,0.11341,53.548,43.858,62.743,53.758,74.604,57.222,21.725,40.17,37.582,44.882,55.44,41.137,18.552
491,0.75819,3658.4,4487.5,8.8154,26.682,42.026,2699.6,76.101,120.41,0.32372,80.374,50.513,2627.7,24.045,49.239,3098.1,23.435,67.521,256.62,339.41,94.783,77.299,32.065,8.9848,26.489,6.9193,18.877,1.7124,33.062,13.601,23.857,1.1873,18.4,2.3132,4.936,2.3134,0.0090687,0.83975,0.10057,53.209,44.188,62.339,53.306,74.683,57.177,21.646,38.919,39.609,44.773,55.701,41.781,16.883
492,0.75815,3642.4,4446.3,8.6343,27.192,42.169,2698.9,75.197,120.37,0.32482,80.244,49.108,2627.4,23.249,49.819,3097.3,23.818,67.485,257.04,340.31,94.734,77.236,32.065,8.9848,26.489,6.9193,18.877,1.7124,33.062,13.601,23.857,1.1873,18.4,2.3132,4.936,2.3134,0.0090687,0.83975,0.10057,53.209,44.188,62.615,53.8,74.687,58.933,21.836,38.784,35.476,46.114,55.826,40.297,15.992
493,0.76632,3667.5,4505.8,8.639,27.267,42.067,2701.5,75.351,120.42,0.29293,80.291,50.104,2630.1,24.858,51.583,3099.5,23.442,67.465,256.97,340.01,94.804,77.43,31.951,8.9723,26.312,6.7932,19.331,1.7388,32.892,13.968,24.045,1.2115,18.645,2.3598,4.9702,2.3321,0.0090687,0.83975,0.10057,53.209,44.188,62.288,53.381,75.565,60.35,22.074,35.412,38.407,50.197,55.997,41.259,16.873
494,0.76946,3601.2,4485.5,8.8497,26.679,42.124,2704.7,75.363,120.39,0.29403,80.395,48.223,2633.2,26.343,49.2,3100.6,23.24,67.483,257.19,340.21,94.554,77.261,31.951,8.9723,26.312,6.7932,19.331,1.7388,32.892,13.968,24.045,1.2115,18.645,2.3598,4.9702,2.3321,0.0090687,0.83975,0.10057,53.209,44.188,63.429,53.625,75.255,57.85,22.134,35.278,32.869,44.684,56.139,40.243,17.357
495,0.77841,3663.8,4440.3,8.8032,26.898,42.412,2701.8,74.357,120.42,0.33476,80.189,50.46,2630.2,24.417,50.888,3100.2,22.737,67.5,257.29,340.11,94.702,77.103,32.077,8.9072,26.748,6.696,18.451,1.7161,32.921,13.789,23.883,1.2385,19.137,2.3566,4.8356,2.2791,0.0090687,0.83975,0.10057,53.209,44.188,63.481,52.994,76.913,57.636,21.912,40.089,39.453,48.589,56.295,41.362,18.575
496,0.78045,3707.5,4438.7,8.9302,26.881,42.38,2699.5,74.724,120.4,0.3358,80.012,50.938,2627.3,24.152,49.973,3098.0,24.07,67.435,260.33,340.51,94.641,77.133,32.077,8.9072,26.748,6.696,18.451,1.7161,32.921,13.789,23.883,1.2385,19.137,2.3566,4.8356,2.2791,0.031238,0.86154,0.10509,53.126,43.774,62.73,53.013,76.713,55.408,21.638,39.963,40.86,46.471,55.826,40.303,15.428
497,0.76979,3688.9,4520.0,8.8144,26.97,42.358,2701.7,75.399,120.41,0.3178,80.148,50.205,2630.6,24.954,51.396,3100.1,22.775,67.39,260.55,340.46,94.649,77.483,32.508,8.8047,26.21,6.8383,19.025,1.6627,32.351,13.89,24.017,1.2147,18.589,2.3456,4.9579,2.3152,0.031238,0.86154,0.10509,53.126,43.774,64.032,54.183,75.723,57.455,21.931,37.44,38.702,49.764,55.816,41.612,18.48
498,0.77013,3711.1,4506.8,8.7964,27.245,42.245,2705.2,75.079,120.43,0.31467,80.553,51.033,2633.8,26.171,52.195,3102.7,23.694,67.468,259.23,340.26,94.336,77.89,32.508,8.8047,26.21,6.8383,19.025,1.6627,32.351,13.89,24.017,1.2147,18.589,2.3456,4.9579,2.3152,0.031238,0.86154,0.10509,53.126,43.774,63.65,54.34,75.69,58.598,22.151,37.822,41.141,51.614,55.937,41.757,16.237
499,0.72983,3711.7,4438.3,8.7505,26.764,42.201,2704.7,75.271,120.41,0.32419,80.777,49.193,2633.6,23.679,49.562,3102.1,22.257,67.596,256.78,340.3,94.43,77.974,32.081,8.9802,26.39,6.8257,18.654,1.7222,33.308,13.953,23.977,1.4022,18.863,2.2976,4.813,2.3175,0.031238,0.86154,0.10509,53.126,43.774,62.5,53.757,71.232,59.944,21.958,39.392,35.725,45.52,56.152,42.142,19.604
500,0.7279,3682.9,4445.8,8.9102,27.039,42.568,2698.5,75.328,120.37,0.32795,80.351,51.844,2626.2,25.471,49.711,3098.9,23.942,67.665,257.51,339.73,94.525,76.673,32.081,8.9802,26.39,6.8257,18.654,1.7222,33.308,13.953,23.977,1.4022,18.863,2.2976,4.813,2.3175,0.031238,0.86154,0.10509,53.126,43.774,62.995,53.667,71.422,56.716,21.752,38.933,43.527,45.866,56.08,40.266,15.705
