sample,xmeas_1,xmeas_2,xmeas_3,xmeas_4,xmeas_5,xmeas_6,xmeas_7,xmeas_8,xmeas_9,xmeas_10,xmeas_11,xmeas_12,xmeas_13,xmeas_14,xmeas_15,xmeas_16,xmeas_17,xmeas_18,xmeas_19,xmeas_20,xmeas_21,xmeas_22,xmeas_23,xmeas_24,xmeas_25,xmeas_26,xmeas_27,xmeas_28,xmeas_29,xmeas_30,xmeas_31,xmeas_32,xmeas_33,xmeas_34,xmeas_35,xmeas_36,xmeas_37,xmeas_38,xmeas_39,xmeas_40,xmeas_41,xmv_1,xmv_2,xmv_3,xmv_4,xmv_5,xmv_6,xmv_7,xmv_8,xmv_9,xmv_10,xmv_11
1,0.24971,3642.1,4553.2,9.453,27.026,42.454,2705.1,75.512,120.4,0.33673,80.098,52.069,2633.1,25.983,50.255,3102.4,23.169,65.748,230.23,341.1,94.584,77.445,32.188,8.8933,26.383,6.882,18.776,1.6567,32.958,13.823,23.978,1.2565,18.579,2.2633,4.8436,2.2986,0.017866,0.8357,0.098577,53.724,43.828,63.43,53.454,24.723,61.446,22.013,40.112,44.189,47.125,47.452,41.11,17.581
2,0.24867,3648.2,4508.1,9.2474,26.782,42.194,2705.8,74.686,120.4,0.33781,80.188,50.328,2635.5,25.512,49.732,3102.3,22.015,65.745,231.44,341.6,94.584,77.296,32.188,8.8933,26.383,6.882,18.776,1.6567,32.958,13.823,23.978,1.2565,18.579,2.2633,4.8436,2.2986,0.017866,0.8357,0.098577,53.724,43.828,63.324,53.994,24.826,62.161,22.331,39.98,39.064,45.915,47.344,40.47,20.32
3,0.25237,3688.7,4526.9,9.3828,27.06,42.695,2703.5,75.384,120.39,0.3385,80.005,49.305,2632.5,23.963,49.294,3102.1,22.753,65.743,230.11,340.95,94.593,77.153,31.994,8.8282,26.274,6.9351,18.649,1.6445,32.392,13.987,24.047,1.1087,18.163,2.2635,4.8133,2.3082,0.017866,0.8357,0.098577,53.724,43.828,62.628,53.768,24.47,63.354,22.124,39.894,36.054,44.899,47.46,41.396,18.587
4,0.24905,3638.9,4543.8,9.3475,26.791,42.191,2704.4,75.006,120.39,0.33967,80.06,48.417,2633.1,25.712,50.567,3101.2,23.439,65.712,231.56,341.79,94.602,77.149,31.994,8.8282,26.274,6.9351,18.649,1.6445,32.392,13.987,24.047,1.1087,18.163,2.2635,4.8133,2.3082,0.017866,0.8357,0.098577,53.724,43.828,63.486,53.566,24.796,60.781,22.194,39.751,33.441,47.846,47.334,40.661,16.966
5,0.27055,3662.2,4517.3,9.3811,26.891,42.468,2703.2,74.509,120.4,0.35325,79.855,49.422,2632.0,26.342,49.536,3100.9,22.998,65.673,231.68,341.13,94.708,76.918,32.39,8.9642,26.103,6.7393,19.044,1.6586,33.407,13.861,24.202,1.242,18.662,2.242,4.8148,2.3008,0.017866,0.8357,0.098577,53.724,43.828,62.594,54.206,26.557,59.579,22.099,42.607,36.4,45.461,47.327,41.19,18.045
6,0.26963,3624.8,4549.9,9.2671,27.014,42.267,2704.3,74.475,120.39,0.35174,79.966,49.913,2633.3,25.37,49.438,3102.4,23.15,65.624,231.05,341.45,94.608,77.812,32.39,8.9642,26.103,6.7393,19.044,1.6586,33.407,13.861,24.202,1.242,18.662,2.242,4.8148,2.3008,0.032975,0.82921,0.083795,53.972,43.491,63.237,53.817,26.649,61.264,22.179,42.791,37.844,45.233,47.39,41.273,17.633
7,0.23149,3709.3,4483.6,9.2471,26.807,42.203,2708.6,73.929,120.43,0.34226,80.331,50.462,2638.3,26.315,51.332,3104.1,22.721,65.667,230.45,341.49,94.6,77.713,32.011,8.9014,26.184,7.0205,18.842,1.7029,33.102,14.053,23.751,1.2764,18.647,2.2811,4.828,2.2543,0.032975,0.82921,0.083795,53.972,43.491,63.542,53.629,22.866,61.912,22.579,40.714,39.46,49.617,47.444,41.415,18.629
8,0.23078,3717.6,4473.0,9.3779,26.615,42.215,2707.3,75.118,120.41,0.34207,80.406,48.735,2636.5,25.473,51.019,3104.9,22.091,65.75,230.81,341.39,94.3,77.453,32.011,8.9014,26.184,7.0205,18.842,1.7029,33.102,14.053,23.751,1.2764,18.647,2.2811,4.828,2.2543,0.032975,0.82921,0.083795,53.972,43.491,63.4,53.755,22.936,60.84,22.274,40.737,34.378,48.893,47.407,41.054,20.123
9,0.26848,3629.5,4512.4,9.3748,26.74,42.697,2703.8,74.753,120.39,0.36488,80.179,49.315,2631.3,25.258,50.793,3103.1,22.685,65.797,228.47,340.73,94.756,76.983,32.425,8.8128,26.48,6.6637,19.198,1.6545,32.421,13.792,24.116,1.3997,18.724,2.2211,4.8893,2.3293,0.032975,0.82921,0.083795,53.972,43.491,62.451,53.752,26.405,60.444,21.673,43.29,36.084,48.37,47.611,40.98,18.744
10,0.26939,3653.4,4480.9,9.2838,27.112,42.207,2702.4,75.261,120.4,0.3648,79.932,51.062,2630.2,22.713,51.415,3099.8,23.821,65.752,231.12,341.16,94.752,77.169,32.425,8.8128,26.48,6.6637,19.198,1.6545,32.421,13.792,24.116,1.3997,18.724,2.2211,4.8893,2.3293,0.032975,0.82921,0.083795,53.972,43.491,62.039,54.129,26.316,62.921,21.956,43.3,41.224,49.81,47.375,41.126,16.057
11,0.22988,3743.5,4426.2,9.4079,27.008,42.395,2704.9,74.851,120.4,0.33521,80.074,50.945,2632.8,26.978,50.013,3101.0,23.873,65.717,229.14,342.01,94.601,77.064,32.249,8.7145,26.359,6.8334,18.884,1.598,32.662,13.718,24.078,1.3132,18.925,2.3111,4.875,2.3051,0.01066,0.82773,0.10286,53.662,43.975,63.657,53.868,22.277,60.993,22.253,40.091,40.881,46.563,47.382,41.414,15.944
12,0.22774,3753.6,4450.6,9.2445,27.214,42.868,2705.1,75.637,120.43,0.33697,80.146,50.498,2634.0,25.234,50.629,3101.6,22.622,65.712,229.2,341.5,94.444,77.688,32.249,8.7145,26.359,6.8334,18.884,1.598,32.662,13.718,24.078,1.3132,18.925,2.3111,4.875,2.3051,0.01066,0.82773,0.10286,53.662,43.975,63.483,53.575,22.487,60.329,22.457,39.876,39.565,47.99,47.304,41.624,18.861
13,0.24287,3682.2,4478.6,9.1879,26.936,42.318,2705.7,75.207,120.4,0.32786,80.361,49.276,2634.5,25.062,49.535,3103.1,22.542,65.744,228.98,341.2,94.48,77.395,31.9,8.9804,26.271,6.5806,18.525,1.6243,32.877,13.917,24.032,1.3016,18.374,2.2454,4.8483,2.3364,0.01066,0.82773,0.10286,53.662,43.975,63.35,53.967,24.042,62.461,22.069,38.905,35.97,45.459,47.245,40.877,19.05
14,0.24496,3667.2,4516.5,9.2293,26.875,42.345,2705.0,74.831,120.43,0.32931,80.273,50.514,2633.6,25.621,49.716,3103.1,23.803,65.817,229.15,341.39,94.473,77.498,31.9,8.9804,26.271,6.5806,18.525,1.6243,32.877,13.917,24.032,1.3016,18.374,2.2454,4.8483,2.3364,0.01066,0.82773,0.10286,53.662,43.975,63.607,53.514,23.836,62.235,22.105,38.728,39.613,45.876,47.153,41.915,16.036
15,0.27692,3755.9,4553.1,9.3191,27.119,42.517,2703.7,74.725,120.41,0.34638,80.278,49.773,2632.5,24.297,48.923,3103.1,21.786,65.8,227.95,341.12,94.375,77.126,32.486,8.841,26.557,7.1227,18.345,1.6268,33.195,13.918,23.864,1.3619,18.69,2.2772,4.8388,2.3431,0.01066,0.82773,0.10286,53.662,43.975,64.464,53.967,27.558,60.962,22.037,41.949,37.431,44.041,47.179,41.257,20.844
16,0.27942,3772.9,4521.9,9.409,26.729,42.369,2699.6,74.801,120.42,0.34655,79.861,48.98,2627.5,26.583,49.246,3099.1,23.141,65.774,228.64,340.99,94.412,76.828,32.486,8.841,26.557,7.1227,18.345,1.6268,33.195,13.918,23.864,1.3619,18.69,2.2772,4.8388,2.3431,0.034117,0.84301,0.10649,53.74,43.285,64.17,54.341,27.312,60.719,21.681,41.929,35.097,44.79,46.993,41.469,17.68
17,0.22325,3655.0,4584.4,9.3408,26.782,42.258,2697.9,74.582,120.35,0.3508,79.934,50.997,2627.1,25.14,49.469,3095.1,22.562,65.655,228.06,341.12,94.574,77.246,32.389,8.8925,26.17,7.0844,18.686,1.6529,33.021,13.864,23.714,1.266,18.557,2.2366,4.8851,2.2659,0.034117,0.84301,0.10649,53.74,43.285,61.472,54.093,21.681,61.779,21.941,41.573,41.033,45.304,46.953,39.747,19.044
18,0.22194,3617.2,4508.3,9.3965,27.029,42.505,2699.2,74.155,120.38,0.3481,80.015,51.247,2628.1,24.625,50.041,3095.8,23.81,65.634,230.31,341.07,94.814,77.417,32.389,8.8925,26.17,7.0844,18.686,1.6529,33.021,13.864,23.714,1.266,18.557,2.2366,4.8851,2.2659,0.034117,0.84301,0.10649,53.74,43.285,62.123,55.004,21.811,62.881,22.262,41.903,41.769,46.629,46.661,41.27,16.068
19,0.23054,3591.3,4530.0,9.3028,27.038,42.116,2704.6,75.415,120.35,0.34617,80.411,49.345,2632.8,26.407,51.246,3100.6,23.967,65.669,226.67,341.15,94.746,77.75,32.265,8.899,26.3,7.0938,18.837,1.657,33.064,13.747,23.586,1.4433,18.06,2.2511,4.8395,2.3182,0.034117,0.84301,0.10649,53.74,43.285,62.696,53.951,22.304,63.259,22.366,40.808,36.171,49.418,46.89,40.661,15.649
20,0.23099,3618.5,4507.5,9.3929,27.072,42.534,2706.0,74.646,120.41,0.34335,80.52,48.326,2634.4,24.116,49.85,3103.1,22.843,65.772,226.5,341.17,94.691,77.559,32.265,8.899,26.3,7.0938,18.837,1.657,33.064,13.747,23.586,1.4433,18.06,2.2511,4.8395,2.3182,0.034117,0.84301,0.10649,53.74,43.285,62.228,54.219,22.26,60.457,22.186,41.153,33.173,46.188,46.804,41.657,18.307
21,0.24088,3596.3,4508.9,9.315,27.113,42.332,2706.3,74.878,120.37,0.32921,80.381,50.546,2634.8,23.802,50.985,3103.0,23.375,65.797,226.39,341.28,94.812,77.511,31.695,8.9221,26.4,6.9164,18.472,1.5966,33.051,13.799,24.108,1.1416,18.669,2.2194,4.8428,2.3725,0.030437,0.83754,0.10127,53.191,44.002,62.332,53.835,23.358,63.415,22.455,39.706,39.707,48.813,47.102,40.85,17.038
22,0.23837,3628.6,4498.8,9.2929,27.064,42.328,2706.8,74.986,120.4,0.33175,80.249,49.862,2634.3,23.921,50.842,3104.5,22.549,65.785,228.07,340.93,94.802,77.38,31.695,8.9221,26.4,6.9164,18.472,1.5966,33.051,13.799,24.108,1.1416,18.669,2.2194,4.8428,2.3725,0.030437,0.83754,0.10127,53.191,44.002,61.776,53.956,23.605,62.384,22.157,39.395,37.692,48.483,47.024,40.72,19.007
23,0.29528,3648.9,4573.2,9.5114,26.941,42.299,2707.7,74.869,120.41,0.34216,80.067,50.901,2636.2,24.178,48.69,3106.6,23.152,65.735,228.62,341.27,94.703,77.227,31.894,8.9476,26.37,6.7137,18.553,1.6312,32.907,13.659,23.744,1.1394,18.501,2.2928,4.9606,2.4158,0.030437,0.83754,0.10127,53.191,44.002,62.867,53.982,29.267,61.729,22.162,39.443,40.75,43.501,47.051,40.688,17.599
24,0.29539,3669.8,4540.7,9.4093,26.882,41.863,2709.9,75.047,120.4,0.33762,80.048,48.572,2639.0,25.973,48.568,3107.0,23.268,65.672,226.45,341.77,94.584,77.303,31.894,8.9476,26.37,6.7137,18.553,1.6312,32.907,13.659,23.744,1.1394,18.501,2.2928,4.9606,2.4158,0.030437,0.83754,0.10127,53.191,44.002,62.506,54.37,29.256,60.24,22.262,39.998,33.898,43.22,47.32,40.691,17.325
25,0.28079,3714.1,4500.4,9.3412,26.95,42.642,2709.2,75.643,120.45,0.32433,79.91,50.605,2638.3,23.995,51.51,3107.7,23.028,65.648,227.26,341.78,94.565,77.23,32.532,8.9176,26.436,6.8426,19.157,1.6709,32.495,13.74,24.202,1.2075,18.52,2.2439,4.8866,2.3799,0.030437,0.83754,0.10127,53.191,44.002,63.587,54.699,27.723,62.385,22.312,37.747,39.882,50.029,47.326,42.233,17.913
26,0.28239,3729.2,4487.4,9.3237,26.572,42.366,2709.8,75.261,120.42,0.32135,79.936,49.28,2638.6,25.746,48.259,3107.9,23.408,65.611,230.53,341.83,94.376,77.232,32.532,8.9176,26.436,6.8426,19.157,1.6709,32.495,13.74,24.202,1.2075,18.52,2.2439,4.8866,2.3799,0.02421,0.82707,0.10677,53.491,43.865,63.326,54.854,27.566,60.712,22.223,38.111,35.981,42.505,46.983,40.912,17.011
27,0.21849,3670.2,4485.4,9.2773,26.945,42.313,2708.9,74.067,120.41,0.32732,79.999,48.963,2637.8,24.992,50.042,3104.4,22.822,65.588,228.45,342.21,94.595,77.543,31.785,8.9643,27.043,6.8962,18.913,1.6237,32.747,14.089,24.166,1.235,18.515,2.2219,4.919,2.2933,0.02421,0.82707,0.10677,53.491,43.865,63.308,53.383,21.654,61.674,22.565,39.375,35.049,46.631,47.189,41.248,18.387
28,0.21975,3659.9,4457.3,9.403,26.4,42.242,2708.8,76.071,120.4,0.33283,80.225,49.741,2638.6,24.079,49.3,3104.6,22.01,65.611,229.4,341.94,94.502,77.591,31.785,8.9643,27.043,6.8962,18.913,1.6237,32.747,14.089,24.166,1.235,18.515,2.2219,4.919,2.2933,0.02421,0.82707,0.10677,53.491,43.865,63.487,53.719,21.53,61.518,22.371,38.703,37.337,44.915,47.123,40.6,20.291
29,0.2905,3658.5,4476.9,9.2767,26.868,42.304,2705.4,75.369,120.41,0.37032,80.056,49.136,2634.8,24.303,48.228,3103.8,23.355,65.686,227.46,341.61,94.51,77.265,32.026,8.777,26.792,6.8957,18.655,1.6841,33.572,13.91,24.026,1.2429,18.878,2.2544,4.8921,2.2467,0.02421,0.82707,0.10677,53.491,43.865,63.052,54.039,28.851,63.335,22.197,43.598,35.558,42.432,47.312,41.338,17.122
30,0.29118,3636.3,4506.7,9.3088,26.901,42.267,2705.8,74.337,120.4,0.37034,80.008,50.583,2634.4,24.974,50.078,3102.2,23.083,65.662,230.89,341.94,94.613,77.157,32.026,8.777,26.792,6.8957,18.655,1.6841,33.572,13.91,24.026,1.2429,18.878,2.2544,4.8921,2.2467,0.02421,0.82707,0.10677,53.491,43.865,63.434,53.682,28.783,60.381,22.62,43.595,39.816,46.714,47.026,41.038,17.79
31,0.27201,3672.5,4521.1,9.313,27.136,42.468,2705.3,75.155,120.38,0.34996,80.015,50.622,2635.0,24.694,50.338,3102.6,22.756,65.657,227.89,342.33,94.688,77.285,32.303,8.9011,26.788,6.9677,18.906,1.6869,32.748,13.777,23.923,1.3411,18.812,2.2747,4.8386,2.2111,0.015102,0.83616,0.089895,54.006,44.01,62.803,54.143,26.663,60.894,22.578,41.548,39.932,47.316,47.039,40.521,18.556
32,0.27044,3687.3,4553.8,9.2681,26.598,42.557,2705.8,75.112,120.41,0.35154,80.014,50.917,2635.0,26.518,50.204,3103.5,23.848,65.648,229.43,342.13,94.6,77.137,32.303,8.9011,26.788,6.9677,18.906,1.6869,32.748,13.777,23.923,1.3411,18.812,2.2747,4.8386,2.2111,0.015102,0.83616,0.089895,54.006,44.01,62.549,53.751,26.817,61.949,22.041,41.356,40.799,47.006,46.801,40.878,15.976
33,0.24568,3632.0,4479.5,9.2979,26.779,42.347,2705.5,74.978,120.38,0.3362,80.004,51.101,2634.1,24.833,52.41,3102.2,23.514,65.631,229.63,342.15,94.624,77.217,32.247,8.8341,26.45,6.8598,19.026,1.64,33.249,13.624,24.319,1.2208,18.427,2.2539,4.8611,2.3841,0.015102,0.83616,0.089895,54.006,44.01,62.821,54.024,24.017,61.533,22.471,39.708,41.341,52.111,46.683,40.571,16.769
34,0.24499,3639.7,4496.0,9.3361,26.945,42.392,2704.9,74.927,120.41,0.33891,79.878,50.024,2633.3,22.768,50.952,3101.1,23.73,65.606,230.63,342.45,94.776,77.155,32.247,8.8341,26.45,6.8598,19.026,1.64,33.249,13.624,24.319,1.2208,18.427,2.2539,4.8611,2.3841,0.015102,0.83616,0.089895,54.006,44.01,62.689,53.826,24.085,61.75,22.348,39.377,38.172,48.737,46.497,40.719,16.268
35,0.2498,3664.7,4461.3,9.3793,27.0,42.385,2707.6,75.722,120.39,0.3179,80.104,49.946,2637.4,24.167,51.457,3102.9,23.577,65.592,228.02,342.88,94.569,77.306,32.44,8.7949,26.66,6.6818,18.636,1.6711,33.44,13.896,23.999,1.3392,18.727,2.2478,4.8326,2.3857,0.015102,0.83616,0.089895,54.006,44.01,63.175,53.916,24.499,62.556,22.837,37.666,37.942,49.905,46.632,41.122,16.616
36,0.2503,3685.1,4485.0,9.5408,26.612,42.284,2708.5,74.896,120.41,0.31786,80.139,48.825,2638.0,26.102,49.305,3103.7,23.948,65.609,227.31,342.53,94.525,77.369,32.44,8.7949,26.66,6.6818,18.636,1.6711,33.44,13.896,23.999,1.3392,18.727,2.2478,4.8326,2.3857,0.0094048,0.84765,0.1129,53.632,44.802,62.823,53.633,24.45,60.343,22.657,37.671,34.642,44.926,46.821,40.754,15.721
37,0.23097,3720.2,4516.6,9.2626,26.912,42.528,2706.9,73.57,120.46,0.34692,80.092,49.821,2636.1,25.099,51.707,3103.7,23.431,65.634,228.49,342.16,94.495,77.252,32.198,8.764,26.509,7.0797,18.652,1.6442,33.293,13.776,24.226,1.2112,18.38,2.2641,4.8062,2.3103,0.0094048,0.84765,0.1129,53.632,44.802,63.886,54.202,22.359,61.513,22.629,41.293,37.574,50.485,46.713,41.674,16.954
38,0.22861,3693.0,4502.8,9.5062,26.851,42.148,2704.3,75.009,120.42,0.34862,80.027,50.44,2632.6,23.828,51.008,3102.1,24.424,65.639,226.58,341.57,94.469,77.384,32.198,8.764,26.509,7.0797,18.652,1.6442,33.293,13.776,24.226,1.2112,18.38,2.2641,4.8062,2.3103,0.0094048,0.84765,0.1129,53.632,44.802,64.353,54.366,22.592,61.155,22.137,41.086,39.395,48.868,46.881,41.434,14.589
39,0.25063,3603.9,4536.1,9.2759,27.076,42.4,2704.6,75.098,120.39,0.3334,80.097,48.709,2633.6,24.217,48.112,3100.3,22.32,65.626,228.78,341.86,94.586,77.32,32.4,8.6563,26.219,6.8416,18.502,1.6557,32.821,13.807,23.764,1.2573,18.832,2.2729,4.8538,2.3116,0.0094048,0.84765,0.1129,53.632,44.802,62.399,53.952,24.761,61.254,22.38,39.75,34.301,42.164,46.684,40.472,19.59
40,0.25197,3611.4,4549.3,9.4866,26.905,42.175,2704.6,76.154,120.36,0.33405,79.953,48.943,2633.6,26.369,50.546,3099.4,22.595,65.633,229.08,342.14,94.858,77.259,32.4,8.6563,26.219,6.8416,18.502,1.6557,32.821,13.807,23.764,1.2573,18.832,2.2729,4.8538,2.3116,0.0094048,0.84765,0.1129,53.632,44.802,62.269,53.793,24.629,59.177,22.587,39.671,34.99,47.797,46.656,40.038,18.954
41,0.23227,3688.4,4540.9,9.3296,27.101,42.354,2703.3,75.361,120.39,0.33741,79.871,50.214,2632.4,24.982,51.075,3101.4,23.379,65.595,226.48,342.18,94.639,77.131,32.247,8.7243,26.99,6.9533,18.423,1.6408,32.82,13.968,24.28,1.2923,18.447,2.26,4.8059,2.2715,0.01655,0.8316,0.12599,54.218,43.675,62.959,54.294,22.502,61.795,22.433,40.045,38.73,49.022,47.192,40.978,17.114
42,0.23202,3680.5,4508.8,9.3391,26.923,42.166,2706.6,75.45,120.42,0.33749,80.129,51.118,2636.4,24.867,47.812,3102.3,22.637,65.593,228.18,341.67,94.705,77.139,32.247,8.7243,26.99,6.9533,18.423,1.6408,32.82,13.968,24.28,1.2923,18.447,2.26,4.8059,2.2715,0.01655,0.8316,0.12599,54.218,43.675,63.094,54.679,22.527,62.51,22.647,40.035,41.39,41.471,47.175,41.894,18.858
43,0.24409,3628.1,4520.1,9.3677,26.591,42.112,2703.5,74.95,120.39,0.35596,79.916,48.387,2631.6,24.492,49.628,3102.0,21.898,65.617,231.02,341.32,94.645,77.142,32.306,8.8846,26.533,6.8449,18.484,1.6287,33.095,13.827,24.052,1.2323,18.214,2.2696,4.8275,2.3343,0.01655,0.8316,0.12599,54.218,43.675,63.001,54.791,23.977,61.74,21.734,42.183,33.352,45.674,47.052,40.741,20.635
44,0.24412,3660.8,4552.9,9.4427,26.733,42.029,2705.9,74.237,120.4,0.35626,80.088,48.795,2634.9,23.516,50.445,3102.1,23.14,65.593,229.93,341.67,94.736,77.796,32.306,8.8846,26.533,6.8449,18.484,1.6287,33.095,13.827,24.052,1.2323,18.214,2.2696,4.8275,2.3343,0.01655,0.8316,0.12599,54.218,43.675,62.438,54.398,23.974,61.908,22.422,42.147,34.555,47.564,47.284,41.176,17.635
45,0.23657,3649.1,4507.4,9.3259,27.229,42.411,2707.9,75.971,120.42,0.33637,80.261,50.565,2636.0,22.3,49.753,3104.9,23.34,65.683,229.27,341.73,94.537,77.453,31.734,8.8739,26.188,6.838,18.847,1.6217,32.867,13.655,23.953,1.2863,18.631,2.2726,4.9175,2.2999,0.01655,0.8316,0.12599,54.218,43.675,63.576,54.846,23.403,61.229,22.3,40.927,39.763,45.962,47.469,41.356,17.164
46,0.23662,3657.4,4565.1,9.3858,27.073,42.443,2706.0,74.993,120.4,0.33989,80.205,50.653,2635.3,25.487,48.227,3104.2,22.61,65.743,229.06,341.04,94.618,77.273,31.734,8.8739,26.188,6.838,18.847,1.6217,32.867,13.655,23.953,1.2863,18.631,2.2726,4.9175,2.2999,0.006968,0.83975,0.092062,53.009,44.321,63.432,54.155,23.399,61.36,22.333,40.497,40.021,42.431,47.209,41.363,18.909
47,0.2955,3679.4,4505.9,9.4102,26.783,42.524,2707.0,74.936,120.41,0.32383,80.097,49.744,2635.3,25.5,50.974,3104.4,22.73,65.729,226.68,341.61,94.416,77.16,32.791,8.9448,26.504,6.7821,19.053,1.6177,33.218,14.051,24.36,1.2116,18.651,2.2579,4.8851,2.3226,0.006968,0.83975,0.092062,53.009,44.321,63.153,53.992,28.835,60.455,22.346,37.728,37.345,48.788,47.373,41.689,18.636
48,0.2943,3644.0,4510.9,9.2908,26.878,42.079,2705.8,75.085,120.41,0.32588,79.932,49.611,2634.5,24.868,49.298,3103.5,22.93,65.686,229.56,341.74,94.561,76.97,32.791,8.9448,26.504,6.7821,19.053,1.6177,33.218,14.051,24.36,1.2116,18.651,2.2579,4.8851,2.3226,0.006968,0.83975,0.092062,53.009,44.321,63.762,53.932,28.953,62.009,22.176,37.478,36.955,44.909,47.071,40.92,18.192
49,0.19212,3672.4,4465.5,9.5172,27.09,42.118,2702.9,74.815,120.41,0.3646,79.891,49.705,2631.0,25.283,52.003,3099.0,23.202,65.618,227.93,341.56,94.615,77.411,32.342,8.9237,26.692,6.9691,18.886,1.6752,33.689,13.777,23.943,1.3791,18.573,2.2543,4.8094,2.2457,0.006968,0.83975,0.092062,53.009,44.321,63.831,53.942,18.739,62.003,22.076,43.392,37.231,51.171,47.174,41.767,17.526
50,0.19059,3673.0,4521.0,9.28,26.969,42.065,2703.3,75.024,120.4,0.36194,80.193,49.414,2631.9,25.199,50.956,3098.6,22.566,65.632,229.08,341.36,94.636,77.572,32.342,8.9237,26.692,6.9691,18.886,1.6752,33.689,13.777,23.943,1.3791,18.573,2.2543,4.8094,2.2457,0.006968,0.83975,0.092062,53.009,44.321,63.821,53.278,18.889,60.492,22.297,43.716,36.374,48.747,47.028,40.708,19.007
51,0.2305,3650.5,4484.5,9.3385,27.128,42.36,2702.6,74.573,120.39,0.33534,80.187,48.42,2631.7,25.556,49.05,3098.6,23.157,65.685,229.54,341.18,94.601,77.132,32.315,8.8043,26.4,7.1364,19.117,1.6306,33.187,13.769,23.69,1.2698,18.687,2.2632,4.8222,2.234,-0.00015232,0.83991,0.10276,53.436,43.682,62.574,54.093,22.745,61.087,22.382,39.771,33.449,44.335,47.147,41.203,17.628
52,0.23121,3641.5,4497.1,9.432,27.112,42.26,2699.9,74.317,120.38,0.33535,79.997,49.784,2627.8,25.299,50.536,3098.8,21.952,65.686,231.21,341.33,94.67,77.22,32.315,8.8043,26.4,7.1364,19.117,1.6306,33.187,13.769,23.69,1.2698,18.687,2.2632,4.8222,2.234,-0.00015232,0.83991,0.10276,53.436,43.682,62.728,53.942,22.676,59.946,22.034,39.769,37.466,47.775,47.044,40.468,20.503
53,0.22942,3607.9,4518.7,9.4091,26.986,41.998,2702.7,75.131,120.39,0.33362,80.14,51.917,2630.3,23.583,49.69,3099.8,22.929,65.687,229.71,340.79,94.887,77.367,32.377,8.8873,26.234,6.9476,18.541,1.6627,32.707,13.89,24.106,1.34,18.561,2.256,4.7931,2.3842,-0.00015232,0.83991,0.10276,53.436,43.682,61.679,53.076,23.071,60.877,22.095,39.687,43.741,45.818,47.221,41.12,18.162
54,0.23182,3615.7,4489.2,9.3644,26.804,42.361,2705.8,74.732,120.4,0.33286,80.275,49.461,2634.5,25.35,49.715,3101.1,23.552,65.717,231.28,341.46,94.771,77.575,32.377,8.8873,26.234,6.9476,18.541,1.6627,32.707,13.89,24.106,1.34,18.561,2.256,4.7931,2.3842,-0.00015232,0.83991,0.10276,53.436,43.682,61.544,53.43,22.835,62.038,22.505,39.78,36.514,45.875,47.124,40.481,16.663
55,0.22656,3631.8,4536.3,9.3918,26.848,42.34,2705.9,75.153,120.38,0.34986,80.264,50.252,2635.0,25.109,48.391,3103.5,23.596,65.753,229.48,341.56,94.819,77.439,32.314,8.9173,26.59,6.842,18.627,1.6424,32.632,13.904,23.762,1.3196,18.921,2.2545,4.9046,2.2567,-0.00015232,0.83991,0.10276,53.436,43.682,62.772,54.272,21.844,61.918,22.266,40.954,38.841,42.81,47.324,40.456,16.554
56,0.22439,3664.5,4538.8,9.4427,26.808,42.094,2705.9,75.093,120.38,0.34584,80.178,49.087,2634.9,26.547,49.595,3104.4,22.301,65.753,228.24,341.41,94.749,77.446,32.314,8.9173,26.59,6.842,18.627,1.6424,32.632,13.904,23.762,1.3196,18.921,2.2545,4.9046,2.2567,0.010544,0.83431,0.096498,54.066,43.861,62.208,54.243,22.057,61.01,21.9,41.444,35.414,45.596,47.486,41.04,19.628
57,0.22934,3656.4,4518.0,9.4504,26.716,42.426,2706.7,74.978,120.41,0.34552,80.202,50.618,2635.7,24.556,50.438,3105.6,22.73,65.755,229.14,341.25,94.68,77.395,31.929,8.9904,26.445,6.8553,18.948,1.7134,33.41,13.805,24.047,1.3213,18.539,2.2706,4.8924,2.2621,0.010544,0.83431,0.096498,54.066,43.861,63.262,54.31,22.461,60.567,21.825,41.966,39.919,47.547,47.453,40.508,18.602
58,0.22924,3656.0,4495.2,9.4245,27.201,42.294,2707.6,74.328,120.4,0.35199,80.213,49.416,2635.7,25.276,50.085,3105.2,22.956,65.755,229.92,340.82,94.622,77.453,31.929,8.9904,26.445,6.8553,18.948,1.7134,33.41,13.805,24.047,1.3213,18.539,2.2706,4.8924,2.2621,0.010544,0.83431,0.096498,54.066,43.861,63.27,54.583,22.471,59.792,22.29,41.177,36.381,46.73,47.429,40.669,18.057
59,0.26445,3680.9,4479.4,9.3342,27.122,42.463,2706.4,75.851,120.41,0.33578,80.035,49.029,2635.8,23.701,50.222,3105.2,23.354,65.761,229.44,341.06,94.543,77.163,32.154,8.8441,26.915,6.6948,18.493,1.644,33.16,13.875,23.812,1.2999,18.669,2.2684,4.8743,2.298,0.010544,0.83431,0.096498,54.066,43.861,62.755,53.983,26.462,60.707,22.239,40.563,35.242,47.049,47.519,41.217,17.145
60,0.26457,3707.6,4507.4,9.3837,26.669,42.141,2705.1,74.585,120.4,0.33837,79.907,51.318,2633.2,24.432,50.538,3102.2,23.137,65.686,230.03,341.34,94.644,76.937,32.154,8.8441,26.915,6.6948,18.493,1.644,33.16,13.875,23.812,1.2999,18.669,2.2684,4.8743,2.298,0.010544,0.83431,0.096498,54.066,43.861,62.297,53.648,26.45,62.449,21.944,40.247,41.98,47.779,47.517,40.874,17.696
61,0.24607,3687.2,4538.2,9.2984,26.577,42.532,2704.6,75.177,120.39,0.34796,79.773,50.197,2633.1,25.135,49.125,3102.2,23.924,65.627,231.65,341.11,94.527,77.035,32.403,8.7536,26.417,7.0775,19.018,1.6288,32.711,13.844,24.356,1.1899,18.685,2.2575,4.87,2.3718,0.0093418,0.84105,0.10473,54.129,44.251,64.156,54.406,24.293,61.204,22.076,40.954,38.68,44.509,47.287,41.932,15.848
62,0.24515,3687.9,4540.5,9.3131,26.982,42.269,2707.5,74.67,120.42,0.34742,80.165,49.591,2636.7,23.176,51.294,3105.3,22.806,65.627,230.16,341.3,94.367,77.673,32.403,8.7536,26.417,7.0775,19.018,1.6288,32.711,13.844,24.356,1.1899,18.685,2.2575,4.87,2.3718,0.0093418,0.84105,0.10473,54.129,44.251,64.144,54.378,24.384,61.758,22.276,41.021,36.897,49.528,47.409,41.282,18.437
63,0.22264,3612.1,4502.7,9.3564,27.176,42.436,2706.7,74.919,120.41,0.34507,80.29,49.657,2635.1,24.186,49.34,3105.2,23.504,65.696,228.8,340.81,94.588,77.535,32.124,8.9395,26.253,6.9646,18.56,1.6337,32.831,13.783,24.251,1.3154,18.488,2.2755,4.784,2.1359,0.0093418,0.84105,0.10473,54.129,44.251,62.088,53.546,21.679,59.405,22.046,40.553,37.091,45.008,47.515,41.02,16.767
64,0.22103,3609.1,4506.3,9.3401,26.849,42.446,2707.8,75.045,120.39,0.34415,80.303,50.265,2636.5,25.62,49.697,3103.8,23.482,65.732,228.77,341.36,94.769,77.417,32.124,8.9395,26.253,6.9646,18.56,1.6337,32.831,13.783,24.251,1.3154,18.488,2.2755,4.784,2.1359,0.0093418,0.84105,0.10473,54.129,44.251,62.14,53.504,21.837,60.213,22.329,40.665,38.879,45.832,47.503,41.233,16.82
65,0.24643,3642.5,4584.7,9.2639,26.831,42.275,2709.2,75.073,120.39,0.33658,80.316,49.121,2638.9,24.403,49.77,3105.6,23.354,65.765,232.1,341.16,94.664,77.38,31.62,8.9344,26.607,7.0619,18.601,1.6152,32.754,13.725,23.908,1.3307,18.237,2.206,4.8127,2.2633,0.0093418,0.84105,0.10473,54.129,44.251,62.425,53.687,24.48,61.043,22.696,39.938,35.514,46.002,47.187,40.82,17.118
66,0.24713,3658.8,4508.3,9.3209,27.268,42.41,2707.4,74.345,120.4,0.33596,79.931,50.173,2635.5,25.212,48.154,3105.5,23.447,65.772,231.22,341.01,94.773,76.916,31.62,8.9344,26.607,7.0619,18.601,1.6152,32.754,13.725,23.908,1.3307,18.237,2.206,4.8127,2.2633,-0.00048418,0.8449,0.089359,52.741,44.127,62.145,54.601,24.411,62.779,22.084,40.014,38.61,42.263,47.427,40.315,16.94
67,0.29905,3648.8,4503.1,9.3231,26.729,42.266,2709.7,74.787,120.39,0.32902,79.994,51.422,2638.1,24.619,51.069,3107.8,21.486,65.669,230.03,341.32,94.674,77.364,32.189,8.843,26.722,6.8124,18.754,1.6311,32.715,13.81,24.38,1.1396,18.448,2.2556,4.8207,2.3695,-0.00048418,0.8449,0.089359,52.741,44.127,61.338,54.595,29.544,63.682,22.124,39.188,42.286,49.009,47.602,40.75,21.58
68,0.29723,3594.6,4522.7,9.4662,27.179,42.167,2711.9,74.926,120.4,0.33048,79.814,49.538,2640.3,25.882,51.579,3108.3,22.978,65.632,231.19,342.11,94.693,77.032,32.189,8.843,26.722,6.8124,18.754,1.6311,32.715,13.81,24.38,1.1396,18.448,2.2556,4.8207,2.3695,-0.00048418,0.8449,0.089359,52.741,44.127,62.271,54.361,29.724,63.696,22.725,39.009,36.739,50.188,47.566,40.965,18.078
69,0.24816,3666.3,4580.5,9.4863,27.009,42.15,2714.0,74.741,120.41,0.33868,79.902,51.186,2642.8,23.76,50.561,3109.2,23.893,65.578,230.27,342.36,94.71,77.504,32.486,9.0788,26.579,6.9784,18.775,1.6014,32.902,13.75,24.284,1.0942,18.596,2.2228,4.8426,2.29,-0.00048418,0.8449,0.089359,52.741,44.127,63.174,53.31,24.31,59.384,22.904,40.205,41.591,47.833,47.718,40.585,15.877
70,0.24864,3647.7,4515.1,9.411,27.227,42.409,2714.4,74.07,120.41,0.33671,80.02,50.837,2643.6,26.003,51.964,3112.2,22.929,65.632,229.75,342.16,94.436,77.427,32.486,9.0788,26.579,6.9784,18.775,1.6014,32.902,13.75,24.284,1.0942,18.596,2.2228,4.8426,2.29,-0.00048418,0.8449,0.089359,52.741,44.127,63.494,54.093,24.262,62.747,22.533,40.445,40.562,51.078,47.832,41.983,18.155
71,0.21539,3618.9,4480.8,9.4898,26.682,42.265,2714.5,74.755,120.41,0.33257,80.093,50.115,2643.3,25.283,50.343,3111.3,22.044,65.672,230.16,342.37,94.601,77.592,32.208,8.7174,26.144,6.7863,18.821,1.6557,33.037,13.72,24.071,1.1954,18.594,2.2534,4.7388,2.2321,0.0086116,0.82308,0.080082,53.189,44.19,62.52,54.455,21.575,63.322,22.421,39.295,38.437,47.327,47.97,41.206,20.237
72,0.21769,3636.8,4476.2,9.3488,26.921,42.417,2716.0,74.318,120.43,0.33127,80.129,49.869,2644.9,25.781,50.673,3111.1,23.224,65.714,232.73,342.45,94.592,77.348,32.208,8.7174,26.144,6.7863,18.821,1.6557,33.037,13.72,24.071,1.1954,18.594,2.2534,4.7388,2.2321,0.0086116,0.82308,0.080082,53.189,44.19,62.213,54.51,21.349,62.043,22.832,39.454,37.714,48.091,47.854,41.281,17.437
73,0.24203,3670.5,4509.3,9.3223,26.662,41.899,2716.1,74.675,120.41,0.33001,80.004,50.108,2645.2,24.237,49.912,3110.2,22.598,65.72,231.71,342.65,94.573,77.045,32.715,8.7402,26.402,6.8757,18.805,1.6497,32.928,13.812,24.253,1.2853,18.563,2.247,4.8581,2.2138,0.0086116,0.82308,0.080082,53.189,44.19,63.317,53.997,23.907,62.285,22.63,38.668,38.418,46.331,48.055,40.962,18.942
74,0.24113,3638.3,4544.6,9.2826,27.097,42.116,2714.4,74.797,120.42,0.331,79.767,50.205,2643.6,24.13,49.617,3109.7,22.561,65.673,233.79,342.96,94.408,76.971,32.715,8.7402,26.402,6.8757,18.805,1.6497,32.928,13.812,24.253,1.2853,18.563,2.247,4.8581,2.2138,0.0086116,0.82308,0.080082,53.189,44.19,63.871,53.575,23.995,62.787,22.671,38.547,38.704,45.648,47.983,41.045,19.057
75,0.19146,3673.4,4488.2,9.4189,27.078,42.07,2711.2,74.407,120.39,0.3365,79.719,49.929,2640.6,26.491,51.874,3106.4,22.203,65.618,234.02,342.92,94.71,77.043,32.294,8.6878,26.228,6.8993,18.617,1.7084,33.682,13.602,23.813,1.1494,18.454,2.2636,4.7803,2.3211,0.0086116,0.82308,0.080082,53.189,44.19,62.531,54.281,18.687,59.524,22.793,40.249,37.89,50.871,48.081,41.169,19.919
76,0.1909,3648.2,4490.1,9.3265,27.287,42.421,2711.1,74.404,120.39,0.33844,79.734,49.158,2640.3,26.336,49.52,3105.8,22.33,65.598,233.42,342.8,94.555,76.977,32.294,8.6878,26.228,6.8993,18.617,1.7084,33.682,13.602,23.813,1.1494,18.454,2.2636,4.7803,2.3211,0.01778,0.81941,0.08772,54.187,43.545,62.966,54.259,18.741,61.157,22.992,40.013,35.622,45.422,47.691,41.593,19.631
77,0.22577,3667.1,4529.7,9.3043,26.717,42.646,2712.7,75.429,120.37,0.31562,79.814,51.662,2641.8,25.036,49.762,3108.6,22.443,65.571,231.98,342.54,94.651,77.094,31.792,8.8804,26.646,6.9272,18.48,1.6095,32.852,13.806,24.458,1.1735,18.286,2.2287,4.8387,2.2956,0.01778,0.81941,0.08772,54.187,43.545,62.427,54.256,22.661,62.422,22.674,36.996,42.992,45.982,47.692,40.562,19.361
78,0.22966,3652.0,4495.0,9.394,26.554,42.308,2715.1,73.803,120.4,0.30943,79.869,48.377,2644.0,23.867,50.419,3110.1,22.184,65.582,233.47,342.44,94.646,77.458,31.792,8.8804,26.646,6.9272,18.48,1.6095,32.852,13.806,24.458,1.1735,18.286,2.2287,4.8387,2.2956,0.01778,0.81941,0.08772,54.187,43.545,62.687,54.672,22.278,61.526,22.689,37.751,33.324,47.503,47.433,41.07,19.947
79,0.27932,3625.9,4556.6,9.5108,26.927,42.294,2717.6,74.918,120.39,0.33604,80.076,50.292,2647.5,24.715,49.785,3113.6,21.736,65.619,230.23,342.93,94.46,77.524,32.063,8.8267,26.461,6.9289,18.328,1.6268,33.092,13.682,24.003,1.1667,18.303,2.2208,4.7268,2.1714,0.01778,0.81941,0.08772,54.187,43.545,62.862,54.309,27.253,58.905,22.924,39.808,38.959,46.036,47.592,41.262,20.987
80,0.27512,3627.5,4561.7,9.3177,26.935,41.822,2717.1,75.093,120.39,0.33617,79.912,49.006,2646.3,25.471,48.738,3114.3,22.653,65.656,232.07,342.55,94.629,77.226,32.063,8.8267,26.461,6.9289,18.328,1.6268,33.092,13.682,24.003,1.1667,18.303,2.2208,4.7268,2.1714,0.01778,0.81941,0.08772,54.187,43.545,62.835,54.248,27.666,62.721,22.659,39.792,35.176,43.613,47.297,41.182,18.832
81,0.25608,3611.5,4550.9,9.3831,26.899,42.442,2716.1,75.985,120.4,0.32199,79.695,51.227,2645.2,24.966,51.585,3112.9,21.953,65.603,232.18,342.91,94.567,76.884,31.854,8.892,27.344,6.8944,18.871,1.6555,32.933,13.814,24.423,1.4077,18.16,2.2726,4.7865,2.3361,0.016844,0.82907,0.090035,53.99,44.029,63.051,54.813,24.906,62.473,22.684,38.091,41.712,50.202,47.04,40.613,20.54
82,0.25375,3627.8,4565.9,9.3965,27.362,42.44,2718.4,75.489,120.39,0.3225,79.748,51.163,2647.8,25.513,48.129,3113.9,23.107,65.523,230.95,342.98,94.668,77.447,31.854,8.892,27.344,6.8944,18.871,1.6555,32.933,13.814,24.423,1.4077,18.16,2.2726,4.7865,2.3361,0.016844,0.82907,0.090035,53.99,44.029,62.772,54.633,25.134,62.811,23.04,38.029,41.522,42.203,46.976,40.699,17.769
83,0.27685,3642.8,4478.9,9.3038,26.902,42.023,2719.3,74.833,120.41,0.3354,79.849,51.426,2648.7,25.472,48.377,3114.8,23.001,65.5,228.67,342.73,94.551,77.364,31.959,8.8395,26.895,6.8016,18.832,1.6399,33.155,13.586,24.558,1.2267,18.57,2.2371,4.7904,2.2894,0.016844,0.82907,0.090035,53.99,44.029,62.788,54.374,27.316,61.244,22.711,39.863,42.296,42.779,47.003,41.585,18.014
84,0.27553,3679.3,4526.9,9.438,26.806,42.178,2718.4,74.868,120.39,0.33435,79.657,49.327,2647.4,24.694,50.448,3114.9,22.934,65.489,228.08,343.23,94.587,76.744,31.959,8.8395,26.895,6.8016,18.832,1.6399,33.155,13.586,24.558,1.2267,18.57,2.2371,4.7904,2.2894,0.016844,0.82907,0.090035,53.99,44.029,62.16,53.799,27.445,60.011,22.793,39.991,36.12,47.572,46.88,41.623,18.224
85,0.27042,3655.8,4509.0,9.2795,27.162,42.023,2720.5,73.721,120.43,0.31211,79.804,48.166,2650.0,23.808,50.232,3114.9,22.706,65.447,228.03,343.33,94.512,77.401,32.037,8.7941,26.779,6.8696,18.79,1.6221,32.923,13.758,24.518,1.0496,18.378,2.268,4.8047,2.366,0.016844,0.82907,0.090035,53.99,44.029,63.41,54.095,26.527,60.956,23.134,36.41,32.703,47.07,46.712,41.917,18.721
86,0.2687,3644.5,4499.7,9.3025,26.528,42.364,2720.7,75.072,120.39,0.31212,79.904,49.147,2650.5,25.224,49.084,3115.9,22.82,65.454,230.12,343.31,94.484,77.437,32.037,8.7941,26.779,6.8696,18.79,1.6221,32.923,13.758,24.518,1.0496,18.378,2.268,4.8047,2.366,0.017914,0.83646,0.098597,53.897,44.256,63.605,54.206,26.697,62.228,22.959,36.409,35.59,44.415,46.578,40.875,18.443
87,0.26523,3669.3,4514.0,9.3367,26.842,42.443,2718.9,76.132,120.41,0.331,79.76,50.013,2648.3,24.298,50.834,3115.5,22.659,65.469,228.85,343.74,94.478,77.202,32.114,8.7968,26.516,6.7047,18.827,1.6827,32.93,13.794,24.21,1.0445,17.717,2.2158,4.6819,2.308,0.017914,0.83646,0.098597,53.897,44.256,62.626,54.132,25.945,61.369,22.854,38.51,38.138,48.464,46.614,41.424,18.842
88,0.26417,3653.0,4448.3,9.39,27.016,42.519,2719.0,75.175,120.37,0.32958,79.727,50.692,2647.9,24.354,48.963,3113.3,22.776,65.461,228.84,343.34,94.713,77.086,32.114,8.7968,26.516,6.7047,18.827,1.6827,32.93,13.794,24.21,1.0445,17.717,2.2158,4.6819,2.308,0.017914,0.83646,0.098597,53.897,44.256,62.906,54.919,26.049,63.812,23.074,38.683,40.135,44.135,46.539,39.908,18.574
89,0.25596,3690.9,4541.2,9.371,26.932,42.584,2717.7,74.665,120.41,0.33107,79.672,51.148,2646.5,25.611,49.685,3112.3,23.632,65.435,225.5,343.56,94.365,77.299,32.096,8.9317,26.658,6.758,18.418,1.6232,32.606,13.668,24.388,1.3221,18.523,2.2209,4.8371,2.3489,0.017914,0.83646,0.098597,53.897,44.256,63.789,53.711,25.621,60.918,22.902,39.384,41.477,45.806,46.763,42.496,16.533
90,0.25673,3705.0,4565.2,9.2586,27.149,42.291,2717.1,74.93,120.4,0.33336,79.801,49.781,2646.0,23.85,47.79,3111.5,23.097,65.437,226.88,342.95,94.569,77.149,32.096,8.9317,26.658,6.758,18.418,1.6232,32.606,13.668,24.388,1.3221,18.523,2.2209,4.8371,2.3489,0.017914,0.83646,0.098597,53.897,44.256,63.547,53.424,25.546,61.902,23.038,39.105,37.456,41.419,46.564,41.172,17.803
91,0.26201,3699.8,4571.2,9.2271,26.869,42.659,2714.7,75.327,120.42,0.32204,79.747,51.819,2644.0,24.604,48.718,3110.7,23.17,65.438,227.35,342.78,94.356,77.303,32.208,8.9871,26.565,6.9596,18.399,1.6585,33.281,13.714,24.643,1.0699,18.413,2.2366,4.6887,2.3698,0.0056675,0.83904,0.09269,54.02,43.628,63.311,54.381,25.534,62.344,22.437,36.976,43.454,43.567,46.631,42.058,17.622
92,0.26177,3686.0,4545.5,9.2339,26.787,42.585,2715.5,74.89,120.41,0.32018,79.876,48.987,2644.7,25.75,49.326,3111.7,23.237,65.49,228.9,342.68,94.521,77.299,32.208,8.9871,26.565,6.9596,18.399,1.6585,33.281,13.714,24.643,1.0699,18.413,2.2366,4.6887,2.3698,0.0056675,0.83904,0.09269,54.02,43.628,63.548,54.689,25.558,59.745,22.377,37.204,35.119,44.974,46.496,41.795,17.458
93,0.2501,3631.8,4539.4,9.2812,26.967,42.008,2715.1,75.631,120.39,0.31979,79.908,50.633,2644.9,23.874,49.877,3108.4,22.223,65.493,227.24,343.32,94.492,77.266,32.11,8.7687,26.915,7.01,18.468,1.6857,33.29,13.97,24.242,1.388,18.66,2.2218,4.6913,2.325,0.0056675,0.83904,0.09269,54.02,43.628,62.734,54.869,24.657,62.222,23.268,38.301,39.963,46.25,46.646,40.798,19.867
94,0.24787,3658.5,4568.6,9.2511,26.575,42.386,2711.4,75.716,120.38,0.32502,79.722,50.353,2640.6,25.809,48.564,3108.2,23.633,65.505,226.73,342.7,94.72,76.892,32.11,8.7687,26.915,7.01,18.468,1.6857,33.29,13.97,24.242,1.388,18.66,2.2218,4.6913,2.325,0.0056675,0.83904,0.09269,54.02,43.628,62.275,54.52,24.877,62.132,22.424,37.663,39.14,43.21,46.693,41.214,16.553
95,0.26157,3612.8,4571.4,9.3947,27.141,42.35,2710.4,74.896,120.36,0.34746,79.6,49.699,2638.6,26.367,50.364,3105.8,23.385,65.446,227.54,342.88,94.731,76.834,32.238,8.7679,26.39,6.825,19.005,1.6946,32.887,13.829,24.216,1.2817,18.454,2.2337,4.6431,2.1531,0.0056675,0.83904,0.09269,54.02,43.628,62.523,54.376,25.441,58.318,22.586,41.8,37.214,47.377,46.627,39.905,17.167
96,0.25826,3628.1,4556.0,9.3144,26.777,42.716,2709.3,74.451,120.37,0.35222,79.474,50.209,2637.8,25.067,49.541,3104.8,23.575,65.402,231.21,342.64,94.787,77.105,32.238,8.7679,26.39,6.825,19.005,1.6946,32.887,13.829,24.216,1.2817,18.454,2.2337,4.6431,2.1531,0.017631,0.82019,0.079223,53.805,44.0,62.259,54.56,25.766,62.041,22.497,41.219,38.716,45.471,46.379,40.501,16.726
97,0.24761,3663.2,4514.0,9.3561,27.236,42.515,2712.2,75.59,120.4,0.33592,79.71,49.582,2641.3,26.801,48.473,3107.0,22.6,65.387,228.1,342.59,94.67,77.333,31.967,9.1174,26.435,6.6192,18.905,1.6045,32.969,13.643,24.407,1.1963,18.205,2.2507,4.7429,2.2771,0.017631,0.82019,0.079223,53.805,44.0,63.245,53.75,24.42,60.873,23.028,39.542,36.869,42.999,46.696,41.037,19.029
98,0.24926,3665.7,4504.6,9.4149,27.04,42.484,2713.5,74.989,120.4,0.3313,79.878,50.078,2642.6,24.34,50.197,3108.6,23.165,65.422,227.95,342.54,94.664,77.397,31.967,9.1174,26.435,6.6192,18.905,1.6045,32.969,13.643,24.407,1.1963,18.205,2.2507,4.7429,2.2771,0.017631,0.82019,0.079223,53.805,44.0,63.201,53.863,24.257,59.262,22.796,40.106,38.329,46.99,46.745,41.814,17.67
99,0.27484,3741.5,4478.0,9.3202,26.981,42.266,2713.0,75.229,120.44,0.31644,79.934,50.863,2642.6,26.373,49.775,3108.6,23.136,65.482,228.2,342.51,94.459,77.119,32.329,8.905,26.744,7.0188,18.68,1.632,33.332,13.929,24.405,1.2189,18.219,2.2281,4.7231,2.2074,0.017631,0.82019,0.079223,53.805,44.0,63.852,54.397,27.067,60.606,22.512,36.808,40.64,46.013,46.755,41.873,17.747
100,0.27402,3707.1,4495.3,9.2147,27.326,42.375,2710.7,75.745,120.39,0.31363,79.869,49.027,2639.5,24.287,50.244,3107.6,23.578,65.507,227.06,342.37,94.293,77.412,32.329,8.905,26.744,7.0188,18.68,1.632,33.332,13.929,24.405,1.2189,18.219,2.2281,4.7231,2.2074,0.017631,0.82019,0.079223,53.805,44.0,64.444,54.19,27.149,61.187,22.623,37.151,35.237,47.099,46.886,41.558,16.683
101,0.23932,3622.4,4528.6,9.2901,26.797,42.324,2710.1,75.759,120.41,0.34705,80.042,49.666,2639.3,25.508,48.195,3104.0,21.92,65.562,223.95,342.25,94.539,77.181,32.282,8.9693,26.505,6.7932,18.811,1.6121,33.065,13.57,24.337,1.3669,17.94,2.2664,4.7584,2.3006,0.028336,0.82334,0.10018,54.278,44.169,62.458,54.341,23.762,62.457,22.748,40.682,37.116,42.358,46.701,40.818,20.614
102,0.24053,3600.9,4466.3,9.3876,26.89,42.318,2706.2,75.483,120.38,0.34427,79.831,49.537,2634.3,26.691,51.928,3101.8,23.345,65.548,227.6,342.13,94.782,76.884,32.282,8.9693,26.505,6.7932,18.811,1.6121,33.065,13.57,24.337,1.3669,17.94,2.2664,4.7584,2.3006,0.028336,0.82334,0.10018,54.278,44.169,62.827,55.087,23.644,58.971,22.126,41.022,36.737,50.996,46.191,40.919,17.273
103,0.24255,3699.4,4561.9,9.3174,26.87,42.382,2705.8,75.393,120.38,0.3032,79.745,50.017,2634.9,27.167,47.575,3101.3,22.781,65.497,227.17,342.15,94.673,76.807,31.675,8.7752,26.461,7.029,18.775,1.6657,32.777,13.846,24.241,1.2381,18.352,2.2685,4.8582,2.3349,0.028336,0.82334,0.10018,54.278,44.169,63.088,53.626,24.089,60.122,22.496,36.316,38.149,40.923,46.049,40.83,18.63
104,0.24753,3654.5,4527.7,9.2452,26.757,42.326,2704.1,74.883,120.37,0.30338,79.685,49.109,2633.1,25.029,50.035,3100.8,23.331,65.434,225.95,341.99,94.682,77.203,31.675,8.7752,26.461,7.029,18.775,1.6657,32.777,13.846,24.241,1.2381,18.352,2.2685,4.8582,2.3349,0.028336,0.82334,0.10018,54.278,44.169,63.86,54.035,23.6,62.037,22.107,36.294,35.478,46.614,45.98,40.238,17.316
105,0.30527,3646.9,4534.6,9.2918,27.352,42.185,2707.0,74.908,120.41,0.33364,80.033,48.767,2635.4,25.517,49.275,3102.7,22.632,65.445,225.88,341.68,94.65,77.338,32.199,8.8229,26.562,6.9361,18.923,1.709,32.763,13.708,24.211,1.3556,18.723,2.2601,4.8091,2.3263,0.028336,0.82334,0.10018,54.278,44.169,61.895,54.04,29.895,61.858,22.711,39.806,34.471,44.857,45.807,41.173,18.955
106,0.30211,3609.3,4490.6,9.2939,26.697,42.407,2707.3,74.987,120.39,0.33479,80.051,50.295,2636.1,25.986,49.115,3104.6,23.884,65.47,223.23,341.86,94.796,77.579,32.199,8.8229,26.562,6.9361,18.923,1.709,32.763,13.708,24.211,1.3556,18.723,2.2601,4.8091,2.3263,0.00512,0.85104,0.11642,53.713,43.949,62.542,54.566,30.205,62.231,22.055,39.666,38.968,44.487,45.918,40.988,15.954
107,0.25577,3646.1,4517.2,9.2902,26.866,42.22,2708.2,75.315,120.41,0.31751,80.166,48.479,2637.2,23.644,49.903,3103.8,22.352,65.513,225.52,341.69,94.621,77.272,32.38,9.1274,26.329,6.8562,18.902,1.6543,32.964,13.832,24.166,1.1932,18.545,2.2504,4.8797,2.2764,0.00512,0.85104,0.11642,53.713,43.949,62.63,53.872,25.32,59.645,22.535,38.007,33.623,46.309,45.554,40.702,19.597
108,0.25753,3664.2,4495.1,9.3274,26.523,42.266,2706.0,75.247,120.4,0.31979,79.944,51.198,2634.2,24.912,50.837,3103.0,23.289,65.516,221.23,341.67,94.825,77.11,32.38,9.1274,26.329,6.8562,18.902,1.6543,32.964,13.832,24.166,1.1932,18.545,2.2504,4.8797,2.2764,0.00512,0.85104,0.11642,53.713,43.949,62.318,54.137,25.147,61.301,22.122,37.728,41.625,48.47,45.777,40.933,17.391
109,0.23837,3641.3,4518.5,9.288,27.056,42.734,2706.5,75.744,120.4,0.33266,80.077,49.755,2635.2,24.201,50.919,3103.0,22.223,65.469,222.79,341.65,94.627,77.271,32.455,8.8122,26.474,6.7045,18.502,1.6872,32.708,13.777,23.72,1.2371,18.381,2.2702,4.838,2.3595,0.00512,0.85104,0.11642,53.713,43.949,63.399,53.885,23.366,61.122,22.571,39.407,37.378,48.66,45.483,40.764,19.904
110,0.23806,3652.9,4553.2,9.3242,27.465,42.522,2704.2,74.579,120.4,0.33183,79.983,49.675,2632.7,26.103,51.251,3100.7,22.881,65.478,223.12,341.48,94.726,77.419,32.455,8.8122,26.474,6.7045,18.502,1.6872,32.708,13.777,23.72,1.2371,18.381,2.2702,4.838,2.3595,0.00512,0.85104,0.11642,53.713,43.949,63.201,53.47,23.397,60.462,22.568,39.509,37.144,49.43,45.296,40.894,18.331
111,0.22821,3712.6,4579.3,9.1301,26.833,42.58,2704.7,74.855,120.41,0.32773,80.165,48.678,2633.0,23.185,51.031,3101.7,23.647,65.501,223.95,341.41,94.499,77.164,32.137,8.773,26.174,6.7186,18.975,1.7035,33.263,13.937,24.361,1.3304,18.614,2.2744,4.8412,2.231,0.0062861,0.85097,0.096041,53.266,44.668,63.598,54.151,22.465,61.142,22.42,38.509,34.21,48.921,45.776,41.565,16.515
112,0.22805,3692.9,4556.9,9.2771,27.271,42.342,2702.7,75.136,120.4,0.32688,80.195,48.835,2630.9,26.961,50.093,3101.6,22.251,65.534,223.85,340.51,94.513,77.239,32.137,8.773,26.174,6.7186,18.975,1.7035,33.263,13.937,24.361,1.3304,18.614,2.2744,4.8412,2.231,0.0062861,0.85097,0.096041,53.266,44.668,63.938,54.42,22.481,61.351,21.901,38.612,34.673,46.748,45.936,41.353,19.82
113,0.25752,3721.9,4493.3,9.3294,27.131,42.327,2698.2,74.633,120.41,0.34054,79.97,49.307,2627.0,23.801,49.473,3097.6,23.757,65.514,223.95,340.11,94.579,76.887,32.045,8.925,26.606,6.9261,18.774,1.6682,33.045,13.921,24.095,1.2602,18.648,2.2553,4.8968,2.286,0.0062861,0.85097,0.096041,53.266,44.668,63.477,54.027,25.413,60.301,21.833,41.289,36.061,45.315,46.078,41.46,16.284
114,0.25857,3729.6,4501.3,9.2065,26.847,42.322,2695.8,75.872,120.4,0.3435,79.868,51.659,2624.9,24.51,51.171,3093.5,24.272,65.519,225.0,340.6,94.519,76.896,32.045,8.925,26.606,6.9261,18.774,1.6682,33.045,13.921,24.095,1.2602,18.648,2.2553,4.8968,2.286,0.0062861,0.85097,0.096041,53.266,44.668,63.343,53.931,25.309,58.98,22.031,40.928,42.983,49.243,46.139,40.928,15.081
115,0.27151,3665.7,4524.5,9.1796,27.524,42.15,2696.1,75.269,120.4,0.3411,80.09,48.998,2624.5,25.029,49.545,3094.1,23.063,65.503,226.17,340.37,94.732,77.535,31.776,8.9232,26.631,6.6611,18.818,1.6697,32.411,13.792,23.897,1.4989,18.79,2.3264,4.8326,2.2517,0.0062861,0.85097,0.096041,53.266,44.668,62.68,54.128,25.985,60.928,22.201,40.932,35.152,45.48,46.188,41.187,17.907
116,0.2677,3654.4,4498.7,9.3171,26.849,42.077,2697.2,75.218,120.39,0.34039,80.341,48.378,2625.8,24.882,50.902,3094.5,22.582,65.577,227.48,339.71,94.636,77.458,31.776,8.9232,26.631,6.6611,18.818,1.6697,32.411,13.792,23.897,1.4989,18.79,2.3264,4.8326,2.2517,0.018314,0.84997,0.10751,53.176,44.601,62.874,54.438,26.359,60.634,21.729,41.019,33.327,48.622,46.242,40.433,19.032
117,0.29814,3712.3,4505.8,9.1896,26.749,42.241,2696.5,75.287,120.4,0.32748,80.346,50.088,2625.4,25.62,49.319,3096.8,23.258,65.659,225.92,339.51,94.58,77.205,32.471,8.9473,26.785,6.9403,18.717,1.6548,32.63,13.766,23.742,1.3061,18.875,2.2631,4.8562,2.1424,0.018314,0.84997,0.10751,53.176,44.601,64.287,54.241,29.066,60.536,21.861,39.212,38.36,44.959,46.537,41.044,17.442
118,0.2979,3697.1,4543.9,9.1953,26.672,42.118,2694.9,75.621,120.42,0.32707,80.168,49.27,2622.6,26.821,49.72,3095.1,24.338,65.7,225.09,339.49,94.432,76.811,32.471,8.9473,26.785,6.9403,18.717,1.6548,32.63,13.766,23.742,1.3061,18.875,2.2631,4.8562,2.1424,0.018314,0.84997,0.10751,53.176,44.601,64.547,53.785,29.089,58.48,21.342,39.261,35.951,45.886,46.766,41.553,14.913
119,0.23153,3672.5,4515.5,9.3053,26.361,42.44,2692.1,74.872,120.39,0.32607,80.121,50.011,2620.1,25.56,50.492,3091.2,23.367,65.69,226.27,339.42,94.69,77.062,32.295,9.0037,26.352,6.9059,19.179,1.7074,32.967,13.759,23.611,1.2867,18.984,2.3091,4.8569,2.2642,0.018314,0.84997,0.10751,53.176,44.601,62.598,54.374,22.528,59.294,21.253,38.601,38.132,47.672,46.817,40.413,17.21
120,0.22928,3680.6,4530.6,9.2336,26.896,42.454,2691.2,75.467,120.41,0.32658,80.27,47.804,2619.6,26.327,50.982,3091.8,22.902,65.715,227.36,339.01,94.696,77.228,32.295,9.0037,26.352,6.9059,19.179,1.7074,32.967,13.759,23.611,1.2867,18.984,2.3091,4.8569,2.2642,0.018314,0.84997,0.10751,53.176,44.601,62.458,54.193,22.749,62.531,21.417,38.538,31.636,48.806,46.875,41.115,18.301
121,0.2449,3661.7,4539.6,9.2511,26.763,42.035,2691.6,75.203,120.35,0.32171,80.31,49.587,2620.4,27.062,51.263,3089.8,23.94,65.73,228.56,339.63,94.698,76.936,32.263,8.9643,26.404,7.094,19.162,1.693,33.069,13.932,23.667,1.0762,18.211,2.2655,4.741,2.3886,0.028231,0.84955,0.098564,52.871,43.631,63.047,52.923,24.152,62.741,21.655,38.869,36.884,49.457,46.923,40.457,15.854
122,0.24378,3645.0,4500.5,9.3622,26.591,42.304,2692.6,75.007,120.42,0.32446,80.436,50.098,2621.5,26.031,50.205,3091.6,23.727,65.762,227.89,338.52,94.646,77.449,32.263,8.9643,26.404,7.094,19.162,1.693,33.069,13.932,23.667,1.0762,18.211,2.2655,4.741,2.3886,0.028231,0.84955,0.098564,52.871,43.631,63.335,53.39,24.262,61.181,21.665,38.534,38.387,47.008,47.134,41.143,16.315
123,0.24721,3615.0,4459.2,9.1847,27.19,42.429,2692.9,74.77,120.4,0.33833,80.596,49.024,2620.1,24.84,50.447,3090.9,23.468,65.859,226.99,338.9,94.87,77.681,32.309,9.0927,26.055,7.0588,19.187,1.6253,32.801,13.875,23.781,1.4198,18.822,2.2641,4.9115,2.2815,0.028231,0.84955,0.098564,52.871,43.631,62.088,53.86,24.341,62.242,21.782,41.513,35.229,47.569,47.36,40.189,16.891
124,0.2479,3621.8,4425.0,9.3716,27.101,42.253,2691.3,74.835,120.39,0.34426,80.504,49.994,2618.4,24.743,49.065,3090.7,21.541,65.912,227.98,338.5,94.795,77.341,32.309,9.0927,26.055,7.0588,19.187,1.6253,32.801,13.875,23.781,1.4198,18.822,2.2641,4.9115,2.2815,0.028231,0.84955,0.098564,52.871,43.631,61.972,54.27,24.273,58.497,21.501,40.789,38.083,44.37,47.417,40.611,21.481
125,0.2421,3587.1,4453.2,9.2936,27.072,42.151,2689.6,74.988,120.4,0.3362,80.254,49.466,2616.9,26.479,49.248,3088.8,23.272,65.914,227.88,338.54,94.987,77.208,31.953,8.8841,25.993,6.8317,19.067,1.6819,32.433,13.923,23.498,1.1971,18.768,2.2556,4.9585,2.3769,0.028231,0.84955,0.098564,52.871,43.631,62.694,53.805,23.775,59.949,21.266,40.364,36.528,44.793,47.575,39.951,17.401
126,0.24121,3629.6,4485.1,9.3685,26.742,42.324,2690.1,74.557,120.38,0.33516,80.28,49.576,2617.3,25.108,49.819,3089.7,23.716,65.855,230.29,338.17,94.869,77.155,31.953,8.8841,25.993,6.8317,19.067,1.6819,32.433,13.923,23.498,1.1971,18.768,2.2556,4.9585,2.3769,0.018928,0.84234,0.11092,52.563,44.245,61.964,53.423,23.862,63.266,21.22,40.492,36.853,46.114,47.527,39.956,16.357
127,0.27573,3670.0,4489.9,9.3575,26.994,42.569,2691.3,75.048,120.42,0.34189,80.263,50.101,2619.5,25.758,51.251,3092.2,22.686,65.831,230.04,338.53,94.924,77.116,32.301,9.081,26.036,6.851,18.763,1.7083,32.751,13.977,23.231,1.2006,19.279,2.304,4.9458,2.3151,0.018928,0.84234,0.11092,52.563,44.245,63.2,53.6,27.355,59.393,21.046,41.069,38.397,49.43,47.706,40.961,18.813
128,0.27776,3628.4,4475.1,9.3623,26.756,42.113,2693.4,74.687,120.41,0.344,80.449,51.181,2621.3,26.461,50.696,3094.4,23.357,65.831,231.33,338.09,94.65,77.5,32.301,9.081,26.036,6.851,18.763,1.7083,32.751,13.977,23.231,1.2006,19.279,2.304,4.9458,2.3151,0.018928,0.84234,0.11092,52.563,44.245,63.916,53.777,27.156,60.814,21.173,40.812,41.576,48.145,47.747,40.533,17.183
129,0.24208,3689.4,4511.0,9.3673,26.697,42.311,2694.1,75.213,120.41,0.34768,80.559,51.01,2622.1,26.687,49.223,3095.3,22.753,65.888,231.04,338.42,94.691,77.646,32.022,8.7895,25.792,6.6695,19.235,1.6472,32.48,13.957,23.808,1.1946,19.258,2.2595,4.8995,2.3242,0.018928,0.84234,0.11092,52.563,44.245,62.736,54.071,24.171,60.935,21.066,41.978,41.073,44.736,47.925,40.931,18.593
130,0.24398,3675.9,4535.4,9.2507,27.278,42.03,2694.0,75.426,120.42,0.34549,80.498,50.674,2622.0,23.53,49.485,3094.1,23.6,65.951,231.17,338.72,94.583,77.22,32.022,8.7895,25.792,6.6695,19.235,1.6472,32.48,13.957,23.808,1.1946,19.258,2.2595,4.8995,2.3242,0.018928,0.84234,0.11092,52.563,44.245,62.968,53.778,23.985,61.541,21.587,42.245,40.082,45.342,48.064,40.643,16.604
131,0.27353,3709.3,4446.8,9.3274,26.63,42.631,2693.5,75.081,120.43,0.34701,80.386,48.702,2621.3,25.443,49.592,3094.6,23.27,65.942,232.59,338.34,94.628,77.072,32.03,8.8564,26.498,6.9302,19.417,1.6333,32.689,13.927,23.678,1.2391,18.521,2.2685,4.9205,2.2168,0.026326,0.84297,0.12059,53.736,43.22,64.1,53.642,26.444,61.442,20.979,41.75,34.281,45.589,47.925,41.221,17.405
132,0.2716,3691.8,4467.7,9.4082,26.725,42.332,2693.2,74.401,120.42,0.34595,80.48,48.534,2621.2,26.534,49.943,3094.3,23.388,65.95,229.64,338.3,94.401,77.616,32.03,8.8564,26.498,6.9302,19.417,1.6333,32.689,13.927,23.678,1.2391,18.521,2.2685,4.9205,2.2168,0.026326,0.84297,0.12059,53.736,43.22,64.402,53.393,26.634,63.292,21.195,41.878,33.787,46.401,48.268,40.943,17.078
133,0.27304,3634.5,4439.9,9.4204,27.018,42.416,2692.6,74.37,120.39,0.344,80.532,50.986,2620.5,24.509,48.796,3093.4,22.12,65.969,231.7,338.14,94.597,77.546,31.895,9.0044,26.024,6.6322,19.144,1.5991,32.691,13.945,23.35,1.2371,18.786,2.3014,4.8545,2.3172,0.026326,0.84297,0.12059,53.736,43.22,63.177,53.186,26.658,59.133,21.364,41.495,41.001,43.748,48.161,40.757,20.08
134,0.27358,3609.0,4479.0,9.3492,26.851,42.217,2690.2,74.947,120.39,0.34499,80.327,50.409,2617.6,23.528,51.096,3092.0,22.719,65.986,230.21,338.59,94.612,77.308,31.895,9.0044,26.024,6.6322,19.144,1.5991,32.691,13.945,23.35,1.2371,18.786,2.3014,4.8545,2.3172,0.026326,0.84297,0.12059,53.736,43.22,63.616,52.717,26.605,60.75,21.032,41.374,39.302,49.071,48.374,40.812,18.681
135,0.28626,3729.6,4455.9,9.3159,26.804,42.276,2692.5,74.74,120.41,0.34624,80.35,50.035,2620.3,26.732,49.029,3093.6,23.189,65.985,230.76,338.42,94.524,77.37,31.835,8.9055,26.336,6.8446,19.0,1.6443,32.663,13.961,23.417,1.3295,18.859,2.3049,4.9486,2.271,0.026326,0.84297,0.12059,53.736,43.22,64.25,53.58,28.389,60.163,21.271,41.861,38.203,44.288,48.404,40.625,17.568
136,0.28841,3738.9,4433.4,9.4072,27.162,42.516,2693.4,74.583,120.43,0.34789,80.536,51.363,2620.7,24.203,51.239,3094.7,22.945,65.995,232.24,338.63,94.326,77.442,31.835,8.9055,26.336,6.8446,19.0,1.6443,32.663,13.961,23.417,1.3295,18.859,2.3049,4.9486,2.271,-0.013817,0.83999,0.087909,54.192,44.892,64.092,53.849,28.178,60.962,21.356,41.659,42.111,49.402,48.378,42.115,18.127
137,0.29522,3664.9,4521.9,9.3674,26.706,42.637,2692.7,74.414,120.41,0.34632,80.537,50.024,2620.5,25.125,49.859,3093.3,24.468,66.032,233.22,339.2,94.567,77.747,31.718,8.8337,26.242,6.9538,18.954,1.6722,32.712,13.874,23.598,1.3893,19.165,2.2594,4.8741,2.4269,-0.013817,0.83999,0.087909,54.192,44.892,63.637,53.093,29.311,60.531,21.193,42.476,38.17,46.207,48.377,41.357,14.479
138,0.29666,3674.0,4521.0,9.4158,26.894,42.288,2693.7,74.772,120.42,0.35052,80.658,49.147,2622.4,23.893,48.497,3095.2,22.091,66.097,233.08,339.13,94.319,77.399,31.718,8.8337,26.242,6.9538,18.954,1.6722,32.712,13.874,23.598,1.3893,19.165,2.2594,4.8741,2.4269,-0.013817,0.83999,0.087909,54.192,44.892,63.48,53.105,29.17,62.35,21.09,41.964,35.59,43.056,48.475,41.688,20.128
139,0.31189,3643.6,4500.5,9.4662,26.787,42.332,2694.1,75.867,120.39,0.34042,80.563,50.244,2622.9,26.168,50.7,3095.1,22.532,66.083,232.26,339.44,94.681,77.554,32.49,9.0075,26.087,7.0256,18.644,1.6867,33.272,13.83,23.451,1.3345,18.447,2.2867,4.9101,2.3601,-0.013817,0.83999,0.087909,54.192,44.892,63.029,53.429,30.746,60.555,21.286,40.995,38.818,48.155,48.634,41.254,19.066
140,0.31276,3629.9,4506.5,9.2581,27.322,42.372,2694.1,75.537,120.4,0.34273,80.419,49.262,2622.3,26.19,49.843,3095.2,22.735,66.083,232.56,340.03,94.486,77.465,32.49,9.0075,26.087,7.0256,18.644,1.6867,33.272,13.83,23.451,1.3345,18.447,2.2867,4.9101,2.3601,-0.013817,0.83999,0.087909,54.192,44.892,63.264,53.357,30.661,59.882,21.459,40.713,35.927,46.171,48.693,41.986,18.588
141,0.24143,3647.0,4495.3,9.4858,26.932,41.918,2695.2,75.286,120.37,0.3339,80.337,49.801,2623.3,25.664,48.767,3092.5,21.741,66.054,233.89,340.54,94.768,77.101,31.857,8.976,26.278,6.9639,18.789,1.6708,33.033,13.989,23.199,1.1056,18.857,2.2601,4.9899,2.3837,0.025043,0.85609,0.10201,53.454,43.467,62.239,54.249,23.15,60.126,22.086,40.669,37.513,43.682,48.598,40.622,20.978
142,0.2389,3643.8,4495.1,9.3324,26.908,42.475,2695.2,74.926,120.37,0.33515,80.269,49.775,2622.6,25.119,50.065,3095.8,22.684,66.009,234.31,340.46,94.669,77.311,31.857,8.976,26.278,6.9639,18.789,1.6708,33.033,13.989,23.199,1.1056,18.857,2.2601,4.9899,2.3837,0.025043,0.85609,0.10201,53.454,43.467,62.294,54.251,23.399,63.629,21.269,40.518,37.438,46.684,48.622,40.428,18.73
143,0.29984,3641.7,4523.4,9.3671,26.966,42.529,2698.5,74.999,120.4,0.35829,80.238,49.13,2627.0,25.793,50.55,3096.3,23.45,65.956,235.95,340.47,94.643,77.501,32.286,9.1056,26.251,6.6966,18.651,1.6707,32.698,13.736,23.366,1.4366,19.248,2.2903,4.8897,2.437,0.025043,0.85609,0.10201,53.454,43.467,62.766,53.567,29.476,62.032,21.645,42.06,35.54,47.806,48.54,40.977,16.908
144,0.29921,3639.4,4491.6,9.4316,26.785,42.266,2701.6,74.198,120.42,0.35233,80.359,49.335,2630.6,25.842,50.743,3099.0,22.951,65.955,235.91,341.32,94.609,77.862,32.286,9.1056,26.251,6.6966,18.651,1.6707,32.698,13.736,23.366,1.4366,19.248,2.2903,4.8897,2.437,0.025043,0.85609,0.10201,53.454,43.467,62.805,53.947,29.538,63.627,22.012,42.788,36.144,48.253,48.608,41.477,18.062
145,0.25784,3710.3,4511.5,9.4595,26.72,42.162,2705.4,74.381,120.43,0.33054,80.613,49.655,2634.2,25.904,50.929,3103.0,23.939,66.012,234.95,341.6,94.31,77.667,32.129,8.9833,26.313,6.5694,18.918,1.6717,32.969,13.838,23.436,1.2342,18.596,2.2229,4.8564,2.2714,0.025043,0.85609,0.10201,53.454,43.467,63.977,54.056,25.692,58.777,22.146,38.733,37.084,48.684,48.754,41.96,15.699
146,0.26124,3687.1,4516.3,9.4086,27.263,42.776,2703.2,74.311,120.43,0.33102,80.517,50.429,2632.0,26.951,47.695,3102.9,22.459,66.075,235.04,341.5,94.414,77.293,32.129,8.9833,26.313,6.5694,18.918,1.6717,32.969,13.838,23.436,1.2342,18.596,2.2229,4.8564,2.2714,0.0043512,0.84523,0.089316,52.358,43.101,64.377,53.998,25.357,60.39,22.142,38.674,39.363,41.199,49.236,41.789,19.22
147,0.27454,3773.2,4454.2,9.387,26.731,42.12,2699.7,73.965,120.39,0.33992,80.195,50.616,2628.0,25.994,50.6,3099.7,21.831,66.096,236.45,341.19,94.13,77.055,32.557,8.9477,25.969,6.7322,18.522,1.661,33.102,13.806,23.444,1.2099,18.872,2.2621,4.8268,2.3468,0.0043512,0.84523,0.089316,52.358,43.101,64.246,54.085,26.988,62.287,21.624,40.284,39.913,47.922,49.356,41.369,20.741
148,0.27517,3715.2,4494.3,9.3559,26.985,42.859,2698.0,75.228,120.43,0.33946,80.107,49.75,2626.2,25.485,49.314,3096.7,22.788,66.033,238.93,341.87,94.354,77.287,32.557,8.9477,25.969,6.7322,18.522,1.661,33.102,13.806,23.444,1.2099,18.872,2.2621,4.8268,2.3468,0.0043512,0.84523,0.089316,52.358,43.101,65.244,53.605,26.926,60.411,21.82,40.34,37.364,44.947,49.387,42.322,18.467
149,0.2321,3730.7,4558.5,9.3179,27.05,42.344,2695.3,74.518,120.42,0.33421,80.114,50.733,2624.2,24.61,49.992,3093.0,23.017,66.024,237.13,341.49,94.26,77.12,32.276,8.8126,26.222,6.9712,18.904,1.6371,32.933,13.77,23.603,1.3402,18.419,2.2697,4.8404,2.3654,0.0043512,0.84523,0.089316,52.358,43.101,63.767,53.819,22.707,62.867,22.082,40.112,40.257,46.517,49.797,42.183,17.942
150,0.23268,3697.2,4534.6,9.409,27.034,42.568,2694.6,74.44,120.39,0.33559,80.148,51.741,2622.9,25.393,51.165,3093.1,23.319,66.029,238.77,340.99,94.399,77.4,32.276,8.8126,26.222,6.9712,18.904,1.6371,32.933,13.77,23.603,1.3402,18.419,2.2697,4.8404,2.3654,0.0043512,0.84523,0.089316,52.358,43.101,64.344,54.105,22.65,60.105,21.866,39.944,43.225,49.231,49.899,41.384,17.212
151,0.25652,3698.0,4519.3,9.3658,26.813,42.276,2695.5,74.676,120.36,0.32669,80.338,48.753,2624.7,25.817,50.774,3093.2,22.692,66.084,238.64,341.13,94.476,77.245,32.225,8.9823,26.434,6.7797,18.691,1.6669,33.249,13.948,23.409,1.3004,18.411,2.2888,4.8643,2.2889,0.018514,0.83463,0.11079,53.119,44.149,62.262,53.36,25.181,62.163,21.831,40.017,34.432,48.324,49.906,40.959,18.701
152,0.25505,3656.6,4537.9,9.3768,26.577,42.35,2697.9,74.68,120.37,0.33014,80.48,48.852,2626.2,23.442,49.536,3095.4,22.865,66.168,238.99,341.24,94.549,77.45,32.225,8.9823,26.434,6.7797,18.691,1.6669,33.249,13.948,23.409,1.3004,18.411,2.2888,4.8643,2.2889,0.018514,0.83463,0.11079,53.119,44.149,62.976,53.138,25.325,61.417,21.88,39.595,34.721,45.461,50.006,41.698,18.263
153,0.26248,3715.0,4543.0,9.2366,26.832,42.486,2695.8,74.179,120.4,0.35046,80.316,48.891,2624.0,27.117,48.683,3094.3,22.243,66.199,239.84,341.0,94.406,77.356,32.708,8.9844,25.823,6.9262,18.824,1.625,33.131,13.848,23.45,1.3164,18.575,2.282,4.8755,2.2542,0.018514,0.83463,0.11079,53.119,44.149,63.656,53.597,25.432,62.477,21.753,41.947,34.837,43.486,50.064,41.159,19.749
154,0.26145,3689.4,4509.1,9.4128,27.032,42.256,2695.5,74.973,120.41,0.35675,80.331,49.34,2624.8,26.128,49.041,3094.6,23.593,66.19,240.79,340.99,94.546,77.601,32.708,8.9844,25.823,6.9262,18.824,1.625,33.131,13.848,23.45,1.3164,18.575,2.282,4.8755,2.2542,0.018514,0.83463,0.11079,53.119,44.149,64.097,54.003,25.534,62.308,21.892,41.179,36.157,44.315,50.111,42.105,16.534
155,0.20875,3666.2,4505.9,9.3912,27.032,42.386,2696.2,75.523,120.36,0.33845,80.527,49.251,2624.9,24.502,49.427,3093.9,22.935,66.244,239.23,340.83,94.387,77.722,32.188,8.9435,25.958,6.8487,19.056,1.6557,33.02,13.863,23.082,1.2078,18.964,2.2801,4.955,2.4309,0.018514,0.83463,0.11079,53.119,44.149,63.237,53.718,20.959,61.76,21.973,40.832,35.895,45.209,50.38,40.907,18.063
156,0.21102,3644.9,4497.9,9.3368,26.372,42.261,2694.8,75.201,120.39,0.33821,80.451,49.568,2623.3,25.049,50.635,3093.4,22.22,66.289,240.66,340.99,94.626,77.147,32.188,8.9435,25.958,6.8487,19.056,1.6557,33.02,13.863,23.082,1.2078,18.964,2.2801,4.955,2.4309,0.029693,0.82832,0.096946,53.668,44.381,63.603,53.814,20.735,60.916,21.376,40.862,36.83,48.003,50.117,41.664,19.789
157,0.25953,3664.7,4459.9,9.2639,26.878,42.588,2694.1,74.238,120.38,0.34409,80.28,50.98,2621.8,26.192,50.387,3092.5,22.04,66.296,239.65,340.93,94.584,77.295,32.657,9.0126,25.663,6.9693,19.184,1.683,33.405,13.953,23.593,1.2346,19.182,2.2893,4.8544,2.3061,0.029693,0.82832,0.096946,53.668,44.381,63.939,53.671,25.334,62.302,21.641,40.594,40.984,47.429,50.222,41.134,20.228
158,0.25903,3717.5,4498.1,9.4314,26.937,42.267,2694.3,73.649,120.39,0.33956,80.415,49.144,2623.3,25.871,51.451,3092.8,22.787,66.264,237.73,340.93,94.494,77.638,32.657,9.0126,25.663,6.9693,19.184,1.683,33.405,13.953,23.593,1.2346,19.182,2.2893,4.8544,2.3061,0.029693,0.82832,0.096946,53.668,44.381,63.03,53.214,25.383,60.343,21.913,41.147,35.581,49.892,50.409,41.487,18.421
159,0.21339,3622.2,4397.7,9.3756,27.322,42.486,2694.4,75.083,120.4,0.35595,80.538,49.998,2623.1,24.982,49.732,3092.7,22.023,66.306,240.93,340.95,94.545,77.603,31.933,9.0316,26.039,7.0228,19.026,1.6507,33.174,14.057,23.493,1.1479,18.852,2.2262,4.9596,2.2738,0.029693,0.82832,0.096946,53.668,44.381,63.586,54.043,20.472,62.113,22.134,41.678,38.093,45.913,50.137,41.005,20.221
160,0.2085,3658.8,4476.0,9.3419,26.736,42.206,2694.3,75.329,120.39,0.35079,80.564,49.541,2622.6,24.959,49.404,3092.1,22.949,66.352,239.48,340.6,94.676,77.487,31.933,9.0316,26.039,7.0228,19.026,1.6507,33.174,14.057,23.493,1.1479,18.852,2.2262,4.9596,2.2738,0.029693,0.82832,0.096946,53.668,44.381,62.958,53.107,20.953,61.256,21.691,42.308,36.748,45.155,50.277,41.343,18.019
161,0.27981,3643.5,4459.8,9.2712,26.781,42.131,2694.0,74.742,120.38,0.36174,80.403,50.111,2621.7,23.78,51.04,3092.3,22.875,66.334,238.95,340.67,94.614,77.28,32.008,8.9481,25.776,6.9043,18.615,1.6755,33.223,13.868,23.31,1.1545,18.417,2.2741,4.9296,2.4288,0.0039272,0.80182,0.090149,53.695,43.451,62.642,53.632,27.492,62.041,21.547,44.035,38.428,48.941,50.166,40.737,18.211
162,0.28026,3628.6,4484.7,9.3729,26.971,42.13,2692.8,75.477,120.4,0.36355,80.217,49.103,2621.5,24.033,49.083,3091.6,22.858,66.272,239.56,341.09,94.766,77.324,32.008,8.9481,25.776,6.9043,18.615,1.6755,33.223,13.868,23.31,1.1545,18.417,2.2741,4.9296,2.4288,0.0039272,0.80182,0.090149,53.695,43.451,62.9,53.335,27.448,60.566,21.783,43.813,35.461,44.411,50.054,41.392,18.272
163,0.27447,3674.1,4496.3,9.3036,26.379,42.342,2695.8,74.04,120.36,0.34587,80.182,48.181,2624.2,25.491,49.234,3092.9,22.872,66.218,240.01,341.23,94.692,77.5,31.999,8.8986,26.165,6.9701,18.744,1.713,32.795,13.951,23.527,1.1439,18.776,2.2115,4.9725,2.4062,0.0039272,0.80182,0.090149,53.695,43.451,63.079,54.197,27.033,59.988,21.761,41.112,32.747,44.761,49.962,40.909,18.244
164,0.27266,3661.5,4516.1,9.2925,26.714,42.378,2698.8,75.448,120.43,0.34721,80.333,49.733,2627.3,24.955,50.83,3095.5,22.958,66.182,238.47,341.62,94.619,77.635,31.999,8.8986,26.165,6.9701,18.744,1.713,32.795,13.951,23.527,1.1439,18.776,2.2115,4.9725,2.4062,0.0039272,0.80182,0.090149,53.695,43.451,63.295,53.959,27.211,62.105,21.931,40.949,37.315,48.455,50.045,42.384,18.024
165,0.27665,3685.6,4499.1,9.4087,26.614,42.219,2700.9,74.707,120.39,0.35582,80.528,49.941,2630.0,25.037,48.783,3098.2,23.702,66.239,238.24,341.4,94.556,77.709,32.456,8.9489,26.363,6.8162,18.458,1.662,32.715,13.967,23.586,1.1309,18.679,2.2351,4.816,2.3074,0.0039272,0.80182,0.090149,53.695,43.451,62.252,53.864,27.37,62.541,21.944,42.245,37.927,43.716,50.007,40.651,16.227
166,0.27674,3669.6,4467.8,9.4685,27.088,42.465,2701.8,75.148,120.42,0.35774,80.445,49.822,2630.8,24.526,50.457,3099.8,21.636,66.235,237.48,341.8,94.525,77.286,32.456,8.9489,26.363,6.8162,18.458,1.662,32.715,13.967,23.586,1.1309,18.679,2.2351,4.816,2.3074,0.0078637,0.83554,0.10536,53.255,43.337,62.527,54.237,27.361,61.178,22.161,42.01,37.576,47.592,49.304,41.241,21.156
167,0.23154,3679.9,4522.0,9.2471,27.267,42.879,2700.4,74.777,120.4,0.35766,80.161,48.74,2628.6,23.889,48.979,3098.7,23.748,66.167,236.05,341.8,94.613,77.338,32.33,9.0172,26.261,6.8114,19.4,1.6613,33.27,13.831,23.864,1.233,18.392,2.2385,4.8794,2.3498,0.0078637,0.83554,0.10536,53.255,43.337,63.69,54.32,23.03,61.271,21.855,42.647,34.393,44.172,49.067,41.077,16.155
168,0.23021,3700.4,4513.1,9.545,26.789,42.453,2700.5,75.221,120.43,0.35551,80.273,50.47,2628.8,25.339,50.142,3099.0,22.692,66.077,235.01,341.63,94.566,77.725,32.33,9.0172,26.261,6.8114,19.4,1.6613,33.27,13.831,23.864,1.233,18.392,2.2385,4.8794,2.3498,0.0078637,0.83554,0.10536,53.255,43.337,63.337,54.426,23.161,60.361,22.049,42.909,39.482,46.864,48.8,41.999,18.632
169,0.2414,3670.9,4403.3,9.4892,27.087,42.61,2700.7,74.651,120.41,0.34341,80.259,50.55,2628.7,24.82,50.93,3099.1,22.989,66.039,233.6,341.7,94.352,77.778,32.823,9.0746,26.038,6.9232,18.613,1.6051,33.362,13.785,23.772,1.3043,18.494,2.2048,4.9092,2.3341,0.0078637,0.83554,0.10536,53.255,43.337,63.951,53.402,24.038,61.576,21.979,40.877,39.717,48.687,48.564,41.065,17.92
170,0.24357,3680.8,4432.8,9.3455,27.093,42.528,2700.9,74.652,120.42,0.34331,80.385,50.143,2629.7,24.519,52.023,3099.5,23.839,66.053,230.02,342.08,94.495,77.409,32.823,9.0746,26.038,6.9232,18.613,1.6051,33.362,13.785,23.772,1.3043,18.494,2.2048,4.9092,2.3341,0.0078637,0.83554,0.10536,53.255,43.337,63.779,53.049,23.824,61.381,21.951,40.89,38.52,51.216,48.523,41.77,15.91
171,0.19027,3657.6,4527.3,9.4921,27.066,41.889,2700.0,74.063,120.39,0.34069,80.329,48.909,2627.8,26.17,49.597,3097.2,22.963,66.034,234.58,342.48,94.494,77.661,32.479,8.8724,25.848,7.0039,18.819,1.6369,32.813,13.64,23.485,1.3445,18.913,2.259,4.8802,2.1983,0.0075455,0.82912,0.094051,53.905,43.427,63.214,53.812,18.894,60.941,22.097,39.937,34.89,45.602,48.59,41.46,17.971
172,0.18934,3640.2,4516.2,9.348,26.806,42.519,2700.7,75.09,120.41,0.3403,80.394,51.451,2629.9,26.739,50.545,3097.8,22.85,66.048,235.47,342.11,94.622,77.376,32.479,8.8724,25.848,7.0039,18.819,1.6369,32.813,13.64,23.485,1.3445,18.913,2.259,4.8802,2.1983,0.0075455,0.82912,0.094051,53.905,43.427,63.512,53.944,18.984,61.252,22.196,39.985,42.37,47.795,48.511,41.36,18.247
173,0.21942,3642.1,4471.8,9.314,27.201,41.908,2700.5,74.369,120.4,0.32015,80.314,49.781,2629.7,24.757,49.614,3097.8,23.422,66.015,234.78,342.32,94.575,77.31,31.9,8.9563,26.522,7.0125,18.615,1.6272,33.065,13.897,23.557,1.228,18.311,2.2864,4.9682,2.4138,0.0075455,0.82912,0.094051,53.905,43.427,62.695,53.98,21.632,63.101,22.419,38.407,37.457,45.642,48.575,41.25,16.899
174,0.21973,3655.2,4504.2,9.5151,27.002,42.018,2702.5,73.598,120.37,0.32251,80.284,49.103,2631.8,23.561,48.391,3098.1,23.104,66.008,234.28,342.24,94.69,77.638,31.9,8.9563,26.522,7.0125,18.615,1.6272,33.065,13.897,23.557,1.228,18.311,2.2864,4.9682,2.4138,0.0075455,0.82912,0.094051,53.905,43.427,62.469,53.592,21.601,59.967,22.515,38.118,35.46,42.811,48.625,40.924,17.632
175,0.2747,3667.2,4484.1,9.5026,27.077,42.926,2703.1,75.231,120.38,0.34826,80.158,48.943,2631.2,25.49,49.352,3100.8,22.609,65.995,233.18,342.06,94.641,77.28,32.123,8.9242,26.415,6.8171,18.764,1.6493,33.173,13.949,23.864,1.1999,18.549,2.2526,4.9091,2.2864,0.0075455,0.82912,0.094051,53.905,43.427,62.069,54.344,27.208,60.25,22.253,41.768,34.991,45.035,48.728,40.292,18.836
176,0.27869,3634.4,4507.6,9.3519,27.062,42.329,2703.3,75.046,120.4,0.34967,79.983,49.352,2632.4,24.113,49.577,3100.2,23.845,65.921,234.89,342.73,94.682,77.355,32.123,8.9242,26.415,6.8171,18.764,1.6493,33.173,13.949,23.864,1.1999,18.549,2.2526,4.9091,2.2864,0.0050359,0.82416,0.11886,53.244,45.02,62.633,54.062,26.816,62.735,22.437,41.596,36.193,45.555,48.414,41.368,15.92
177,0.25658,3669.5,4502.2,9.4547,26.65,42.704,2708.0,75.303,120.43,0.35435,80.317,50.731,2637.3,24.291,48.672,3103.1,24.043,65.899,234.27,342.94,94.517,77.661,32.412,8.9401,26.549,6.9966,18.538,1.6449,33.366,13.688,23.727,1.115,18.333,2.2822,4.8828,2.2282,0.0050359,0.82416,0.11886,53.244,45.02,63.712,53.775,25.101,60.079,22.562,42.58,40.25,43.46,48.402,41.823,15.408
178,0.2562,3679.9,4484.8,9.3733,27.16,42.173,2707.7,74.91,120.39,0.35477,80.354,51.276,2636.7,25.893,49.825,3104.4,23.049,65.952,232.3,342.44,94.438,77.615,32.412,8.9401,26.549,6.9966,18.538,1.6449,33.366,13.688,23.727,1.115,18.333,2.2822,4.8828,2.2282,0.0050359,0.82416,0.11886,53.244,45.02,63.534,53.984,25.138,61.622,22.561,42.529,41.855,46.129,48.509,40.842,17.756
179,0.22776,3648.1,4521.4,9.4135,27.137,42.456,2707.1,74.636,120.39,0.32736,80.239,50.865,2636.0,26.379,49.945,3102.8,23.483,65.983,231.7,342.65,94.57,77.329,31.829,8.9734,26.399,6.7396,18.756,1.6533,32.777,13.781,23.398,1.2507,18.046,2.2549,4.8994,2.2111,0.0050359,0.82416,0.11886,53.244,45.02,62.482,54.122,22.272,60.656,22.707,38.869,40.647,46.408,48.493,40.626,16.741
180,0.22622,3661.0,4524.1,9.401,26.958,42.718,2707.0,75.99,120.4,0.33059,80.129,47.62,2635.6,24.796,51.384,3103.0,23.131,65.939,233.14,343.31,94.475,77.164,31.829,8.9734,26.399,6.7396,18.756,1.6533,32.777,13.781,23.398,1.2507,18.046,2.2549,4.8994,2.2111,0.0050359,0.82416,0.11886,53.244,45.02,62.26,54.09,22.423,62.726,22.534,38.475,31.097,49.736,48.297,41.266,17.597
181,0.28513,3702.8,4511.8,9.4843,27.178,42.277,2706.6,75.238,120.41,0.34045,79.894,51.124,2635.0,25.595,49.631,3103.9,22.52,65.846,232.66,342.75,94.616,77.183,32.518,9.011,26.077,7.04,18.707,1.6187,33.516,13.67,23.539,1.1819,18.585,2.2451,4.9304,2.2526,0.0016894,0.80419,0.092441,54.652,44.077,63.809,53.723,27.863,63.049,22.37,39.632,41.408,45.68,48.134,41.229,19.069
182,0.28146,3743.5,4467.7,9.3411,26.719,42.443,2709.1,74.735,120.41,0.33789,80.006,51.152,2638.5,25.47,52.174,3104.3,23.956,65.78,232.82,343.71,94.212,77.403,32.518,9.011,26.077,7.04,18.707,1.6187,33.516,13.67,23.539,1.1819,18.585,2.2451,4.9304,2.2526,0.0016894,0.80419,0.092441,54.652,44.077,63.108,54.252,28.223,63.344,22.583,39.944,41.489,51.564,47.997,41.787,15.645
183,0.21764,3666.0,4516.9,9.303,26.918,42.435,2712.0,75.283,120.39,0.32483,80.299,50.131,2642.5,25.706,49.351,3105.3,22.948,65.828,232.33,343.84,94.674,77.629,32.494,8.7784,26.211,6.9189,19.145,1.6443,33.441,13.761,24.149,1.2735,18.592,2.2382,4.8873,2.2806,0.0016894,0.80419,0.092441,54.652,44.077,61.799,53.789,21.417,60.815,23.114,38.414,38.485,45.031,47.915,40.973,17.999
184,0.21729,3655.1,4553.5,9.2878,26.867,42.504,2712.7,75.496,120.42,0.32553,80.366,49.637,2641.7,25.189,49.444,3105.9,23.473,65.853,231.24,343.66,94.374,77.796,32.494,8.7784,26.211,6.9189,19.145,1.6443,33.441,13.761,24.149,1.2735,18.592,2.2382,4.8873,2.2806,0.0016894,0.80419,0.092441,54.652,44.077,61.986,53.351,21.451,62.503,22.853,38.329,37.031,45.248,47.882,41.637,16.719
185,0.21879,3626.8,4453.6,9.3902,26.732,42.153,2709.9,75.612,120.4,0.33765,80.088,49.334,2638.4,24.061,48.215,3104.5,21.788,65.858,230.2,343.39,94.742,76.959,32.264,8.8091,25.833,6.782,18.399,1.6254,33.19,13.896,24.098,1.1481,18.456,2.2743,4.858,2.2831,0.0016894,0.80419,0.092441,54.652,44.077,63.443,53.448,21.118,62.571,22.791,39.136,36.141,42.403,47.847,41.057,20.784
186,0.21766,3696.6,4476.0,9.5224,27.134,42.374,2706.8,74.964,120.38,0.33678,79.788,50.039,2636.2,27.309,50.865,3101.6,23.778,65.767,231.25,343.41,94.606,77.043,32.264,8.8091,25.833,6.782,18.399,1.6254,33.19,13.896,24.098,1.1481,18.456,2.2743,4.858,2.2831,-0.00036705,0.82379,0.10856,53.819,44.501,62.242,53.179,21.229,60.846,22.678,39.243,38.214,48.535,47.081,40.5,16.083
187,0.23536,3683.7,4504.8,9.3588,27.186,42.513,2708.3,74.878,120.41,0.35193,79.783,50.16,2637.1,25.277,50.95,3103.4,23.404,65.654,231.36,343.77,94.674,77.564,32.251,8.7226,26.457,6.5713,18.273,1.6222,33.476,13.921,24.07,1.1593,18.462,2.2502,4.8117,2.3256,-0.00036705,0.82379,0.10856,53.819,44.501,63.696,54.667,23.466,60.087,22.888,41.019,38.57,48.733,46.718,41.317,16.949
188,0.23425,3674.5,4538.1,9.4099,26.681,41.984,2709.1,74.866,120.41,0.35008,79.933,51.311,2638.1,26.901,50.821,3104.0,23.916,65.61,227.03,343.4,94.382,77.623,32.251,8.7226,26.457,6.5713,18.273,1.6222,33.476,13.921,24.07,1.1593,18.462,2.2502,4.8117,2.3256,-0.00036705,0.82379,0.10856,53.819,44.501,63.854,54.268,23.575,61.787,22.641,41.245,41.959,48.434,46.747,41.604,15.731
189,0.23874,3762.9,4510.2,9.4262,26.913,42.254,2710.8,74.751,120.43,0.35304,80.165,50.99,2640.5,22.432,50.103,3107.1,22.865,65.613,226.47,343.55,94.418,77.548,32.473,8.7764,26.647,6.9271,19.074,1.6959,33.458,13.871,24.136,1.3661,18.385,2.2439,4.7704,2.2854,-0.00036705,0.82379,0.10856,53.819,44.501,64.374,54.984,23.235,60.337,22.495,41.683,41.014,46.773,46.442,42.462,18.211
190,0.23735,3777.4,4543.8,9.3678,26.817,42.698,2709.8,75.578,120.42,0.35264,80.274,49.496,2639.0,22.602,50.144,3107.0,22.027,65.643,224.49,342.82,94.134,77.279,32.473,8.7764,26.647,6.9271,19.074,1.6959,33.458,13.871,24.136,1.3661,18.385,2.2439,4.7704,2.2854,-0.00036705,0.82379,0.10856,53.819,44.501,64.125,54.582,23.371,61.874,22.573,41.732,36.617,46.868,46.259,42.036,20.21
191,0.21482,3644.6,4490.4,9.4171,26.937,42.374,2705.6,75.005,120.38,0.34436,79.992,48.721,2633.6,26.605,50.056,3100.6,22.813,65.613,224.82,342.83,94.557,77.139,32.464,8.9484,26.27,6.9927,18.633,1.6102,33.383,13.825,24.271,1.2941,18.585,2.2241,4.9598,2.3026,0.012935,0.81928,0.097353,54.071,43.622,63.415,53.273,21.006,62.966,22.512,41.51,34.336,46.663,46.335,41.091,18.37
192,0.21496,3648.4,4506.1,9.3016,27.368,42.155,2702.9,74.447,120.4,0.34973,79.838,48.6,2631.6,25.152,49.184,3098.1,22.328,65.551,225.0,343.01,94.481,77.087,32.464,8.9484,26.27,6.9927,18.633,1.6102,33.383,13.825,24.271,1.2941,18.585,2.2241,4.9598,2.3026,0.012935,0.81928,0.097353,54.071,43.622,63.348,53.085,20.992,60.65,22.795,40.855,33.979,44.645,46.168,41.341,19.547
193,0.21202,3656.0,4546.5,9.3485,27.339,42.42,2703.6,75.291,120.37,0.34084,79.92,48.342,2632.2,24.968,51.973,3098.5,22.864,65.482,224.5,342.7,94.784,77.407,31.994,9.018,26.561,7.0662,18.688,1.6259,33.222,13.848,23.945,1.4681,18.24,2.2479,4.8328,2.3487,0.012935,0.81928,0.097353,54.071,43.622,62.57,53.672,20.896,61.354,22.903,40.739,33.222,51.1,46.065,40.428,18.26
194,0.21111,3654.7,4520.7,9.5031,26.764,42.396,2706.5,74.843,120.42,0.34101,80.089,49.894,2634.4,25.648,51.852,3101.4,23.16,65.487,227.14,342.27,94.554,77.801,31.994,9.018,26.561,7.0662,18.688,1.6259,33.222,13.848,23.945,1.4681,18.24,2.2479,4.8328,2.3487,0.012935,0.81928,0.097353,54.071,43.622,62.591,53.98,20.985,61.724,22.559,40.719,37.788,50.821,45.678,41.393,17.521
195,0.2575,3640.9,4522.4,9.3555,27.089,42.568,2709.5,75.151,120.37,0.34546,80.315,50.037,2638.6,25.325,51.327,3105.7,22.879,65.55,223.46,342.52,94.711,77.562,32.255,8.8181,26.656,7.1285,18.755,1.6031,33.131,13.823,23.942,1.0119,18.051,2.2179,4.7967,2.1997,0.012935,0.81928,0.097353,54.071,43.622,62.045,53.845,25.271,62.64,22.787,40.8,38.209,49.605,45.854,40.2,18.18
196,0.25712,3617.9,4505.3,9.3195,26.726,42.576,2711.4,75.448,120.42,0.3478,80.322,50.308,2640.1,25.687,50.949,3107.4,22.853,65.613,222.56,342.38,94.623,77.709,32.255,8.8181,26.656,7.1285,18.755,1.6031,33.131,13.823,23.942,1.0119,18.051,2.2179,4.7967,2.1997,0.015779,0.81984,0.087417,52.99,43.966,62.442,54.049,25.31,62.607,22.314,40.515,39.006,48.731,45.637,40.679,18.219
197,0.23426,3583.1,4515.0,9.3239,27.036,42.406,2712.4,74.795,120.36,0.34327,80.267,51.029,2641.9,25.356,48.947,3108.1,21.325,65.588,221.75,343.11,94.773,77.338,32.12,8.8688,26.559,6.8623,18.644,1.638,33.207,13.831,24.28,1.0488,18.785,2.2724,4.9906,2.3104,0.015779,0.81984,0.087417,52.99,43.966,62.29,53.777,22.723,62.095,22.852,40.429,41.129,44.096,45.493,40.327,21.863
198,0.23324,3614.9,4503.0,9.3883,26.741,42.021,2713.6,74.34,120.4,0.34489,80.051,49.92,2643.0,24.755,50.935,3107.2,23.11,65.514,222.02,343.3,94.761,77.385,32.12,8.8688,26.559,6.8623,18.644,1.638,33.207,13.831,24.28,1.0488,18.785,2.2724,4.9906,2.3104,0.015779,0.81984,0.087417,52.99,43.966,61.744,53.92,22.823,61.005,23.041,40.232,37.865,48.699,45.26,40.52,17.63
199,0.24597,3644.1,4531.2,9.5098,27.034,42.583,2713.3,75.066,120.41,0.34544,79.827,50.839,2642.0,24.122,47.659,3109.1,23.663,65.413,220.71,343.29,94.715,77.159,32.247,8.8864,26.27,6.8184,18.903,1.6286,33.365,13.611,24.077,1.1891,18.237,2.2559,4.8247,2.3612,0.015779,0.81984,0.087417,52.99,43.966,63.468,53.867,24.146,59.315,23.013,40.376,40.57,41.115,45.169,40.501,16.344
200,0.24584,3658.8,4520.8,9.4928,26.946,42.56,2714.8,75.195,120.42,0.3436,79.862,50.871,2643.9,24.217,50.938,3109.5,22.636,65.353,220.63,343.4,94.699,77.378,32.247,8.8864,26.27,6.8184,18.903,1.6286,33.365,13.611,24.077,1.1891,18.237,2.2559,4.8247,2.3612,0.015779,0.81984,0.087417,52.99,43.966,63.215,53.993,24.158,59.518,23.04,40.6,40.665,48.704,44.974,41.189,18.782
201,0.23212,3695.4,4545.4,9.2456,27.044,42.464,2715.0,74.685,120.41,0.31706,79.897,49.535,2644.9,25.139,48.951,3110.5,22.803,65.307,218.1,343.7,94.442,77.295,32.541,8.8985,26.611,6.8204,18.874,1.6285,33.47,13.765,24.287,1.1645,17.957,2.2502,4.8433,2.3479,0.013446,0.83347,0.10792,53.446,43.92,63.011,53.062,23.09,62.476,22.862,37.803,36.73,44.105,44.981,41.521,18.385
202,0.23229,3648.3,4498.4,9.4524,26.845,42.546,2713.7,73.832,120.39,0.3196,79.73,48.229,2642.1,24.757,49.324,3109.6,22.116,65.238,218.87,343.61,94.63,77.089,32.541,8.8985,26.611,6.8204,18.874,1.6285,33.47,13.765,24.287,1.1645,17.957,2.2502,4.8433,2.3479,0.013446,0.83347,0.10792,53.446,43.92,63.821,53.625,23.072,60.097,22.698,37.494,32.889,44.97,44.706,41.312,20.052
203,0.20048,3716.9,4470.3,9.3693,27.043,42.383,2714.4,75.918,120.41,0.33705,79.884,49.394,2644.7,26.493,49.284,3108.2,22.986,65.198,218.37,343.81,94.48,77.45,32.261,8.8637,26.935,6.8141,18.341,1.62,33.44,13.692,24.396,1.1699,18.384,2.2262,4.7834,2.2616,0.013446,0.83347,0.10792,53.446,43.92,62.682,54.015,20.192,62.658,23.24,39.291,36.316,44.877,44.547,41.166,17.957
204,0.20441,3661.0,4505.2,9.4647,27.078,42.338,2715.2,75.506,120.43,0.33041,80.062,49.641,2645.1,27.685,50.117,3108.3,23.12,65.216,218.29,343.75,94.623,77.483,32.261,8.8637,26.935,6.8141,18.341,1.62,33.44,13.692,24.396,1.1699,18.384,2.2262,4.7834,2.2616,0.013446,0.83347,0.10792,53.446,43.92,63.643,53.598,19.806,61.093,23.098,40.101,37.042,46.805,44.348,41.432,17.618
205,0.22805,3680.4,4539.5,9.3603,26.895,42.505,2714.7,75.617,120.39,0.32607,79.957,50.881,2644.2,25.155,50.749,3110.4,22.46,65.237,218.61,343.19,94.498,77.039,32.467,8.8216,26.412,6.8025,17.892,1.6266,33.422,13.71,24.55,1.2854,18.443,2.2137,4.7688,2.1984,0.013446,0.83347,0.10792,53.446,43.92,63.426,54.523,22.374,62.484,22.695,38.531,40.692,48.267,44.11,41.302,19.223
206,0.22755,3722.2,4527.5,9.3969,27.165,42.333,2715.3,75.353,120.41,0.32477,80.013,51.032,2644.8,25.713,50.666,3110.2,22.979,65.216,219.07,343.08,94.498,77.382,32.467,8.8216,26.412,6.8025,17.892,1.6266,33.422,13.71,24.55,1.2854,18.443,2.2137,4.7688,2.1984,0.024893,0.81115,0.099472,53.591,44.32,62.708,54.667,22.423,61.657,23.089,38.69,41.137,48.074,44.195,42.032,17.962
207,0.2065,3707.4,4582.5,9.3685,27.474,42.22,2713.8,75.04,120.39,0.32551,79.937,50.003,2643.4,23.539,49.74,3110.0,22.78,65.214,216.86,342.75,94.469,77.283,32.281,8.6847,26.389,7.0128,18.696,1.651,32.741,13.659,24.218,1.2352,18.517,2.261,4.7761,2.3192,0.024893,0.81115,0.099472,53.591,44.32,63.133,55.221,20.202,60.926,23.078,38.918,38.108,45.932,44.329,41.099,18.444
208,0.20575,3704.8,4614.6,9.3169,27.116,42.604,2712.6,74.977,120.41,0.33214,79.778,51.324,2641.4,26.732,49.679,3109.3,23.299,65.208,215.42,342.55,94.526,77.056,32.281,8.6847,26.389,7.0128,18.696,1.651,32.741,13.659,24.218,1.2352,18.517,2.261,4.7761,2.3192,0.024893,0.81115,0.099472,53.591,44.32,63.178,54.837,20.277,62.08,22.602,38.109,41.996,45.791,44.399,41.752,17.244
209,0.22152,3620.6,4527.4,9.3301,26.903,42.394,2712.3,75.148,120.38,0.31861,79.809,50.057,2641.8,24.792,50.423,3106.8,21.572,65.158,216.89,342.72,94.602,77.236,32.227,8.7889,26.727,6.8975,18.46,1.647,32.981,13.729,24.468,1.1149,17.97,2.2248,4.9001,2.2988,0.024893,0.81115,0.099472,53.591,44.32,62.758,53.988,21.894,61.938,22.899,38.179,38.268,47.513,44.209,40.862,21.344
210,0.22254,3662.0,4509.6,9.4345,26.758,42.17,2713.3,75.246,120.39,0.32018,79.867,49.895,2642.1,25.926,49.807,3108.1,22.776,65.125,217.98,342.71,94.743,77.27,32.227,8.7889,26.727,6.8975,18.46,1.647,32.981,13.729,24.468,1.1149,17.97,2.2248,4.9001,2.2988,0.024893,0.81115,0.099472,53.591,44.32,62.045,54.202,21.794,60.692,22.821,37.987,37.791,46.087,44.054,41.443,18.484
211,0.22718,3669.0,4545.3,9.2577,26.615,42.245,2715.0,75.338,120.4,0.3281,80.025,49.995,2643.9,24.812,49.278,3108.9,22.918,65.145,216.04,342.3,94.713,77.236,31.989,8.9272,26.81,6.9212,19.018,1.6139,32.912,13.618,24.26,1.1503,18.322,2.291,4.832,2.3524,0.0074424,0.8462,0.11274,53.366,43.789,62.867,54.387,22.218,61.367,22.772,38.706,38.086,44.862,43.572,40.289,18.144
212,0.22465,3658.3,4489.4,9.2813,26.822,42.945,2713.9,75.325,120.38,0.32834,79.993,49.103,2642.8,23.994,50.197,3110.1,22.456,65.161,214.65,342.36,94.489,77.135,31.989,8.9272,26.81,6.9212,19.018,1.6139,32.912,13.618,24.26,1.1503,18.322,2.291,4.832,2.3524,0.0074424,0.8462,0.11274,53.366,43.789,63.052,55.056,22.467,60.616,22.382,38.677,35.46,46.99,43.378,40.725,19.246
213,0.25158,3695.6,4507.9,9.2572,26.795,42.308,2713.4,75.847,120.43,0.31404,79.912,48.832,2642.9,23.984,50.681,3110.3,22.616,65.113,212.92,342.21,94.676,77.274,31.488,8.7998,27.135,6.8109,18.668,1.6353,32.929,13.832,24.06,1.3469,18.492,2.2609,4.7646,2.2442,0.0074424,0.8462,0.11274,53.366,43.789,62.175,53.472,24.516,61.652,22.422,37.231,34.661,48.11,43.216,41.075,18.866
214,0.24968,3671.8,4489.8,9.3321,26.789,42.542,2713.3,75.651,120.4,0.31012,79.87,49.653,2642.6,25.262,51.376,3109.9,22.929,65.057,213.89,341.95,94.685,77.029,31.488,8.7998,27.135,6.8109,18.668,1.6353,32.929,13.832,24.06,1.3469,18.492,2.2609,4.7646,2.2442,0.0074424,0.8462,0.11274,53.366,43.789,62.585,53.689,24.703,61.806,22.519,37.709,37.078,49.718,42.818,40.77,18.147
215,0.30319,3660.2,4548.6,9.2996,26.71,42.498,2712.7,76.254,120.41,0.34178,79.712,49.001,2641.4,24.452,48.611,3108.9,22.933,64.978,211.96,342.21,94.552,76.841,32.844,9.0587,26.697,6.8945,19.085,1.6501,33.218,13.799,24.219,1.2343,18.149,2.2318,4.865,2.3171,0.0074424,0.8462,0.11274,53.366,43.789,63.769,53.833,29.895,61.737,22.432,39.432,35.16,43.32,42.678,40.705,18.169
216,0.30487,3697.7,4495.4,9.2504,26.587,42.273,2713.2,75.517,120.42,0.33697,79.702,50.515,2641.2,25.725,51.182,3109.0,24.189,64.944,213.55,342.24,94.649,77.556,32.844,9.0587,26.697,6.8945,19.085,1.6501,33.218,13.799,24.219,1.2343,18.149,2.2318,4.865,2.3171,0.010269,0.81883,0.095125,53.518,44.408,63.122,54.469,29.729,61.533,22.334,40.018,39.615,49.269,43.115,40.998,15.161
217,0.17279,3665.0,4467.8,9.3784,27.103,42.229,2712.8,75.521,120.39,0.33336,80.103,50.221,2641.4,26.015,51.214,3108.4,22.706,64.974,212.71,341.81,94.575,77.741,31.974,8.8329,26.463,6.8699,18.825,1.6292,32.492,13.914,24.244,1.2585,18.507,2.2508,4.7538,2.2356,0.010269,0.81883,0.095125,53.518,44.408,62.98,53.757,16.975,59.849,22.618,39.559,38.752,49.343,43.264,40.947,18.636
218,0.17347,3688.2,4486.5,9.4106,27.031,42.522,2710.5,75.109,120.38,0.33466,80.056,50.686,2639.6,23.383,50.057,3105.9,23.109,65.044,212.1,341.67,94.657,77.287,31.974,8.8329,26.463,6.8699,18.825,1.6292,32.492,13.914,24.244,1.2585,18.507,2.2508,4.7538,2.2356,0.010269,0.81883,0.095125,53.518,44.408,62.58,53.534,16.907,58.619,22.613,39.4,40.119,46.666,43.387,40.838,17.703
219,0.25482,3647.0,4516.8,9.2442,26.661,42.558,2709.0,75.074,120.42,0.34617,80.016,49.996,2637.9,25.353,50.186,3105.5,21.972,65.088,212.38,341.57,94.566,77.234,32.487,8.8951,26.665,6.7271,18.961,1.6354,32.734,13.837,24.976,1.226,18.202,2.2061,4.7857,2.2446,0.010269,0.81883,0.095125,53.518,44.408,63.505,53.779,25.008,60.68,22.212,41.116,38.087,46.964,43.432,40.915,20.413
220,0.25371,3650.5,4518.7,9.2937,26.967,42.199,2708.4,75.116,120.38,0.34418,79.879,50.256,2636.0,25.174,51.69,3105.3,24.414,65.081,216.03,341.39,94.698,77.317,32.487,8.8951,26.665,6.7271,18.961,1.6354,32.734,13.837,24.976,1.226,18.202,2.2061,4.7857,2.2446,0.010269,0.81883,0.095125,53.518,44.408,63.444,53.757,25.117,59.539,22.178,41.359,38.853,50.444,43.176,41.082,14.624
221,0.20485,3711.7,4533.1,9.4499,27.231,42.717,2710.2,75.293,120.41,0.33962,80.241,49.673,2639.6,23.033,48.996,3106.1,23.478,65.074,211.7,341.32,94.563,77.34,32.073,9.0181,26.3,6.9376,18.269,1.6545,32.715,13.905,24.536,1.3204,18.877,2.2493,4.8353,2.2967,0.023993,0.83543,0.11258,53.822,44.649,63.722,53.231,20.074,59.906,22.929,39.943,37.136,44.21,42.925,41.015,16.817
222,0.20477,3694.2,4477.0,9.1481,26.631,42.282,2706.1,74.896,120.41,0.3389,79.978,51.167,2635.8,24.742,50.28,3103.1,23.102,65.108,212.45,340.94,94.563,76.735,32.073,9.0181,26.3,6.9376,18.269,1.6545,32.715,13.905,24.536,1.3204,18.877,2.2493,4.8353,2.2967,0.023993,0.83543,0.11258,53.822,44.649,64.025,53.903,20.081,63.057,22.257,40.03,41.535,47.182,42.619,41.812,17.768
223,0.24337,3651.6,4562.2,9.3787,26.801,42.234,2703.0,75.755,120.37,0.34664,79.779,51.569,2630.9,25.025,50.126,3101.6,23.419,65.031,211.52,340.6,94.648,76.671,32.139,8.7968,27.248,6.913,18.521,1.6363,32.627,13.871,24.092,1.2394,18.263,2.2522,4.7418,2.2432,0.023993,0.83543,0.11258,53.822,44.649,62.958,54.607,23.97,58.968,21.801,40.96,42.718,46.827,42.467,40.429,17.039
224,0.24213,3649.5,4532.6,9.3036,26.69,42.021,2705.4,74.93,120.4,0.34537,79.922,50.738,2634.0,26.174,49.684,3102.1,23.188,64.944,211.24,340.63,94.792,77.363,32.139,8.7968,27.248,6.913,18.521,1.6363,32.627,13.871,24.092,1.2394,18.263,2.2522,4.7418,2.2432,0.023993,0.83543,0.11258,53.822,44.649,62.994,54.962,24.092,61.685,22.076,41.116,40.273,45.804,42.263,41.645,17.555
225,0.23964,3616.7,4541.9,9.2086,26.701,41.873,2706.1,74.462,120.39,0.34176,80.073,49.775,2634.5,24.437,48.853,3103.7,22.964,64.939,209.87,340.1,94.697,77.28,31.864,8.9976,26.188,6.9793,18.786,1.6677,32.783,13.827,24.062,1.3669,18.794,2.2612,4.8066,2.2817,0.023993,0.83543,0.11258,53.822,44.649,63.733,54.297,23.249,61.796,22.113,40.75,37.437,43.879,42.153,41.059,18.085
226,0.23816,3670.7,4559.5,9.397,27.124,42.346,2707.4,74.796,120.4,0.34556,80.217,50.549,2635.6,25.853,51.671,3104.9,22.711,64.965,208.57,340.31,94.684,77.442,31.864,8.9976,26.188,6.9793,18.786,1.6677,32.783,13.827,24.062,1.3669,18.794,2.2612,4.8066,2.2817,0.017951,0.8356,0.11293,54.336,44.4,62.804,54.087,23.394,60.854,22.133,40.286,39.716,50.401,42.444,40.948,18.668
227,0.26585,3615.3,4514.9,9.4284,27.065,42.001,2708.0,75.223,120.42,0.33767,80.233,48.892,2637.2,24.24,48.792,3105.4,23.335,64.999,208.74,340.19,94.601,77.01,31.85,8.8388,26.445,6.9227,19.224,1.6454,33.048,13.748,24.108,1.2656,18.286,2.2539,4.8465,2.2618,0.017951,0.8356,0.11293,54.336,44.4,63.114,53.989,26.282,59.184,22.253,40.104,34.839,43.738,42.371,41.415,17.207
228,0.26895,3646.8,4512.4,9.2766,27.064,42.235,2705.6,74.966,120.39,0.34043,79.949,51.37,2634.1,26.14,51.356,3105.1,22.543,64.978,207.63,340.11,94.835,77.109,31.85,8.8388,26.445,6.9227,19.224,1.6454,33.048,13.748,24.108,1.2656,18.286,2.2539,4.8465,2.2618,0.017951,0.8356,0.11293,54.336,44.4,62.572,54.02,25.978,64.414,21.908,39.767,42.133,49.672,42.415,40.835,19.097
229,0.26999,3685.6,4463.9,9.5426,26.868,42.424,2707.6,74.309,120.39,0.33035,80.104,50.176,2636.0,25.761,49.312,3105.4,23.37,64.945,209.29,340.5,94.633,77.502,32.352,9.0428,26.56,6.9342,18.911,1.6724,32.721,13.695,24.047,1.4777,18.648,2.2764,4.8264,2.2306,0.017951,0.8356,0.11293,54.336,44.4,62.337,53.487,26.825,59.268,22.253,38.837,38.617,44.943,42.216,40.469,17.108
230,0.27212,3648.4,4461.2,9.3579,26.853,42.271,2709.4,74.956,120.41,0.32824,80.226,48.803,2638.0,24.942,50.929,3107.1,23.871,64.949,209.94,340.29,94.76,77.465,32.352,9.0428,26.56,6.9342,18.911,1.6724,32.721,13.695,24.047,1.4777,18.648,2.2764,4.8264,2.2306,0.017951,0.8356,0.11293,54.336,44.4,62.977,53.52,26.616,61.488,21.935,39.094,34.577,48.685,42.103,41.254,15.905
231,0.22439,3622.0,4478.5,9.2842,26.668,42.272,2710.3,75.346,120.4,0.32198,80.29,51.618,2639.8,24.044,50.114,3107.4,22.887,64.998,210.4,340.39,94.529,77.345,32.116,8.8025,26.517,6.8883,18.872,1.596,32.391,13.662,24.125,1.139,18.819,2.2356,4.8471,2.2791,0.0010143,0.84392,0.10655,53.3,43.31,63.287,54.031,21.933,61.313,22.025,38.297,42.863,46.797,42.008,40.987,18.239
232,0.22377,3643.5,4490.0,9.3366,27.194,42.385,2707.6,74.9,120.38,0.31793,80.045,49.919,2635.6,23.449,47.425,3106.3,22.264,65.0,209.91,340.39,94.812,77.123,32.116,8.8025,26.517,6.8883,18.872,1.596,32.391,13.662,24.125,1.139,18.819,2.2356,4.8471,2.2791,0.0010143,0.84392,0.10655,53.3,43.31,62.916,53.893,21.994,61.003,21.81,38.791,37.863,40.575,41.998,40.326,19.738
233,0.24673,3668.5,4485.7,9.3355,27.095,42.382,2705.8,74.773,120.4,0.32181,79.803,47.169,2633.8,26.203,49.953,3104.0,22.345,64.911,208.93,340.76,94.72,76.75,32.08,8.8356,26.352,7.0954,18.782,1.6106,33.262,13.775,24.553,1.1957,18.405,2.2674,4.8485,2.2541,0.0010143,0.84392,0.10655,53.3,43.31,62.86,54.021,24.127,61.02,22.141,37.206,29.769,46.426,42.037,41.138,19.603
234,0.24821,3631.3,4488.5,9.2648,27.138,42.249,2704.7,75.201,120.39,0.32085,79.621,50.416,2633.8,24.489,51.711,3101.9,23.022,64.795,211.07,341.09,94.759,76.686,32.08,8.8356,26.352,7.0954,18.782,1.6106,33.262,13.775,24.553,1.1957,18.405,2.2674,4.8485,2.2541,0.0010143,0.84392,0.10655,53.3,43.31,63.5,53.987,23.982,60.711,22.228,37.323,39.324,50.494,41.804,40.08,18.037
235,0.2495,3614.4,4517.4,9.4142,27.003,42.217,2706.3,75.686,120.4,0.32979,79.703,51.164,2634.6,25.449,51.256,3103.7,24.25,64.708,210.51,340.89,94.878,76.889,32.103,8.7314,26.487,6.8407,18.777,1.658,32.444,13.707,24.365,1.392,18.453,2.2428,4.8877,2.319,0.0010143,0.84392,0.10655,53.3,43.31,61.873,53.853,24.719,58.924,22.266,39.104,41.525,49.44,41.813,40.558,15.127
236,0.25064,3594.5,4513.4,9.3877,26.731,42.148,2710.1,74.101,120.37,0.33113,79.993,47.419,2638.5,28.244,51.626,3106.3,22.737,64.711,210.37,340.54,94.855,77.336,32.103,8.7314,26.487,6.8407,18.777,1.658,32.444,13.707,24.365,1.392,18.453,2.2428,4.8877,2.319,0.016852,0.85917,0.10483,54.858,43.57,62.215,53.901,24.607,61.247,22.492,38.941,30.503,50.298,42.003,40.412,18.677
237,0.24823,3684.9,4498.1,9.3272,26.851,42.337,2713.2,75.8,120.42,0.32245,80.14,50.716,2642.4,23.858,50.197,3110.9,23.01,64.77,210.44,340.96,94.68,77.581,31.743,8.9819,26.852,6.9016,18.423,1.6745,32.594,13.975,24.781,1.1541,18.456,2.2408,4.7577,2.263,0.016852,0.85917,0.10483,54.858,43.57,62.811,54.098,24.619,62.589,22.233,38.066,40.208,46.99,42.046,40.809,17.999
238,0.24895,3671.9,4526.3,9.3843,27.028,42.38,2714.3,75.133,120.42,0.3199,80.234,49.821,2643.6,24.172,51.319,3112.7,22.513,64.835,210.43,340.63,94.515,77.408,31.743,8.9819,26.852,6.9016,18.423,1.6745,32.594,13.975,24.781,1.1541,18.456,2.2408,4.7577,2.263,0.016852,0.85917,0.10483,54.858,43.57,63.036,53.759,24.548,62.919,22.221,38.377,37.574,49.586,42.093,41.326,19.172
239,0.28783,3623.7,4541.4,9.3274,26.693,42.223,2712.9,74.77,120.39,0.3541,80.004,50.325,2640.7,24.016,50.702,3111.6,23.83,64.878,211.11,341.1,94.644,77.56,32.03,8.8501,26.641,6.6044,18.728,1.6108,32.866,13.72,24.512,1.2685,18.538,2.2255,4.7925,2.1926,0.016852,0.85917,0.10483,54.858,43.57,63.341,54.478,28.11,61.541,21.882,41.415,39.057,48.159,42.078,40.829,16.04
240,0.28775,3683.5,4551.2,9.4319,26.841,42.021,2714.2,75.21,120.45,0.35327,80.142,50.089,2643.4,25.902,48.612,3112.8,22.835,64.896,209.87,340.86,94.536,77.537,32.03,8.8501,26.641,6.6044,18.728,1.6108,32.866,13.72,24.512,1.2685,18.538,2.2255,4.7925,2.1926,0.016852,0.85917,0.10483,54.858,43.57,62.311,54.36,28.118,63.165,22.459,41.516,38.361,43.321,42.233,42.798,18.392
241,0.26152,3744.1,4478.6,9.3969,26.662,42.87,2713.8,75.023,120.4,0.32296,80.036,50.889,2643.0,25.576,50.535,3113.1,22.931,64.907,209.71,340.72,94.453,77.225,32.499,8.8105,26.513,6.7254,18.408,1.6226,32.71,13.655,24.342,1.3215,18.755,2.2352,4.8565,2.3156,0.010677,0.85487,0.10918,54.146,43.009,63.998,54.515,25.859,60.399,22.044,38.42,40.716,47.771,42.711,41.248,18.185
242,0.26461,3745.9,4533.1,9.306,27.249,42.527,2712.2,74.601,120.43,0.32234,79.942,49.284,2641.1,26.534,50.284,3111.8,22.993,64.914,211.72,340.64,94.29,77.148,32.499,8.8105,26.513,6.7254,18.408,1.6226,32.71,13.655,24.342,1.3215,18.755,2.2352,4.8565,2.3156,0.010677,0.85487,0.10918,54.146,43.009,63.967,53.863,25.555,61.6,22.193,38.496,35.992,47.191,42.76,42.248,18.049
243,0.21856,3727.3,4550.6,9.4289,26.854,41.992,2711.6,74.351,120.4,0.31481,80.079,50.131,2640.1,25.746,49.477,3110.4,23.084,64.951,211.01,341.21,94.414,77.225,32.135,8.9156,26.841,6.8771,19.031,1.6622,33.019,13.839,24.174,1.4015,18.459,2.2632,4.8238,2.2756,0.010677,0.85487,0.10918,54.146,43.009,63.43,54.472,21.009,62.267,22.12,37.454,38.485,45.324,43.049,41.133,17.817
244,0.21654,3727.0,4538.8,9.2634,26.969,42.47,2708.5,74.512,120.41,0.31269,79.959,50.392,2637.6,24.757,49.771,3108.3,22.78,64.97,213.33,340.28,94.426,76.916,32.135,8.9156,26.841,6.8771,19.031,1.6622,33.019,13.839,24.174,1.4015,18.459,2.2632,4.8238,2.2756,0.010677,0.85487,0.10918,54.146,43.009,63.434,54.614,21.208,62.414,22.076,37.714,39.254,46.005,43.068,41.857,18.564
245,0.2497,3654.2,4458.7,9.3797,26.741,42.383,2708.0,75.037,120.38,0.33702,79.934,50.26,2636.3,25.111,49.127,3105.8,22.628,64.947,211.62,340.76,94.554,77.145,32.385,8.8052,26.408,6.9524,18.429,1.6687,32.717,13.835,24.277,1.2847,18.638,2.273,4.8472,2.2906,0.010677,0.85487,0.10918,54.146,43.009,63.433,54.054,24.603,62.267,21.838,39.557,38.864,44.513,43.446,40.752,18.919
246,0.25116,3668.1,4463.2,9.2842,26.94,42.095,2707.5,75.763,120.4,0.33677,80.001,51.438,2636.6,26.404,48.176,3105.0,23.702,64.982,214.68,340.99,94.517,77.399,32.385,8.8052,26.408,6.9524,18.429,1.6687,32.717,13.835,24.277,1.2847,18.638,2.273,4.8472,2.2906,0.0050557,0.84392,0.096239,53.506,43.516,63.194,54.001,24.459,61.464,22.08,39.588,42.332,42.313,43.325,42.179,16.349
247,0.22361,3647.8,4530.7,9.2303,26.87,42.36,2706.3,74.865,120.4,0.3335,79.978,48.989,2634.1,27.301,49.057,3104.4,22.397,65.01,216.3,340.34,94.641,76.913,32.109,8.9053,26.331,7.0036,18.743,1.6402,32.504,13.658,24.264,1.2317,18.288,2.2654,4.7556,2.3577,0.0050557,0.84392,0.096239,53.506,43.516,62.852,54.677,22.256,64.391,21.742,39.909,35.125,44.352,43.373,40.75,19.487
248,0.22639,3655.7,4563.4,9.3926,26.583,42.556,2706.2,75.217,120.39,0.33145,79.868,50.973,2634.9,25.476,51.165,3103.6,22.787,64.986,217.08,340.41,94.81,77.189,32.109,8.9053,26.331,7.0036,18.743,1.6402,32.504,13.658,24.264,1.2317,18.288,2.2654,4.7556,2.3577,0.0050557,0.84392,0.096239,53.506,43.516,62.715,54.286,21.982,59.885,21.992,40.159,40.962,49.229,43.495,41.227,18.56
249,0.25191,3626.0,4513.2,9.3707,26.914,42.258,2708.6,75.104,120.41,0.31441,80.077,48.107,2636.8,24.438,49.843,3106.7,24.021,65.049,215.64,340.14,94.629,77.45,32.039,8.8401,26.45,6.94,18.82,1.6604,32.413,13.874,23.963,1.4038,18.657,2.2531,4.8597,2.3046,0.0050557,0.84392,0.096239,53.506,43.516,62.688,54.149,24.606,59.973,22.11,37.403,32.529,46.171,43.814,41.161,15.599
250,0.25282,3627.1,4548.0,9.4244,26.926,42.199,2710.0,75.137,120.39,0.31497,80.138,49.178,2638.0,24.475,48.535,3108.6,22.688,65.101,215.44,340.01,94.737,77.176,32.039,8.8401,26.45,6.94,18.82,1.6604,32.413,13.874,23.963,1.4038,18.657,2.2531,4.8597,2.3046,0.0050557,0.84392,0.096239,53.506,43.516,62.668,53.731,24.516,60.575,22.118,37.335,35.682,43.144,44.019,40.568,18.78
251,0.2579,3654.5,4490.2,9.3114,27.069,42.179,2709.5,75.2,120.4,0.33483,80.027,49.916,2637.1,26.766,49.908,3107.4,23.142,65.15,216.83,340.35,94.748,77.313,32.03,8.8183,26.934,6.6995,18.633,1.6399,32.986,13.91,24.438,1.3469,19.041,2.258,4.7994,2.2913,0.008705,0.84848,0.082531,54.834,44.157,62.671,54.232,25.577,60.749,22.139,40.605,37.851,46.321,43.825,40.574,17.693
252,0.2596,3661.3,4535.0,9.232,27.081,42.592,2711.1,74.855,120.37,0.33659,80.146,50.074,2639.9,24.822,48.268,3109.9,22.603,65.141,217.32,340.12,94.623,77.424,32.03,8.8183,26.934,6.6995,18.633,1.6399,32.986,13.91,24.438,1.3469,19.041,2.258,4.7994,2.2913,0.008705,0.84848,0.082531,54.834,44.157,62.554,53.695,25.41,59.969,22.032,40.392,38.318,42.525,43.857,40.966,18.955
253,0.26039,3711.9,4545.7,9.1926,26.866,42.392,2709.5,75.307,120.41,0.34177,80.037,51.387,2637.0,26.547,48.849,3109.1,23.014,65.141,216.83,339.96,94.617,77.118,31.627,8.8245,26.583,6.9454,18.963,1.6995,32.755,13.768,24.257,0.98909,18.685,2.282,4.8558,2.2874,0.008705,0.84848,0.082531,54.834,44.157,63.851,54.037,25.821,62.473,21.636,40.831,42.181,43.87,43.976,41.723,18.009
254,0.26047,3716.3,4556.8,9.4319,26.65,42.528,2708.1,75.167,120.4,0.34131,79.915,49.95,2636.0,24.943,49.732,3107.2,23.313,65.121,215.2,340.0,94.404,76.997,31.627,8.8245,26.583,6.9454,18.963,1.6995,32.755,13.768,24.257,0.98909,18.685,2.282,4.8558,2.2874,0.008705,0.84848,0.082531,54.834,44.157,63.775,53.905,25.813,60.443,21.814,40.887,37.954,45.915,44.197,41.402,17.316
255,0.30476,3668.2,4544.0,9.4809,27.237,42.489,2708.2,75.863,120.41,0.32743,79.975,48.88,2635.6,25.488,50.091,3107.9,23.453,65.137,217.4,339.86,94.529,77.156,32.001,8.9696,26.76,6.7168,18.501,1.6079,32.899,13.69,24.081,1.3698,18.973,2.2037,4.7908,2.332,0.008705,0.84848,0.082531,54.834,44.157,62.502,53.243,29.854,61.685,21.8,38.786,34.803,46.744,44.078,41.024,16.98
256,0.30585,3653.3,4498.0,9.3279,27.196,42.4,2709.6,75.097,120.41,0.32938,80.152,50.284,2638.6,25.64,49.776,3108.9,22.989,65.153,216.79,340.27,94.6,77.376,32.001,8.9696,26.76,6.7168,18.501,1.6079,32.899,13.69,24.081,1.3698,18.973,2.2037,4.7908,2.332,0.022162,0.85311,0.10013,53.255,43.696,62.758,53.795,29.747,60.093,22.0,38.547,38.935,46.017,44.341,40.69,18.052
257,0.27225,3742.7,4519.5,9.2712,26.973,42.259,2709.2,75.465,120.4,0.31682,80.052,49.457,2637.6,23.639,50.101,3109.2,22.35,65.185,217.02,339.99,94.618,77.168,32.136,8.8704,26.878,6.9615,18.918,1.6236,32.62,13.795,24.529,1.2143,18.415,2.2711,4.8399,2.2823,0.022162,0.85311,0.10013,53.255,43.696,63.274,54.677,26.709,62.154,21.935,37.844,36.503,46.768,44.451,40.819,19.584
258,0.27218,3682.5,4551.2,9.2442,26.873,42.201,2707.6,74.771,120.43,0.31487,79.959,49.812,2636.7,24.968,50.558,3107.6,23.508,65.202,217.83,340.28,94.347,76.885,32.136,8.8704,26.878,6.9615,18.918,1.6236,32.62,13.795,24.529,1.2143,18.415,2.2711,4.8399,2.2823,0.022162,0.85311,0.10013,53.255,43.696,64.31,54.297,26.717,64.302,21.8,38.082,37.548,47.825,44.512,42.082,16.863
259,0.26074,3671.6,4465.6,9.4348,26.607,42.389,2706.2,75.687,120.38,0.32715,79.963,50.682,2635.1,25.179,48.485,3105.0,23.493,65.216,221.16,340.37,94.646,77.36,31.964,8.8308,26.446,6.9184,18.857,1.6487,32.977,13.818,23.806,1.1473,18.658,2.2111,4.8819,2.3808,0.022162,0.85311,0.10013,53.255,43.696,62.391,54.311,25.519,58.495,21.644,39.279,40.106,43.028,44.347,40.955,16.866
260,0.25866,3641.5,4466.3,9.1681,27.078,42.271,2705.9,75.036,120.4,0.32822,80.043,50.54,2634.8,24.521,49.044,3103.3,23.043,65.222,219.41,340.9,94.55,77.035,31.964,8.8308,26.446,6.9184,18.857,1.6487,32.977,13.818,23.806,1.1473,18.658,2.2111,4.8819,2.3808,0.022162,0.85311,0.10013,53.255,43.696,62.909,54.302,25.723,60.737,22.278,39.149,39.689,44.321,44.634,41.886,17.961
261,0.27791,3693.3,4503.8,9.1773,26.611,42.264,2705.1,74.085,120.4,0.33214,79.915,48.946,2633.5,25.565,51.633,3103.2,22.298,65.231,218.9,340.31,94.803,76.847,32.329,8.8996,26.532,6.904,18.81,1.6956,32.402,13.85,24.106,1.3327,18.292,2.2922,4.7556,2.3549,0.040131,0.84776,0.13004,53.784,43.941,62.341,53.984,27.372,63.6,21.961,39.258,34.998,50.313,44.956,40.604,19.759
262,0.2762,3642.9,4486.2,9.3863,26.942,42.31,2704.6,75.322,120.39,0.33064,79.771,48.347,2633.3,26.795,50.685,3102.3,22.527,65.173,219.94,340.29,94.583,77.005,32.329,8.8996,26.532,6.904,18.81,1.6956,32.402,13.85,24.106,1.3327,18.292,2.2922,4.7556,2.3549,0.040131,0.84776,0.13004,53.784,43.941,63.209,54.195,27.541,61.36,22.088,39.442,33.235,48.12,45.061,41.123,19.23
263,0.2431,3676.1,4494.4,9.2514,26.741,41.799,2704.9,75.819,120.39,0.33485,79.899,51.518,2633.2,25.354,51.343,3102.7,24.695,65.198,222.46,340.22,94.818,77.438,32.012,8.9942,26.552,6.8438,19.005,1.6716,32.517,13.732,24.56,1.3033,18.414,2.2833,4.8178,2.2873,0.040131,0.84776,0.13004,53.784,43.941,62.735,54.204,23.948,61.701,21.814,39.824,42.569,49.643,45.033,40.074,14.052
264,0.24326,3631.2,4529.8,9.3031,26.832,41.833,2706.7,75.383,120.4,0.33488,80.243,49.754,2634.7,24.946,48.586,3105.0,22.633,65.263,224.13,340.06,94.515,77.512,32.012,8.9942,26.552,6.8438,19.005,1.6716,32.517,13.732,24.56,1.3033,18.414,2.2833,4.8178,2.2873,0.040131,0.84776,0.13004,53.784,43.941,63.508,53.78,23.933,60.546,21.835,39.82,37.376,43.261,45.073,41.115,18.91
265,0.2751,3661.3,4482.7,9.3095,26.623,42.426,2706.4,74.78,120.41,0.32227,80.087,50.006,2635.3,25.669,51.92,3103.4,22.861,65.331,222.44,340.48,94.696,77.147,32.076,8.9396,26.283,6.8858,18.61,1.5852,32.626,13.77,24.334,1.2569,18.612,2.2787,4.8395,2.2827,0.040131,0.84776,0.13004,53.784,43.941,63.526,53.843,26.857,61.057,22.09,38.136,38.119,50.978,45.413,40.955,18.406
266,0.27262,3659.1,4508.1,9.354,26.788,42.539,2705.7,74.702,120.43,0.32371,80.133,50.737,2634.8,25.954,49.554,3104.9,23.388,65.36,222.52,340.74,94.511,77.484,32.076,8.9396,26.283,6.8858,18.61,1.5852,32.626,13.77,24.334,1.2569,18.612,2.2787,4.8395,2.2827,0.011446,0.84251,0.085832,53.29,44.182,63.563,53.539,27.101,59.292,22.016,37.96,40.27,45.502,45.481,41.917,17.123
267,0.26894,3681.6,4523.8,9.1217,27.073,42.133,2706.1,75.554,120.4,0.32741,80.207,50.94,2635.2,24.674,51.316,3103.9,23.003,65.43,223.55,340.16,94.643,77.262,32.267,8.8803,26.408,6.9056,19.217,1.6626,33.005,13.732,23.738,1.1167,18.481,2.277,4.816,2.2737,0.011446,0.84251,0.085832,53.29,44.182,62.825,54.314,26.549,62.327,22.12,38.424,40.866,49.58,45.527,41.162,18.046
268,0.26929,3727.7,4535.8,9.4856,26.961,42.609,2704.2,74.937,120.41,0.32506,80.074,51.795,2632.6,24.336,51.066,3103.1,22.967,65.452,224.17,340.39,94.575,77.062,32.267,8.8803,26.408,6.9056,19.217,1.6626,33.005,13.732,23.738,1.1167,18.481,2.277,4.816,2.2737,0.011446,0.84251,0.085832,53.29,44.182,62.031,54.17,26.514,61.228,21.968,38.711,43.383,49.0,45.608,41.21,18.149
269,0.25095,3651.2,4501.6,9.2941,26.441,42.547,2704.7,75.654,120.42,0.3206,80.228,50.63,2633.5,22.57,48.993,3103.0,22.087,65.484,223.92,340.18,94.568,77.342,32.194,8.9611,26.226,6.9963,18.802,1.6284,32.654,13.941,23.663,1.1817,18.446,2.226,4.7996,2.3126,0.011446,0.84251,0.085832,53.29,44.182,63.161,53.066,24.726,60.341,21.652,38.143,39.955,44.205,45.766,41.486,20.206
270,0.24961,3683.9,4490.6,9.3174,26.684,42.067,2701.9,74.19,120.38,0.32284,79.997,47.739,2630.0,24.494,50.064,3100.4,23.473,65.51,223.91,340.02,94.783,76.966,32.194,8.9611,26.226,6.9963,18.802,1.6284,32.654,13.941,23.663,1.1817,18.446,2.226,4.7996,2.3126,0.011446,0.84251,0.085832,53.29,44.182,62.598,53.199,24.857,60.556,21.812,37.869,31.447,46.682,45.9,40.857,16.953
271,0.25909,3632.9,4505.5,9.2873,27.247,42.199,2701.4,74.953,120.42,0.34255,79.977,49.689,2630.0,24.72,49.876,3098.5,21.904,65.432,224.83,340.4,94.574,77.111,32.457,8.8458,26.126,6.7815,19.066,1.6185,32.987,14.012,24.112,1.243,18.867,2.2616,4.829,2.2902,0.0039148,0.86354,0.088263,53.728,43.52,62.616,53.998,25.213,60.439,22.197,41.056,37.183,46.248,45.841,41.021,20.686
272,0.26022,3632.1,4507.7,9.2626,27.31,42.318,2700.5,74.813,120.38,0.34611,79.854,50.333,2628.6,26.524,48.199,3098.1,21.721,65.396,225.42,340.32,94.906,77.12,32.457,8.8458,26.126,6.7815,19.066,1.6185,32.987,14.012,24.112,1.243,18.867,2.2616,4.829,2.2902,0.0039148,0.86354,0.088263,53.728,43.52,62.629,53.972,25.103,62.576,22.18,40.622,39.079,42.366,45.876,40.228,21.131
273,0.22902,3676.7,4478.4,9.3433,27.058,41.94,2701.4,75.318,120.43,0.35143,80.002,49.713,2629.3,24.269,50.614,3099.4,23.005,65.393,225.51,340.29,94.569,77.253,32.2,8.8003,26.22,6.8211,19.095,1.6324,32.546,13.945,24.008,1.3124,18.473,2.2197,4.8117,2.2491,0.0039148,0.86354,0.088263,53.728,43.52,63.739,53.65,22.884,61.797,21.908,42.111,37.254,47.956,45.957,40.801,18.07
274,0.2306,3689.3,4477.4,9.3394,26.808,41.976,2701.0,75.807,120.41,0.35654,80.198,50.34,2630.1,25.019,49.782,3100.3,22.651,65.446,226.98,340.15,94.692,77.463,32.2,8.8003,26.22,6.8211,19.095,1.6324,32.546,13.945,24.008,1.3124,18.473,2.2197,4.8117,2.2491,0.0039148,0.86354,0.088263,53.728,43.52,63.523,53.662,22.728,61.294,21.545,41.488,39.101,46.03,45.911,41.31,18.889
275,0.25354,3674.5,4460.4,9.304,26.755,42.63,2702.0,76.013,120.42,0.34478,80.27,49.573,2630.7,24.865,49.394,3100.5,23.082,65.51,224.97,339.64,94.462,77.281,32.201,8.991,26.5,6.6557,18.968,1.6521,32.784,13.661,23.785,1.2508,18.699,2.2575,4.8533,2.251,0.0039148,0.86354,0.088263,53.728,43.52,63.505,53.741,25.087,61.101,21.609,41.369,36.842,45.131,46.171,41.29,17.863
276,0.25211,3677.3,4513.3,9.4173,26.83,42.003,2700.9,74.979,120.4,0.34686,80.196,49.791,2629.9,24.879,50.367,3099.1,22.843,65.559,226.28,340.34,94.624,77.467,32.201,8.991,26.5,6.6557,18.968,1.6521,32.784,13.661,23.785,1.2508,18.699,2.2575,4.8533,2.251,0.020086,0.86413,0.10275,54.054,43.228,63.457,53.108,25.228,60.122,22.123,41.114,37.486,47.384,46.704,40.93,18.42
277,0.25036,3728.1,4467.1,9.2957,26.71,42.341,2701.9,74.968,120.43,0.31373,80.352,50.1,2631.1,24.763,49.322,3101.7,23.506,65.613,229.44,339.95,94.311,77.352,32.021,9.0299,26.238,6.9054,19.057,1.602,32.799,13.834,23.75,1.2558,18.967,2.2596,4.8358,2.3279,0.020086,0.86413,0.10275,54.054,43.228,64.169,53.931,25.357,60.925,21.662,37.525,38.393,44.966,46.749,41.686,16.835
278,0.25523,3717.6,4443.0,9.2954,26.839,42.111,2700.5,75.254,120.4,0.31457,80.299,49.518,2629.1,26.02,50.765,3100.4,21.464,65.666,226.56,339.53,94.321,77.083,32.021,9.0299,26.238,6.9054,19.057,1.602,32.799,13.834,23.75,1.2558,18.967,2.2596,4.8358,2.3279,0.020086,0.86413,0.10275,54.054,43.228,64.35,54.22,24.878,60.409,21.717,37.423,36.683,48.304,47.328,41.917,21.702
279,0.27132,3639.5,4461.1,9.2207,26.973,42.129,2698.3,75.22,120.41,0.33326,80.123,50.29,2627.3,24.426,49.251,3097.6,23.71,65.688,228.89,340.05,94.609,77.118,31.371,9.0994,26.182,6.9402,18.633,1.6694,32.611,13.694,24.061,1.1292,18.843,2.2281,4.7713,2.2959,0.020086,0.86413,0.10275,54.054,43.228,63.599,53.743,26.876,61.909,21.787,39.651,38.953,44.801,47.446,41.223,16.376
280,0.27413,3688.9,4474.5,9.2294,26.774,42.897,2698.5,74.446,120.37,0.33442,80.168,48.478,2626.1,26.085,50.132,3097.5,23.659,65.726,231.48,339.73,94.528,77.052,31.371,9.0994,26.182,6.9402,18.633,1.6694,32.611,13.694,24.061,1.1292,18.843,2.2281,4.7713,2.2959,0.020086,0.86413,0.10275,54.054,43.228,62.75,53.583,26.599,61.795,21.597,39.509,33.62,46.839,47.535,40.731,16.497
281,0.34016,3661.0,4504.5,9.3539,26.589,42.611,2700.5,74.929,120.4,0.31694,80.244,50.501,2629.8,27.263,50.427,3101.8,23.263,65.759,229.21,340.02,94.632,77.434,31.893,8.8945,26.599,7.0874,19.191,1.6829,32.356,13.899,23.75,1.3957,18.88,2.3229,4.9249,2.3492,0.013316,0.84797,0.10271,53.12,43.708,62.886,54.254,33.483,60.814,21.313,37.802,39.575,47.522,48.125,42.026,17.411
282,0.33839,3631.9,4505.2,9.2027,26.795,42.427,2704.4,75.013,120.39,0.31717,80.378,49.935,2632.3,24.107,50.158,3104.0,23.072,65.817,232.73,340.07,94.521,77.814,31.893,8.8945,26.599,7.0874,19.191,1.6829,32.356,13.899,23.75,1.3957,18.88,2.3229,4.9249,2.3492,0.013316,0.84797,0.10271,53.12,43.708,63.387,54.246,33.657,64.466,21.815,37.774,37.908,46.899,48.156,41.194,17.825
283,0.29597,3600.0,4464.3,9.3835,26.65,42.243,2705.9,74.864,120.37,0.33774,80.427,50.095,2634.0,25.042,48.067,3102.0,22.679,65.919,233.02,340.92,94.61,77.336,32.252,8.9459,26.599,7.026,18.839,1.6909,32.415,13.911,24.177,1.4461,18.335,2.2309,4.8221,2.2675,0.013316,0.84797,0.10271,53.12,43.708,62.52,53.343,29.029,59.485,22.071,40.71,38.379,42.061,48.472,40.963,18.77
284,0.29393,3596.4,4454.5,9.3169,26.627,42.193,2703.6,75.173,120.39,0.34148,80.075,51.164,2632.0,27.479,48.911,3100.5,22.553,65.907,234.39,341.36,94.779,77.049,32.252,8.9459,26.599,7.026,18.839,1.6909,32.415,13.911,24.177,1.4461,18.335,2.2309,4.8221,2.2675,0.013316,0.84797,0.10271,53.12,43.708,62.582,53.46,29.229,60.698,22.368,40.253,41.526,44.013,48.693,41.07,19.108
285,0.26117,3627.4,4483.6,9.4205,27.381,42.223,2702.6,74.569,120.38,0.34314,79.89,50.565,2631.4,26.465,50.907,3099.7,23.29,65.866,235.54,341.85,94.7,77.001,32.872,9.0153,26.215,7.0326,18.734,1.664,33.36,13.869,23.613,1.3364,18.769,2.2174,4.8523,2.3245,0.013316,0.84797,0.10271,53.12,43.708,62.421,53.936,25.861,59.309,22.596,40.495,39.763,48.633,48.939,41.326,17.381
286,0.25987,3644.8,4508.9,9.4559,26.983,42.565,2706.4,74.329,120.38,0.34111,80.068,49.135,2635.8,25.928,49.721,3100.6,22.998,65.83,237.18,342.77,94.845,77.508,32.872,9.0153,26.215,7.0326,18.734,1.664,33.36,13.869,23.613,1.3364,18.769,2.2174,4.8523,2.3245,0.026238,0.83978,0.084599,54.754,43.712,62.123,53.634,25.99,61.297,22.962,40.742,35.555,45.889,48.763,40.527,18.039
287,0.19811,3632.5,4453.7,9.3352,27.026,42.389,2708.3,74.04,120.41,0.33821,80.298,49.277,2636.8,24.709,49.79,3103.5,21.849,65.894,236.99,342.07,94.593,77.316,32.455,9.0452,26.247,6.8371,18.895,1.6461,32.837,13.931,23.551,1.4159,18.421,2.2218,4.9277,2.2315,0.026238,0.83978,0.084599,54.754,43.712,62.139,54.55,19.502,60.889,22.654,40.082,35.971,46.048,48.96,41.63,20.753
288,0.20021,3609.3,4479.4,9.4606,26.733,42.298,2706.4,74.442,120.4,0.33639,80.087,50.85,2635.9,25.187,48.823,3102.1,23.385,65.926,236.04,341.89,94.842,77.061,32.455,9.0452,26.247,6.8371,18.895,1.6461,32.837,13.931,23.551,1.4159,18.421,2.2218,4.9277,2.2315,0.026238,0.83978,0.084599,54.754,43.712,62.538,54.242,19.296,61.901,22.471,40.304,40.601,43.809,49.223,40.79,17.131
289,0.23405,3679.3,4509.0,9.4084,26.9,42.237,2705.4,74.696,120.4,0.34788,79.87,48.98,2633.5,24.917,49.246,3102.7,22.469,65.903,237.49,341.99,94.621,76.896,32.777,8.837,26.098,6.6725,18.822,1.6798,33.294,13.774,24.255,1.1995,18.757,2.2772,4.8885,2.3196,0.026238,0.83978,0.084599,54.754,43.712,62.997,53.486,22.925,60.906,22.096,40.666,35.097,44.788,49.274,40.808,19.33
290,0.235,3684.7,4509.0,9.359,27.11,42.212,2706.3,75.57,120.41,0.34843,79.914,51.052,2635.2,26.802,49.927,3102.2,23.095,65.85,239.12,342.17,94.689,77.414,32.777,8.837,26.098,6.6725,18.822,1.6798,33.294,13.774,24.255,1.1995,18.757,2.2772,4.8885,2.3196,0.026238,0.83978,0.084599,54.754,43.712,62.904,53.485,22.831,61.461,22.664,40.599,41.196,46.364,49.312,41.365,17.818
291,0.1969,3716.0,4502.2,9.4856,27.363,42.157,2709.2,75.013,120.43,0.32798,80.409,49.727,2637.6,25.503,48.936,3106.3,22.201,65.957,238.07,341.48,94.452,77.884,32.149,9.056,26.68,6.8243,18.734,1.6522,32.892,13.867,23.533,1.2396,18.713,2.2553,4.776,2.3827,0.0061324,0.83107,0.091575,53.762,43.615,63.93,53.734,19.58,59.823,22.608,38.95,37.298,44.072,49.388,41.485,19.867
292,0.19919,3726.9,4478.9,9.3756,26.714,42.305,2708.4,74.663,120.41,0.33051,80.426,48.539,2637.3,24.65,49.06,3106.6,22.618,66.029,239.08,341.38,94.403,77.379,32.149,9.056,26.68,6.8243,18.734,1.6522,32.892,13.867,23.533,1.2396,18.713,2.2553,4.776,2.3827,0.0061324,0.83107,0.091575,53.762,43.615,63.742,54.012,19.355,61.584,21.985,38.642,33.802,44.358,49.382,42.165,18.889
293,0.25548,3682.8,4516.2,9.2783,26.877,42.147,2705.8,75.061,120.4,0.33636,80.187,52.162,2634.8,25.84,48.693,3103.4,23.437,66.083,237.61,341.46,94.479,77.12,31.857,8.9831,26.159,6.7885,18.534,1.6429,32.949,13.946,24.071,1.2793,18.213,2.3109,4.8537,2.2245,0.0061324,0.83107,0.091575,53.762,43.615,63.295,53.78,25.209,61.296,22.33,40.408,44.463,43.509,49.599,40.958,16.962
294,0.25663,3699.8,4524.3,9.3951,26.941,42.406,2702.7,74.819,120.4,0.33791,79.842,49.411,2630.8,25.047,49.403,3101.1,23.654,66.029,237.79,341.32,94.505,76.604,31.857,8.9831,26.159,6.7885,18.534,1.6429,32.949,13.946,24.071,1.2793,18.213,2.3109,4.8537,2.2245,0.0061324,0.83107,0.091575,53.762,43.615,63.002,53.683,25.096,61.066,22.12,40.219,36.366,45.153,49.675,41.97,16.516
295,0.28642,3698.7,4550.6,9.4456,26.848,42.73,2701.8,74.417,120.39,0.34915,79.658,51.309,2630.3,24.413,51.567,3100.2,23.168,65.906,240.45,341.3,94.572,77.267,32.177,8.7743,27.309,6.9967,18.561,1.6357,32.962,13.644,24.128,1.3777,18.883,2.2823,4.8466,2.3136,0.0061324,0.83107,0.091575,53.762,43.615,63.407,53.885,28.088,62.088,21.948,41.082,41.951,50.161,49.537,40.939,17.661
296,0.28391,3692.6,4480.2,9.2728,27.076,42.206,2706.4,74.769,120.41,0.34715,80.009,50.929,2634.7,24.542,50.455,3102.7,23.842,65.888,240.85,341.62,94.488,77.527,32.177,8.7743,27.309,6.9967,18.561,1.6357,32.962,13.644,24.128,1.3777,18.883,2.2823,4.8466,2.3136,0.0071421,0.84153,0.091515,53.714,44.018,63.512,54.726,28.335,61.992,22.452,41.326,40.833,47.586,49.376,41.65,16.03
297,0.25692,3651.4,4543.3,9.3977,26.919,42.394,2707.8,74.45,120.37,0.31525,80.146,52.569,2637.1,24.558,50.731,3103.7,22.915,65.94,236.73,341.98,94.553,77.34,32.025,8.9065,26.287,6.8279,18.74,1.647,32.942,13.801,23.835,1.1488,18.606,2.231,4.7194,2.3188,0.0071421,0.84153,0.091515,53.714,44.018,62.385,53.943,25.253,62.842,22.494,37.103,45.659,48.226,49.735,41.35,18.227
298,0.2575,3621.1,4539.8,9.3231,27.074,42.054,2709.5,73.885,120.43,0.31555,80.209,51.072,2638.3,23.865,50.734,3107.3,23.731,66.012,237.6,341.95,94.529,77.234,32.025,8.9065,26.287,6.8279,18.74,1.647,32.942,13.801,23.835,1.1488,18.606,2.231,4.7194,2.3188,0.0071421,0.84153,0.091515,53.714,44.018,62.907,53.985,25.197,59.946,22.53,37.067,41.255,48.232,49.648,41.519,16.292
299,0.2732,3699.8,4483.5,9.2624,26.696,42.525,2710.9,75.014,120.39,0.33059,80.147,48.415,2640.2,23.231,49.051,3107.6,22.013,66.005,237.64,341.95,94.532,77.135,32.41,8.878,26.539,6.9792,18.314,1.6333,33.028,13.773,24.402,1.2082,18.845,2.2779,4.8715,2.2871,0.0071421,0.84153,0.091515,53.714,44.018,63.004,54.239,26.731,60.699,22.373,39.288,33.435,44.338,49.637,41.562,20.366
300,0.27242,3654.6,4521.3,9.3587,27.449,42.576,2709.6,75.207,120.42,0.3302,79.965,51.714,2638.4,23.82,48.619,3106.3,22.725,66.011,238.78,342.22,94.492,77.22,32.41,8.878,26.539,6.9792,18.314,1.6333,33.028,13.773,24.402,1.2082,18.845,2.2779,4.8715,2.2871,0.0071421,0.84153,0.091515,53.714,44.018,63.782,53.787,26.807,61.475,22.395,39.336,43.143,43.338,49.53,41.58,18.683
301,0.23276,3635.2,4527.2,9.3599,27.059,42.077,2708.7,74.44,120.39,0.32807,79.904,51.991,2638.2,25.121,49.997,3105.1,23.185,65.978,240.6,342.67,94.657,77.043,32.055,8.7682,26.429,6.9046,18.555,1.6519,33.073,13.89,24.038,1.2011,18.598,2.2323,4.8265,2.2935,0.0055869,0.84471,0.085775,53.49,43.767,62.768,54.805,23.31,62.593,22.526,38.78,43.96,46.527,49.633,40.581,17.609
302,0.23423,3667.1,4541.8,9.2232,26.598,42.595,2709.2,75.041,120.44,0.32867,79.892,49.551,2638.1,25.668,51.702,3105.2,23.091,65.951,240.3,342.13,94.585,77.407,32.055,8.7682,26.429,6.9046,18.555,1.6519,33.073,13.89,24.038,1.2011,18.598,2.2323,4.8265,2.2935,0.0055869,0.84471,0.085775,53.49,43.767,62.219,54.63,23.165,61.881,22.378,38.707,36.778,50.472,49.773,41.475,17.814
303,0.26637,3666.7,4523.6,9.4717,27.05,42.149,2711.4,74.251,120.41,0.33921,80.096,48.875,2640.6,24.679,50.041,3108.7,23.146,65.988,242.73,342.38,94.566,77.635,32.376,8.8932,26.504,7.0403,18.339,1.6717,33.07,13.891,23.962,1.3066,18.16,2.2386,4.8574,2.3711,0.0055869,0.84471,0.085775,53.49,43.767,62.824,54.313,26.671,61.221,22.596,40.572,34.79,46.63,49.668,40.935,17.652
304,0.26724,3644.2,4509.6,9.3665,26.746,42.198,2711.1,74.81,120.4,0.34006,79.969,50.187,2639.3,25.015,49.103,3108.7,23.961,65.991,239.27,342.23,94.503,76.762,32.376,8.8932,26.504,7.0403,18.339,1.6717,33.07,13.891,23.962,1.3066,18.16,2.2386,4.8574,2.3711,0.0055869,0.84471,0.085775,53.49,43.767,63.212,54.481,26.586,60.876,22.129,40.468,38.65,44.458,50.086,41.871,15.776
305,0.23892,3614.8,4566.8,9.3217,26.904,42.087,2708.4,74.099,120.38,0.34203,79.714,50.837,2636.7,26.942,50.358,3104.8,22.832,65.967,242.15,342.62,94.728,76.707,32.104,8.8477,26.431,6.875,18.214,1.6635,32.876,13.87,24.224,1.3293,18.658,2.2479,4.8826,2.2217,0.0055869,0.84471,0.085775,53.49,43.767,62.442,54.382,23.215,59.999,22.557,40.341,40.562,47.362,49.943,40.159,18.487
306,0.23935,3600.9,4537.5,9.383,26.982,42.078,2710.7,75.08,120.4,0.34389,79.774,50.391,2639.6,24.077,48.994,3105.1,22.397,65.908,241.85,342.73,94.749,77.466,32.104,8.8477,26.431,6.875,18.214,1.6635,32.876,13.87,24.224,1.3293,18.658,2.2479,4.8826,2.2217,0.029171,0.81674,0.10602,54.807,43.841,62.681,54.733,23.173,60.471,22.715,40.114,39.25,44.206,50.181,41.026,19.481
307,0.2652,3659.7,4563.9,9.3001,27.24,42.139,2711.4,75.709,120.38,0.33774,79.913,50.514,2640.0,24.551,49.606,3109.3,23.307,65.924,240.75,342.37,94.585,77.523,32.12,9.0376,26.526,6.8006,19.081,1.6137,33.292,13.82,24.036,1.1148,18.535,2.2736,4.8061,2.3098,0.029171,0.81674,0.10602,54.807,43.841,63.047,54.808,25.699,62.008,22.427,40.396,39.612,45.621,50.432,40.868,17.305
308,0.26174,3665.9,4550.4,9.3478,26.71,42.237,2714.7,75.582,120.4,0.33786,80.116,49.874,2643.9,24.341,48.797,3111.9,23.657,65.981,243.61,342.54,94.582,77.646,32.12,9.0376,26.526,6.8006,19.081,1.6137,33.292,13.82,24.036,1.1148,18.535,2.2736,4.8061,2.3098,0.029171,0.81674,0.10602,54.807,43.841,62.94,54.969,26.039,59.646,22.422,40.38,37.728,43.75,50.328,41.742,16.447
309,0.2631,3671.6,4492.2,9.4008,26.916,42.163,2715.2,74.07,120.41,0.33424,80.333,50.187,2644.7,26.047,49.945,3112.3,22.812,66.11,239.88,342.17,94.429,77.444,32.683,8.7871,26.698,6.6594,18.704,1.6447,33.137,13.815,24.374,1.3371,18.535,2.2367,4.7767,2.3782,0.029171,0.81674,0.10602,54.807,43.841,63.536,53.558,25.76,61.438,22.51,39.505,38.652,46.407,50.803,41.704,18.435
310,0.26256,3685.6,4477.2,9.2886,26.972,42.437,2712.1,75.551,120.4,0.33421,80.128,49.709,2640.9,26.867,50.899,3109.7,22.502,66.184,240.59,342.25,94.461,77.116,32.683,8.7871,26.698,6.6594,18.704,1.6447,33.137,13.815,24.374,1.3371,18.535,2.2367,4.7767,2.3782,0.029171,0.81674,0.10602,54.807,43.841,63.296,53.738,25.812,59.476,22.489,39.509,37.245,48.614,50.882,41.48,19.188
311,0.20646,3701.6,4502.4,9.274,26.829,42.069,2709.0,74.728,120.42,0.3395,79.956,49.931,2638.0,24.442,48.805,3105.7,22.589,66.168,241.39,342.14,94.445,76.992,32.125,9.0647,26.576,6.7691,18.908,1.6702,32.531,13.926,23.701,1.3946,18.39,2.2583,4.7861,2.256,0.0083302,0.83058,0.10544,53.531,44.702,64.403,54.345,20.181,61.347,22.258,38.74,37.898,43.768,50.231,41.252,18.996
312,0.20621,3721.3,4485.3,9.2844,26.948,42.457,2704.8,74.739,120.4,0.32925,79.803,49.728,2633.6,24.752,50.242,3102.4,22.148,66.099,238.8,341.65,94.426,76.764,32.125,9.0647,26.576,6.7691,18.908,1.6702,32.531,13.926,23.701,1.3946,18.39,2.2583,4.7861,2.256,0.0083302,0.83058,0.10544,53.531,44.702,64.064,54.549,20.205,60.989,22.268,39.991,37.299,47.095,50.296,40.992,20.076
313,0.2546,3729.0,4444.9,9.331,26.984,42.418,2701.6,75.676,120.4,0.34437,79.643,50.003,2630.3,24.965,49.196,3098.7,23.837,66.004,242.58,341.69,94.525,76.842,32.094,9.0551,26.185,6.7818,19.209,1.6597,32.857,14.021,24.273,1.1546,18.514,2.3163,4.7506,2.2695,0.0083302,0.83058,0.10544,53.531,44.702,63.128,54.527,25.616,59.935,22.307,41.189,38.108,44.673,49.798,41.376,16.099
314,0.25785,3710.0,4504.7,9.2622,27.172,42.158,2703.4,74.983,120.41,0.34394,79.832,50.119,2631.3,27.221,50.178,3098.2,22.498,65.954,239.56,341.75,94.537,77.376,32.094,9.0551,26.185,6.7818,19.209,1.6597,32.857,14.021,24.273,1.1546,18.514,2.3163,4.7506,2.2695,0.0083302,0.83058,0.10544,53.531,44.702,63.454,53.81,25.296,59.719,22.658,41.241,38.451,46.946,49.907,42.49,19.25
315,0.2607,3672.0,4513.6,9.3069,27.076,42.552,2703.5,75.674,120.37,0.3565,80.245,49.763,2632.1,26.327,50.371,3100.4,23.252,66.011,238.99,341.15,94.435,77.877,31.849,8.9211,26.277,6.9093,18.768,1.6733,32.903,13.949,23.995,1.4919,18.891,2.2773,4.7348,2.314,0.0083302,0.83058,0.10544,53.531,44.702,64.096,52.917,25.759,63.252,22.393,42.47,37.402,47.392,49.792,40.752,17.402
316,0.26127,3723.5,4474.3,9.1988,27.065,42.245,2703.1,75.039,120.4,0.35687,80.449,49.689,2632.2,23.702,51.13,3101.9,22.063,66.12,238.6,340.86,94.421,77.748,31.849,8.9211,26.277,6.9093,18.768,1.6733,32.903,13.949,23.995,1.4919,18.891,2.2773,4.7348,2.314,0.015968,0.82907,0.089931,53.103,43.308,63.21,53.387,25.703,61.435,22.152,42.425,37.185,49.149,49.988,42.052,20.199
317,0.28787,3659.6,4540.3,9.2987,26.705,42.753,2701.4,75.707,120.36,0.35109,80.291,50.857,2629.6,25.444,50.048,3099.7,22.902,66.221,239.07,340.58,94.514,76.937,31.622,8.8128,26.228,6.7361,18.798,1.6702,32.909,13.761,23.879,1.3283,19.003,2.2613,4.8715,2.2576,0.015968,0.82907,0.089931,53.103,43.308,63.227,53.644,28.202,62.294,21.832,41.43,40.623,46.644,49.915,40.934,18.259
318,0.28726,3678.1,4510.7,9.2776,26.76,42.383,2699.5,74.966,120.41,0.35012,80.063,49.364,2628.4,26.734,50.32,3097.1,23.155,66.188,237.5,340.85,94.694,77.135,31.622,8.8128,26.228,6.7361,18.798,1.6702,32.909,13.761,23.879,1.3283,19.003,2.2613,4.8715,2.2576,0.015968,0.82907,0.089931,53.103,43.308,62.909,53.998,28.262,63.314,22.035,41.548,36.229,47.274,50.029,41.437,17.663
319,0.31439,3752.9,4544.9,9.2936,26.808,42.546,2700.8,74.599,120.39,0.32873,80.091,50.665,2629.0,26.279,51.419,3098.8,23.229,66.134,237.95,340.99,94.482,77.21,32.152,8.8694,25.987,6.8824,18.837,1.6699,32.527,13.819,24.044,1.2304,18.409,2.2643,4.8755,2.3284,0.015968,0.82907,0.089931,53.103,43.308,63.196,53.514,30.84,61.321,21.962,39.169,40.056,49.818,49.967,41.796,17.484
320,0.31304,3716.5,4555.5,9.1991,26.935,42.201,2702.3,75.995,120.41,0.32653,80.192,49.72,2630.8,23.317,49.578,3099.6,22.982,66.146,239.07,341.46,94.49,77.183,32.152,8.8694,25.987,6.8824,18.837,1.6699,32.527,13.819,24.044,1.2304,18.409,2.2643,4.8755,2.3284,0.015968,0.82907,0.089931,53.103,43.308,63.822,53.387,30.974,61.186,22.119,39.437,37.276,45.557,49.841,41.288,18.071
321,0.26746,3678.3,4485.4,9.3008,27.063,42.197,2700.0,74.906,120.39,0.33466,80.076,48.711,2629.1,25.217,49.917,3097.7,23.12,66.143,238.87,341.11,94.38,76.988,32.835,8.9243,26.055,7.0035,18.805,1.6589,33.181,13.963,23.589,1.105,18.69,2.3017,4.8298,2.2982,0.014353,0.84124,0.1044,53.549,44.097,63.265,54.123,25.986,62.586,22.258,39.964,34.306,46.341,49.787,41.545,17.761
322,0.26429,3662.1,4496.5,9.3294,26.59,42.247,2699.6,75.279,120.39,0.33465,80.051,51.453,2627.7,25.916,51.195,3096.3,23.118,66.107,238.45,341.33,94.661,77.05,32.835,8.9243,26.055,7.0035,18.805,1.6589,33.181,13.963,23.589,1.105,18.69,2.3017,4.8298,2.2982,0.014353,0.84124,0.1044,53.549,44.097,63.544,53.99,26.298,61.304,21.99,39.966,42.375,49.3,49.781,41.14,17.771
323,0.19564,3685.3,4495.0,9.4472,26.78,42.253,2699.6,74.969,120.38,0.35364,80.252,51.08,2628.3,24.831,50.233,3094.8,23.391,66.101,238.68,341.29,94.649,77.665,32.222,8.8428,26.344,6.9912,18.884,1.6736,32.791,13.831,23.727,1.2324,18.282,2.2916,4.8338,2.2954,0.014353,0.84124,0.1044,53.549,44.097,62.024,54.081,19.424,60.573,22.394,41.609,41.279,47.074,49.716,41.269,17.067
324,0.19594,3626.2,4526.4,9.3109,27.12,42.338,2697.3,75.006,120.36,0.34957,80.288,49.02,2625.5,24.265,52.458,3095.1,22.564,66.149,237.42,340.83,94.78,77.555,32.222,8.8428,26.344,6.9912,18.884,1.6736,32.791,13.831,23.727,1.2324,18.282,2.2916,4.8338,2.2954,0.014353,0.84124,0.1044,53.549,44.097,63.042,53.704,19.394,59.963,21.796,42.107,35.217,52.222,49.781,40.536,19.027
325,0.25452,3657.5,4516.6,9.4412,26.473,42.074,2698.8,76.294,120.42,0.33953,80.397,50.206,2627.4,26.48,51.176,3096.3,22.974,66.193,239.62,340.4,94.694,77.428,32.03,8.9687,26.568,6.8242,18.528,1.6462,32.891,13.992,23.507,1.2905,18.774,2.3016,4.8488,2.2522,0.014353,0.84124,0.1044,53.549,44.097,62.502,53.616,24.602,60.888,21.804,39.892,38.707,49.256,49.534,41.115,18.049
326,0.25295,3624.3,4468.9,9.2369,27.089,42.266,2699.5,75.816,120.39,0.33414,80.39,51.049,2628.4,24.859,48.597,3096.1,23.353,66.242,238.38,340.47,94.758,77.319,32.03,8.9687,26.568,6.8242,18.528,1.6462,32.891,13.992,23.507,1.2905,18.774,2.3016,4.8488,2.2522,-0.002238,0.83039,0.10866,53.454,42.981,63.074,54.187,24.756,59.375,22.199,40.55,41.187,43.287,49.905,40.608,17.149
327,0.27225,3702.3,4534.1,9.253,26.861,42.501,2698.5,76.027,120.42,0.35588,80.291,49.678,2627.0,25.022,49.698,3096.8,22.485,66.218,239.42,340.75,94.605,77.175,32.095,8.9638,26.246,6.7148,18.429,1.6295,32.959,13.795,23.503,1.2975,19.226,2.2476,4.8935,2.2219,-0.002238,0.83039,0.10866,53.454,42.981,63.172,54.292,26.646,62.343,22.04,42.341,37.152,45.835,49.898,40.653,19.222
328,0.27068,3688.2,4553.5,9.1558,26.547,42.121,2697.3,75.206,120.39,0.35676,80.205,49.119,2625.1,24.238,50.328,3096.5,23.521,66.207,240.1,340.24,94.673,77.546,32.095,8.9638,26.246,6.7148,18.429,1.6295,32.959,13.795,23.503,1.2975,19.226,2.2476,4.8935,2.2219,-0.002238,0.83039,0.10866,53.454,42.981,63.415,54.06,26.799,62.311,21.613,42.234,35.506,47.292,49.925,40.845,16.744
329,0.26737,3724.6,4519.0,9.1755,27.088,42.415,2696.0,75.682,120.45,0.33145,80.199,50.376,2624.1,24.708,50.891,3095.9,22.639,66.209,239.57,340.25,94.514,77.136,32.53,8.9949,26.562,6.9383,19.284,1.6792,32.868,13.92,23.653,1.2951,18.931,2.2839,4.9481,2.3287,-0.002238,0.83039,0.10866,53.454,42.981,63.853,54.766,26.137,60.462,21.539,40.153,39.207,48.596,50.058,41.849,18.871
330,0.26581,3712.3,4529.9,9.2726,26.917,42.45,2695.0,76.091,120.41,0.33346,80.124,48.223,2623.4,25.459,47.578,3095.1,23.176,66.196,241.26,340.12,94.477,77.021,32.53,8.9949,26.562,6.9383,19.284,1.6792,32.868,13.92,23.653,1.2951,18.931,2.2839,4.9481,2.3287,-0.002238,0.83039,0.10866,53.454,42.981,64.066,54.635,26.291,61.952,21.62,39.908,32.87,40.929,49.995,41.282,17.615
331,0.22366,3648.0,4430.9,9.2366,26.726,42.185,2692.3,75.733,120.38,0.34869,80.162,49.599,2620.6,25.185,51.216,3091.4,22.451,66.168,239.06,339.82,94.603,77.278,32.509,8.821,26.174,6.8441,19.335,1.6525,32.595,13.989,23.37,1.3824,18.856,2.2227,4.9371,2.3418,0.019669,0.83196,0.080074,52.706,44.705,63.264,53.709,21.898,61.199,21.55,41.437,36.92,49.347,50.004,39.827,19.327
332,0.22416,3687.5,4461.1,9.23,27.033,41.945,2692.4,74.971,120.41,0.34522,80.316,50.89,2620.4,27.154,49.903,3090.3,22.405,66.165,237.68,339.99,94.71,77.585,32.509,8.821,26.174,6.8441,19.335,1.6525,32.595,13.989,23.37,1.3824,18.856,2.2227,4.9371,2.3418,0.019669,0.83196,0.080074,52.706,44.705,62.584,53.348,21.849,61.274,21.695,41.86,40.721,46.309,50.094,40.778,19.413
333,0.22084,3684.5,4439.7,9.3167,26.513,42.312,2690.8,75.626,120.39,0.35431,80.383,48.504,2619.4,24.53,50.018,3089.8,23.627,66.195,241.56,339.2,94.565,77.279,32.026,8.8634,25.997,6.8202,19.23,1.6348,32.809,14.063,23.717,1.2701,18.772,2.2654,4.8398,2.3482,0.019669,0.83196,0.080074,52.706,44.705,63.453,53.388,21.908,59.632,21.474,42.795,33.698,46.576,49.713,40.125,16.526
334,0.22471,3663.3,4484.6,9.2869,27.194,42.542,2690.2,75.119,120.41,0.35388,80.435,47.687,2618.6,25.743,51.436,3090.0,22.908,66.25,237.8,338.91,94.75,77.682,32.026,8.8634,25.997,6.8202,19.23,1.6348,32.809,14.063,23.717,1.2701,18.772,2.2654,4.8398,2.3482,0.019669,0.83196,0.080074,52.706,44.705,63.818,52.852,21.528,61.374,21.465,42.848,31.293,49.858,50.011,41.355,18.199
335,0.26683,3692.3,4448.5,9.3223,26.988,42.251,2691.0,74.833,120.4,0.36995,80.635,49.537,2619.2,22.456,49.729,3090.4,21.988,66.303,237.83,338.74,94.474,77.257,32.365,8.9423,25.97,6.9134,18.655,1.6809,32.708,14.025,23.267,1.0882,18.882,2.2502,4.9302,2.2961,0.019669,0.83196,0.080074,52.706,44.705,63.576,53.456,26.401,62.239,21.446,43.164,36.738,45.906,49.97,40.589,20.395
336,0.26805,3707.1,4469.0,9.3168,27.315,41.954,2689.1,74.344,120.39,0.35979,80.436,49.053,2616.7,25.088,49.333,3089.2,21.933,66.309,238.15,338.71,94.669,77.348,32.365,8.9423,25.97,6.9134,18.655,1.6809,32.708,14.025,23.267,1.0882,18.882,2.2502,4.9302,2.2961,0.021393,0.84029,0.082929,53.038,43.364,63.322,53.21,26.281,60.104,21.421,44.404,35.313,44.99,49.934,41.204,20.521
337,0.23539,3665.8,4483.4,9.4641,26.949,42.491,2688.5,75.398,120.38,0.36232,80.481,50.582,2617.2,25.469,50.311,3088.7,23.376,66.277,238.21,338.62,94.552,77.41,32.226,9.0034,26.483,7.1163,18.979,1.6629,32.627,13.713,23.377,1.2122,18.812,2.216,4.9402,2.4069,0.021393,0.84029,0.082929,53.038,43.364,63.229,54.42,23.033,61.11,21.445,43.415,39.813,47.253,49.904,41.066,17.092
338,0.23256,3684.3,4551.8,9.3588,26.659,42.555,2687.8,74.111,120.38,0.36363,80.478,50.461,2615.6,25.492,50.418,3088.2,22.545,66.301,236.86,338.5,94.791,77.547,32.226,9.0034,26.483,7.1163,18.979,1.6629,32.627,13.713,23.377,1.2122,18.812,2.216,4.9402,2.4069,0.021393,0.84029,0.082929,53.038,43.364,62.91,53.6,23.311,61.214,21.188,43.255,39.458,47.501,50.002,41.218,19.054
339,0.24632,3606.8,4509.1,9.3908,26.67,42.118,2690.1,74.487,120.38,0.32805,80.629,50.934,2618.7,24.263,48.759,3090.0,23.267,66.321,237.83,338.13,94.703,77.774,32.333,8.8915,26.2,6.8301,18.804,1.6365,32.734,13.906,23.613,1.2394,18.744,2.3188,4.9221,2.3141,0.021393,0.84029,0.082929,53.038,43.364,62.339,53.31,24.385,61.036,21.126,39.307,40.848,43.663,49.89,40.765,17.308
340,0.24617,3603.5,4485.6,9.3261,26.83,41.818,2692.3,75.707,120.36,0.32634,80.617,50.84,2620.6,25.24,51.845,3091.2,22.434,66.334,237.27,338.99,94.874,77.287,32.333,8.8915,26.2,6.8301,18.804,1.6365,32.734,13.906,23.613,1.2394,18.744,2.3188,4.9221,2.3141,0.021393,0.84029,0.082929,53.038,43.364,62.396,53.592,24.401,61.449,21.513,39.515,40.572,50.805,49.913,40.465,19.316
341,0.23563,3705.3,4487.6,9.48,27.135,42.435,2692.4,74.252,120.38,0.34888,80.551,49.444,2620.4,23.714,50.843,3092.1,22.316,66.32,240.02,339.01,94.693,77.555,32.046,8.9718,26.027,7.1759,19.066,1.6729,32.712,13.953,23.633,1.3704,18.418,2.2709,4.8202,2.3323,0.008822,0.83784,0.091256,53.537,43.625,63.068,53.978,23.206,61.965,21.608,41.907,36.462,48.484,49.858,40.764,19.578
342,0.2354,3690.6,4489.7,9.3711,26.459,42.358,2691.8,74.407,120.42,0.35064,80.497,51.503,2620.2,25.283,48.771,3091.5,22.558,66.317,240.08,338.77,94.567,77.248,32.046,8.9718,26.027,7.1759,19.066,1.6729,32.712,13.953,23.633,1.3704,18.418,2.2709,4.8202,2.3323,0.008822,0.83784,0.091256,53.537,43.625,63.321,53.952,23.228,60.903,21.067,41.692,42.524,43.691,49.921,41.642,19.024
343,0.26567,3611.8,4477.8,9.4388,26.976,42.436,2689.7,74.331,120.39,0.35452,80.228,49.998,2617.3,24.756,50.764,3090.1,23.848,66.261,240.16,338.75,94.994,77.39,32.109,8.9511,26.358,6.8739,18.823,1.6546,32.933,13.844,23.398,1.1955,19.081,2.2726,5.0185,2.3441,0.008822,0.83784,0.091256,53.537,43.625,61.53,53.427,25.712,62.198,21.535,42.645,38.093,48.302,49.987,40.433,15.973
344,0.26231,3608.0,4482.2,9.3995,26.91,41.938,2692.8,74.321,120.38,0.35446,80.374,49.572,2621.2,24.74,51.08,3092.6,23.396,66.224,239.67,338.63,94.801,77.544,32.109,8.9511,26.358,6.8739,18.823,1.6546,32.933,13.844,23.398,1.1955,19.081,2.2726,5.0185,2.3441,0.008822,0.83784,0.091256,53.537,43.625,61.595,53.373,26.042,61.647,21.476,42.653,36.841,49.033,50.105,41.306,17.037
345,0.2618,3670.2,4466.8,9.317,26.944,42.583,2697.6,74.04,120.4,0.34245,80.566,48.528,2625.4,23.385,49.825,3096.9,21.833,66.237,240.9,339.3,94.828,77.688,32.171,8.8197,25.979,7.1107,19.228,1.687,32.875,13.847,23.404,1.368,18.786,2.2664,4.9479,2.4077,0.008822,0.83784,0.091256,53.537,43.625,63.039,54.125,25.131,62.728,21.634,41.311,33.768,46.128,50.067,40.751,20.717
346,0.25889,3660.4,4506.4,9.3965,27.047,42.284,2697.6,75.014,120.44,0.34359,80.515,50.204,2625.0,26.075,50.851,3098.8,23.444,66.297,237.56,339.32,94.534,77.606,32.171,8.8197,25.979,7.1107,19.228,1.687,32.875,13.847,23.404,1.368,18.786,2.2664,4.9479,2.4077,0.018609,0.84834,0.087543,53.312,42.931,63.208,53.65,25.417,62.717,21.465,41.172,38.701,48.504,50.375,42.02,16.898
347,0.25396,3632.6,4426.0,9.3626,26.731,42.482,2698.5,75.371,120.38,0.34683,80.529,49.056,2626.3,25.107,51.208,3098.8,23.848,66.317,240.25,339.75,94.786,77.505,32.104,8.8892,25.865,6.8243,19.085,1.6346,32.556,13.912,24.138,1.2642,18.736,2.3287,4.9217,2.304,0.018609,0.84834,0.087543,53.312,42.931,61.506,53.579,24.805,63.079,21.422,40.905,35.321,49.331,50.178,40.322,15.928
348,0.25533,3618.9,4399.6,9.3482,27.008,42.175,2701.6,74.554,120.41,0.34288,80.705,49.967,2629.8,25.042,48.531,3100.2,23.619,66.322,238.42,340.21,94.726,77.838,32.104,8.8892,25.865,6.8243,19.085,1.6346,32.556,13.912,24.138,1.2642,18.736,2.3287,4.9217,2.304,0.018609,0.84834,0.087543,53.312,42.931,61.741,53.896,24.67,62.203,21.855,41.387,38.003,43.133,50.386,41.117,16.42
349,0.25887,3666.6,4435.5,9.3552,26.871,42.439,2701.1,75.469,120.41,0.3554,80.53,50.048,2629.3,24.19,49.04,3101.7,23.065,66.363,241.38,340.08,94.631,77.303,32.674,8.9818,26.214,6.7583,18.9,1.7069,32.23,13.959,23.738,1.1852,18.648,2.2559,4.8634,2.3901,0.018609,0.84834,0.087543,53.312,42.931,63.351,53.75,25.698,60.23,21.493,41.676,38.241,44.312,50.162,40.965,17.767
350,0.26013,3650.1,4479.9,9.5757,26.895,42.278,2700.5,74.077,120.4,0.35265,80.33,48.679,2628.1,24.765,48.843,3101.2,23.706,66.312,239.56,340.32,94.621,77.424,32.674,8.9818,26.214,6.7583,18.9,1.7069,32.23,13.959,23.738,1.1852,18.648,2.2559,4.8634,2.3901,0.018609,0.84834,0.087543,53.312,42.931,63.636,53.219,25.574,61.005,21.447,42.011,34.212,43.855,50.37,40.375,16.241
351,0.20307,3698.6,4459.6,9.501,26.669,42.413,2697.8,74.851,120.42,0.36092,80.121,51.601,2626.2,26.589,48.701,3097.6,22.722,66.266,241.18,340.53,94.617,76.813,32.126,8.964,26.056,6.7774,19.254,1.6404,32.498,13.974,23.49,1.3306,18.908,2.2573,4.9702,2.3137,0.033525,0.84472,0.074839,54.386,44.054,63.466,53.88,19.94,63.457,21.479,42.428,42.812,43.528,50.556,41.128,18.634
352,0.20254,3704.0,4497.9,9.4042,26.745,42.337,2697.3,75.148,120.4,0.35724,80.04,49.932,2625.4,25.662,48.585,3095.3,24.054,66.183,242.31,340.58,94.626,77.298,32.126,8.964,26.056,6.7774,19.254,1.6404,32.498,13.974,23.49,1.3306,18.908,2.2573,4.9702,2.3137,0.033525,0.84472,0.074839,54.386,44.054,63.374,53.423,19.992,60.67,21.695,42.876,37.899,43.259,50.63,40.784,15.46
353,0.25229,3695.6,4420.7,9.4044,26.946,42.197,2698.9,73.221,120.41,0.36016,80.171,51.591,2627.0,26.308,50.029,3098.0,22.767,66.143,243.3,340.57,94.494,77.443,32.059,8.9083,26.538,6.8886,18.724,1.6085,33.269,13.947,23.262,1.1135,18.377,2.3072,4.864,2.3322,0.033525,0.84472,0.074839,54.386,44.054,63.457,53.426,25.088,63.467,21.851,43.12,42.782,46.601,50.717,40.911,18.506
354,0.25601,3705.6,4426.8,9.4691,27.252,42.306,2701.8,74.38,120.41,0.36159,80.467,48.56,2630.4,24.019,50.955,3100.4,23.544,66.196,243.89,340.47,94.482,78.01,32.059,8.9083,26.538,6.8886,18.724,1.6085,33.269,13.947,23.262,1.1135,18.377,2.3072,4.864,2.3322,0.033525,0.84472,0.074839,54.386,44.054,63.285,53.353,24.722,61.211,22.189,42.945,33.863,48.744,50.834,41.717,16.605
355,0.26182,3635.7,4473.1,9.4033,26.535,42.473,2703.4,74.732,120.41,0.35794,80.533,48.271,2632.1,24.877,51.453,3103.5,22.263,66.279,243.38,340.73,94.399,77.761,32.497,8.943,26.656,6.9702,18.562,1.6734,33.034,13.7,23.962,1.2556,18.677,2.2588,4.9496,2.2953,0.033525,0.84472,0.074839,54.386,44.054,63.559,54.065,25.614,62.53,21.609,42.869,33.013,49.897,51.045,41.482,19.64
356,0.25937,3698.7,4455.8,9.4006,26.885,42.047,2705.9,74.341,120.4,0.36102,80.521,50.347,2634.6,24.696,49.485,3104.3,21.653,66.358,242.49,341.06,94.541,77.528,32.497,8.943,26.656,6.9702,18.562,1.6734,33.034,13.7,23.962,1.2556,18.677,2.2588,4.9496,2.2953,0.013329,0.83644,0.092283,54.433,44.343,62.474,54.272,25.855,64.066,21.916,42.493,39.121,45.341,51.214,41.463,21.085
357,0.21783,3627.4,4524.5,9.4821,27.188,42.332,2705.4,74.669,120.39,0.3322,80.37,49.651,2633.9,23.795,50.562,3103.2,21.739,66.378,242.54,341.78,94.423,77.597,32.284,8.7162,26.116,6.8241,18.645,1.6161,32.994,13.889,23.976,1.4494,18.644,2.238,4.8906,2.2912,0.013329,0.83644,0.092283,54.433,44.343,62.941,53.871,21.425,63.088,22.463,39.417,37.072,47.834,51.341,41.268,20.877
358,0.21765,3636.2,4505.4,9.464,26.793,42.288,2706.0,75.834,120.4,0.3354,80.267,50.197,2635.0,24.603,50.289,3104.8,22.08,66.332,244.49,341.69,94.671,77.401,32.284,8.7162,26.116,6.8241,18.645,1.6161,32.994,13.889,23.976,1.4494,18.644,2.238,4.8906,2.2912,0.013329,0.83644,0.092283,54.433,44.343,62.79,54.098,21.443,63.111,22.126,39.027,38.68,47.202,51.301,40.934,20.084
359,0.23469,3700.8,4540.0,9.4019,26.86,42.816,2706.4,74.755,120.39,0.35377,80.069,49.599,2635.0,25.635,49.329,3103.9,22.709,66.31,245.74,341.9,94.489,77.441,32.181,8.7842,26.51,6.871,18.49,1.6846,32.694,13.595,24.076,1.3461,18.187,2.2552,4.9342,2.3259,0.013329,0.83644,0.092283,54.433,44.343,62.945,53.508,23.408,62.573,22.252,41.803,36.921,44.981,51.326,40.931,18.598
360,0.23478,3672.1,4489.3,9.452,27.368,42.36,2708.1,74.503,120.4,0.35124,80.108,51.256,2636.3,24.415,47.687,3105.6,23.298,66.279,245.74,341.79,94.532,77.35,32.181,8.7842,26.51,6.871,18.49,1.6846,32.694,13.595,24.076,1.3461,18.187,2.2552,4.9342,2.3259,0.013329,0.83644,0.092283,54.433,44.343,63.439,54.116,23.399,62.219,22.397,42.113,41.798,41.181,51.464,41.648,17.205
361,0.24588,3662.0,4533.6,9.392,27.12,42.649,2711.4,74.084,120.41,0.31771,80.206,48.647,2640.0,24.516,48.638,3107.2,21.628,66.27,245.14,342.09,94.471,77.56,32.273,8.982,26.658,6.6855,18.349,1.6838,32.953,13.73,23.99,1.2087,18.076,2.2669,4.9098,2.325,0.024255,0.8186,0.10771,53.41,44.515,63.234,54.001,24.178,62.913,22.524,38.196,34.119,43.383,51.452,41.622,21.155
362,0.24496,3647.7,4502.5,9.3873,27.025,42.512,2711.7,74.947,120.38,0.32038,80.078,51.513,2640.1,25.582,48.065,3108.6,23.093,66.252,246.1,342.42,94.485,77.622,32.273,8.982,26.658,6.6855,18.349,1.6838,32.953,13.73,23.99,1.2087,18.076,2.2669,4.9098,2.325,0.024255,0.8186,0.10771,53.41,44.515,63.481,54.373,24.268,61.881,22.235,37.871,42.552,42.056,51.414,42.23,17.679
363,0.23553,3743.1,4538.1,9.5267,26.951,42.408,2715.3,74.557,120.44,0.33453,80.447,48.741,2644.7,25.19,51.586,3112.4,22.225,66.302,244.3,342.4,94.296,77.857,32.186,8.836,26.197,6.9556,18.785,1.6644,33.215,13.715,23.974,1.2412,18.439,2.2629,4.8453,2.2621,0.024255,0.8186,0.10771,53.41,44.515,63.563,54.354,23.368,62.739,22.539,39.524,34.396,50.204,51.621,42.149,19.695
364,0.23758,3690.3,4546.1,9.4109,27.026,42.381,2713.4,74.849,120.42,0.33657,80.272,47.873,2642.4,24.068,49.678,3113.2,22.136,66.36,244.64,342.17,94.229,77.053,32.186,8.836,26.197,6.9556,18.785,1.6644,33.215,13.715,23.974,1.2412,18.439,2.2629,4.8453,2.2621,0.024255,0.8186,0.10771,53.41,44.515,64.473,54.259,23.166,61.909,22.149,39.275,31.84,45.79,51.632,41.764,19.946
365,0.24454,3676.8,4513.1,9.3454,26.695,42.549,2711.1,75.262,120.39,0.33187,79.885,48.65,2640.0,26.415,51.726,3108.0,23.232,66.299,247.75,342.1,94.459,76.802,32.128,8.9964,26.17,6.842,18.659,1.6091,32.855,13.722,23.967,1.363,18.4,2.2623,4.7901,2.2429,0.024255,0.8186,0.10771,53.41,44.515,62.392,53.616,24.04,61.258,22.438,39.309,34.128,50.528,51.402,41.792,17.393
366,0.24379,3676.1,4516.3,9.3315,27.018,42.433,2710.6,75.025,120.39,0.33241,79.775,49.635,2639.4,25.265,48.537,3105.6,23.172,66.195,246.18,342.67,94.534,77.086,32.128,8.9964,26.17,6.842,18.659,1.6091,32.855,13.722,23.967,1.363,18.4,2.2623,4.7901,2.2429,0.021743,0.82049,0.087418,54.591,43.818,62.406,53.579,24.114,62.845,22.654,39.243,37.025,43.148,51.125,40.838,17.542
367,0.25063,3690.6,4529.6,9.2968,27.092,42.056,2712.2,75.118,120.38,0.33236,79.869,50.128,2641.1,23.649,51.129,3107.6,23.017,66.147,247.12,342.81,94.606,77.468,31.916,8.7473,26.978,7.0335,18.857,1.6555,32.946,13.788,24.277,1.2275,17.981,2.2649,4.8322,2.2809,0.021743,0.82049,0.087418,54.591,43.818,63.138,53.738,24.615,62.595,22.81,39.286,38.475,49.147,50.892,41.446,17.887
368,0.24946,3683.5,4503.6,9.4655,26.815,42.615,2714.0,74.987,120.42,0.33284,80.083,47.553,2643.2,25.738,49.104,3109.5,21.884,66.175,246.39,342.73,94.402,77.516,31.916,8.7473,26.978,7.0335,18.857,1.6555,32.946,13.788,24.277,1.2275,17.981,2.2649,4.8322,2.2809,0.021743,0.82049,0.087418,54.591,43.818,63.259,54.049,24.73,62.393,22.88,39.228,30.898,44.461,50.803,41.215,20.563
369,0.27086,3663.5,4495.7,9.3209,26.69,42.451,2713.0,74.401,120.36,0.34264,79.909,50.325,2641.5,25.447,48.91,3108.9,23.96,66.204,242.45,343.08,94.726,77.23,32.381,8.7758,26.614,6.8036,18.319,1.6081,32.961,13.722,24.724,1.1502,18.288,2.2432,4.7553,2.1952,0.021743,0.82049,0.087418,54.591,43.818,61.87,53.662,27.005,62.204,22.467,39.675,39.056,44.012,51.0,40.818,15.66
370,0.2738,3640.0,4467.2,9.4633,27.101,42.298,2716.3,74.653,120.4,0.33856,80.153,49.982,2645.5,26.213,49.609,3110.6,21.63,66.181,243.79,343.38,94.448,77.623,32.381,8.7758,26.614,6.8036,18.319,1.6081,32.961,13.722,24.724,1.1502,18.288,2.2432,4.7553,2.1952,0.021743,0.82049,0.087418,54.591,43.818,62.275,54.003,26.715,59.289,22.958,40.172,38.047,45.629,50.727,41.666,21.151
371,0.22862,3688.7,4601.4,9.4045,27.226,42.033,2715.5,74.11,120.39,0.337,79.966,48.588,2645.4,24.884,49.831,3111.6,22.67,66.181,245.37,343.76,94.681,77.067,32.495,8.8905,26.292,6.804,18.066,1.6349,33.063,13.873,24.006,1.2846,18.332,2.2998,4.8637,2.3968,0.02093,0.8022,0.09555,53.993,43.887,63.419,53.748,22.38,62.237,23.07,38.496,33.945,46.142,50.45,41.302,18.721
372,0.22666,3695.0,4537.5,9.4544,27.146,42.15,2713.2,75.143,120.42,0.33374,79.712,49.206,2642.8,24.305,49.513,3110.1,23.321,66.12,243.74,343.48,94.394,77.42,32.495,8.8905,26.292,6.804,18.066,1.6349,33.063,13.873,24.006,1.2846,18.332,2.2998,4.8637,2.3968,0.02093,0.8022,0.09555,53.993,43.887,63.311,54.512,22.573,60.808,22.858,38.894,35.764,45.406,50.456,41.661,17.179
373,0.21546,3704.5,4559.0,9.4204,27.158,42.193,2714.3,74.787,120.41,0.35026,79.847,50.353,2643.8,24.633,51.101,3108.9,22.132,66.093,239.38,343.37,94.597,77.165,32.103,8.6585,26.574,6.897,18.761,1.6653,33.155,13.606,24.123,1.2117,18.515,2.2933,4.8254,2.2403,0.02093,0.8022,0.09555,53.993,43.887,63.218,54.975,21.008,61.677,23.255,40.892,39.139,49.082,50.705,41.024,20.019
374,0.21404,3710.9,4586.1,9.2654,27.095,42.262,2713.7,75.114,120.41,0.35182,79.869,50.731,2643.0,24.21,51.748,3110.1,22.813,66.047,243.69,342.96,94.393,77.334,32.103,8.6585,26.574,6.897,18.761,1.6653,33.155,13.606,24.123,1.2117,18.515,2.2933,4.8254,2.2403,0.02093,0.8022,0.09555,53.993,43.887,63.107,54.65,21.148,62.461,22.634,40.701,40.25,50.579,50.181,41.723,18.388
375,0.25085,3671.7,4497.7,9.1921,27.019,41.914,2715.4,74.747,120.41,0.3146,80.07,47.244,2644.7,25.429,48.9,3109.1,22.428,66.07,242.2,343.6,94.505,77.161,32.09,8.6747,26.55,7.032,18.851,1.6533,33.022,13.826,23.965,1.3095,18.381,2.2262,4.8403,2.3035,0.02093,0.8022,0.09555,53.993,43.887,62.996,54.065,24.756,62.495,22.994,37.965,29.988,43.989,50.172,41.226,19.308
376,0.2509,3663.5,4491.7,9.4423,26.569,42.29,2713.8,75.911,120.39,0.31574,79.904,49.261,2642.1,27.02,50.826,3109.4,22.545,66.079,239.29,342.63,94.592,77.069,32.09,8.6747,26.55,7.032,18.851,1.6533,33.022,13.826,23.965,1.3095,18.381,2.2262,4.8403,2.3035,-0.00030003,0.82418,0.094858,53.336,43.422,63.136,54.136,24.75,61.644,22.398,37.826,35.925,48.446,49.778,41.029,19.041
377,0.25426,3649.3,4515.6,9.4442,26.576,42.638,2712.7,75.536,120.39,0.33775,79.847,49.212,2641.5,25.09,50.158,3108.5,23.423,66.034,239.51,342.99,94.55,77.383,32.062,8.7164,26.377,6.8074,18.766,1.5998,32.744,13.766,24.439,1.0912,18.302,2.251,4.8608,2.3363,-0.00030003,0.82418,0.094858,53.336,43.422,62.12,53.624,24.862,60.74,22.419,40.884,35.78,46.9,49.398,41.492,16.944
378,0.24984,3609.8,4529.9,9.4006,26.773,42.352,2714.1,75.367,120.39,0.34412,80.005,49.394,2643.2,25.366,49.575,3108.2,23.17,66.005,237.84,343.16,94.732,77.35,32.062,8.7164,26.377,6.8074,18.766,1.5998,32.744,13.766,24.439,1.0912,18.302,2.251,4.8608,2.3363,-0.00030003,0.82418,0.094858,53.336,43.422,62.799,53.453,25.297,59.595,22.958,40.106,36.317,45.551,49.187,41.088,17.542
379,0.25522,3681.1,4483.7,9.3275,26.662,42.516,2712.3,74.725,120.41,0.33576,79.874,49.849,2641.1,24.349,47.86,3108.6,22.408,65.967,237.79,343.03,94.564,77.124,32.456,8.8734,26.615,6.9163,18.571,1.6503,33.008,13.839,24.126,1.3073,18.311,2.2373,4.7923,2.2099,-0.00030003,0.82418,0.094858,53.336,43.422,63.506,54.209,25.511,60.709,22.507,39.491,37.657,41.58,48.833,41.714,19.377
380,0.25713,3699.3,4532.1,9.2583,26.986,42.809,2711.4,74.422,120.38,0.33575,79.807,49.346,2640.3,25.702,49.863,3107.8,23.697,65.876,234.63,342.49,94.592,77.339,32.456,8.8734,26.615,6.9163,18.571,1.6503,33.008,13.839,24.126,1.3073,18.311,2.2373,4.7923,2.2099,-0.00030003,0.82418,0.094858,53.336,43.422,63.193,53.63,25.324,61.199,22.549,39.491,36.176,46.217,48.761,40.342,16.318
381,0.21827,3658.0,4510.4,9.2094,26.877,41.997,2709.0,75.313,120.42,0.34302,79.772,49.696,2638.0,25.517,51.216,3106.2,23.832,65.88,236.33,342.78,94.612,77.211,32.248,8.7846,26.83,6.9151,18.915,1.6006,33.015,13.88,24.317,1.1916,18.542,2.2442,4.816,2.2645,0.018177,0.82851,0.097671,54.744,44.2,62.969,54.387,21.512,60.635,22.351,40.509,37.206,49.347,48.777,41.598,16.011
382,0.21704,3653.9,4556.6,9.2869,27.255,42.33,2709.5,75.447,120.37,0.34072,79.813,49.115,2638.2,25.535,49.26,3104.8,22.11,65.819,236.71,342.71,94.652,76.863,32.248,8.7846,26.83,6.9151,18.915,1.6006,33.015,13.88,24.317,1.1916,18.542,2.2442,4.816,2.2645,0.018177,0.82851,0.097671,54.744,44.2,63.039,53.833,21.633,60.524,22.805,40.789,35.495,44.821,48.618,40.045,20.132
383,0.2352,3682.8,4497.3,9.2112,26.762,42.212,2708.8,75.292,120.41,0.34791,79.795,49.936,2637.2,26.216,52.066,3104.7,23.232,65.784,236.94,342.49,94.66,77.544,31.984,9.0256,26.85,6.8827,18.815,1.6246,32.77,13.729,24.011,1.3574,18.157,2.2672,4.853,2.3537,0.018177,0.82851,0.097671,54.744,44.2,62.52,53.703,23.462,61.875,22.264,41.071,37.913,51.315,48.473,41.511,17.432
384,0.23529,3674.7,4497.7,9.4434,26.762,42.179,2712.2,75.19,120.42,0.34615,80.16,50.422,2641.9,24.301,49.01,3106.6,23.667,65.837,237.13,342.74,94.631,77.816,31.984,9.0256,26.85,6.8827,18.815,1.6246,32.77,13.729,24.011,1.3574,18.157,2.2672,4.853,2.3537,0.018177,0.82851,0.097671,54.744,44.2,62.659,53.699,23.452,61.897,22.841,41.286,39.341,44.242,48.331,40.87,16.359
385,0.26442,3658.3,4507.9,9.3247,27.318,42.672,2712.7,75.382,120.41,0.33,80.249,51.541,2641.5,25.247,50.54,3110.0,23.402,65.921,234.04,342.22,94.512,77.327,32.265,8.9608,26.577,7.0536,18.952,1.6324,32.853,13.845,24.221,1.2325,18.702,2.254,4.8574,2.2028,0.018177,0.82851,0.097671,54.744,44.2,63.209,53.808,25.771,60.579,22.544,39.197,42.635,47.785,48.472,41.073,17.0
386,0.26067,3671.6,4538.7,9.4489,26.752,42.72,2713.5,75.532,120.41,0.32814,80.247,51.521,2642.5,23.837,49.454,3109.3,22.403,65.953,232.52,342.46,94.634,77.664,32.265,8.9608,26.577,7.0536,18.952,1.6324,32.853,13.845,24.221,1.2325,18.702,2.254,4.8574,2.2028,0.031538,0.82537,0.089098,53.971,43.059,62.981,53.44,26.139,59.135,22.651,39.423,42.576,45.271,48.57,41.231,19.333
387,0.23767,3600.6,4512.5,9.3139,26.515,42.125,2711.9,75.39,120.4,0.34411,80.063,49.962,2641.1,25.821,49.583,3106.7,22.333,65.931,231.55,342.43,94.631,77.023,32.315,8.8551,26.767,7.0224,18.476,1.7147,32.927,13.727,23.975,1.235,18.483,2.2857,4.8449,2.2802,0.031538,0.82537,0.089098,53.971,43.059,62.622,53.397,23.177,61.154,22.692,40.517,37.987,45.569,48.565,41.263,19.549
388,0.23612,3635.7,4479.2,9.3152,27.009,42.253,2709.8,75.746,120.38,0.34384,79.816,48.732,2638.5,24.062,50.388,3103.7,22.41,65.886,233.9,343.15,94.801,76.924,32.315,8.8551,26.767,7.0224,18.476,1.7147,32.927,13.727,23.975,1.235,18.483,2.2857,4.8449,2.2802,0.031538,0.82537,0.089098,53.971,43.059,62.017,53.796,23.329,60.763,22.892,40.55,34.368,47.433,48.271,40.059,19.396
389,0.2336,3641.4,4508.4,9.2873,26.926,42.437,2709.8,75.222,120.38,0.32905,79.748,49.28,2638.4,25.009,48.481,3104.7,23.071,65.802,234.75,342.85,94.814,77.203,32.243,8.8573,26.237,6.9246,18.64,1.6723,33.204,13.662,24.175,1.29,18.282,2.2492,4.8424,2.2605,0.031538,0.82537,0.089098,53.971,43.059,62.046,54.626,22.417,58.129,22.523,39.147,35.981,43.018,48.113,40.449,17.825
390,0.22879,3611.3,4567.2,9.4166,27.057,41.974,2711.3,74.276,120.4,0.32837,79.741,49.973,2639.6,25.495,48.012,3106.3,22.165,65.717,234.61,342.86,94.838,76.936,32.243,8.8573,26.237,6.9246,18.64,1.6723,33.204,13.662,24.175,1.29,18.282,2.2492,4.8424,2.2605,0.031538,0.82537,0.089098,53.971,43.059,62.564,53.923,22.89,61.201,22.538,39.23,38.02,41.933,48.046,40.989,20.01
391,0.23426,3640.1,4582.1,9.445,26.956,42.292,2712.2,75.053,120.41,0.32133,79.698,50.993,2640.7,25.436,49.472,3107.8,23.055,65.669,234.62,342.91,94.8,77.514,32.08,8.7242,26.409,6.8119,18.814,1.6903,32.996,13.759,24.464,1.2352,18.413,2.2107,4.8017,2.2473,0.0080573,0.82729,0.1078,54.27,42.933,62.84,53.377,23.542,60.336,22.729,38.159,41.023,45.312,47.873,40.676,17.876
392,0.2369,3640.1,4520.1,9.326,27.08,41.902,2716.6,74.85,120.41,0.32124,80.168,48.886,2646.9,25.842,51.044,3110.8,23.031,65.738,234.48,342.99,94.493,77.623,32.08,8.7242,26.409,6.8119,18.814,1.6903,32.996,13.759,24.464,1.2352,18.413,2.2107,4.8017,2.2473,0.0080573,0.82729,0.1078,54.27,42.933,62.84,54.12,23.283,61.128,23.037,38.17,34.823,48.949,47.763,41.337,17.89
393,0.25162,3689.7,4517.4,9.3577,27.137,42.487,2716.1,75.824,120.41,0.3321,80.113,48.844,2645.1,26.823,49.285,3111.5,22.44,65.778,230.65,342.55,94.676,77.296,32.021,8.7541,26.522,6.6418,19.09,1.6595,32.867,13.868,24.427,1.2717,18.264,2.291,4.9629,2.2769,0.0080573,0.82729,0.1078,54.27,42.933,62.988,53.732,24.986,61.311,23.04,39.27,34.699,44.879,47.977,41.062,19.305
394,0.25373,3673.5,4530.6,9.4221,26.699,42.726,2714.6,75.191,120.41,0.33834,79.915,50.845,2643.3,24.32,50.062,3110.3,23.38,65.775,231.65,342.92,94.478,77.084,32.021,8.7541,26.522,6.6418,19.09,1.6595,32.867,13.868,24.427,1.2717,18.264,2.291,4.9629,2.2769,0.0080573,0.82729,0.1078,54.27,42.933,63.266,53.574,24.779,60.92,22.511,38.508,40.588,46.678,47.763,40.985,17.091
395,0.26075,3757.7,4497.7,9.2406,27.261,42.471,2712.3,74.739,120.41,0.34062,79.748,50.784,2641.1,25.007,49.412,3108.0,22.888,65.738,231.91,342.42,94.612,77.057,31.848,8.7619,26.596,6.8447,18.656,1.6719,33.275,13.798,24.553,1.1597,17.802,2.2815,4.8768,2.3378,0.0080573,0.82729,0.1078,54.27,42.933,63.457,53.264,25.498,60.884,22.614,41.124,40.406,45.173,47.618,42.239,18.283
396,0.26069,3742.4,4477.7,9.3103,27.011,42.219,2708.3,75.366,120.41,0.34784,79.641,49.399,2636.8,25.282,51.253,3104.7,22.462,65.656,231.05,342.02,94.349,76.684,31.848,8.7619,26.596,6.8447,18.656,1.6719,33.275,13.798,24.553,1.1597,17.802,2.2815,4.8768,2.3378,0.01465,0.82768,0.11864,53.001,44.368,63.719,53.503,25.503,62.511,22.34,40.243,36.333,49.434,47.609,41.068,19.335
397,0.27855,3701.0,4480.8,9.2877,27.107,41.949,2709.0,75.054,120.39,0.33587,79.712,50.123,2637.7,24.484,49.719,3103.5,21.793,65.583,229.99,342.41,94.617,77.19,32.064,8.8151,26.624,6.8855,18.756,1.6618,32.807,13.696,24.518,1.3416,17.932,2.2947,4.7498,2.1817,0.01465,0.82768,0.11864,53.001,44.368,62.784,54.514,27.547,60.923,22.768,39.857,38.461,45.884,47.603,41.844,20.902
398,0.27829,3678.7,4489.1,9.3745,26.537,42.58,2710.2,75.27,120.39,0.3345,79.834,50.279,2638.2,26.544,50.591,3104.7,23.563,65.579,230.9,342.32,94.492,77.261,32.064,8.8151,26.624,6.8855,18.756,1.6618,32.807,13.696,24.518,1.3416,17.932,2.2947,4.7498,2.1817,0.01465,0.82768,0.11864,53.001,44.368,63.167,54.414,27.573,59.041,22.506,40.023,38.92,47.902,47.418,40.772,16.702
399,0.25939,3640.7,4509.2,9.3637,27.152,42.097,2711.8,74.637,120.43,0.32729,80.086,49.777,2641.4,24.835,48.168,3105.6,23.161,65.594,231.85,342.83,94.561,77.913,31.926,9.0658,26.888,6.9472,18.778,1.5916,32.617,13.783,24.199,1.3444,18.548,2.2654,4.7883,2.2929,0.01465,0.82768,0.11864,53.001,44.368,63.479,53.941,25.792,63.449,23.16,38.068,37.445,42.294,47.229,41.773,17.602
400,0.25861,3631.6,4500.1,9.3181,26.789,42.484,2712.4,75.124,120.36,0.32397,80.214,50.347,2642.4,22.765,48.146,3107.5,22.259,65.693,228.73,342.76,94.536,77.273,31.926,9.0658,26.888,6.9472,18.778,1.5916,32.617,13.783,24.199,1.3444,18.548,2.2654,4.7883,2.2929,0.01465,0.82768,0.11864,53.001,44.368,63.635,54.05,25.868,60.502,22.904,38.474,39.121,42.244,47.396,40.473,19.762
401,0.27307,3634.8,4521.7,9.356,26.774,42.178,2710.2,75.4,120.4,0.33887,79.933,50.065,2639.3,24.776,49.903,3106.3,23.278,65.701,229.56,342.54,94.572,77.209,32.235,8.7597,26.482,6.8702,18.486,1.6375,32.994,13.805,24.12,1.3318,18.475,2.2559,4.7786,2.1975,0.022232,0.82539,0.097597,53.821,43.373,63.007,53.738,27.481,62.061,22.481,38.845,38.293,46.31,47.208,41.468,17.355
402,0.27728,3649.5,4514.8,9.2725,27.1,42.409,2711.5,75.268,120.4,0.33365,79.992,50.386,2640.4,26.147,50.164,3106.4,24.18,65.714,227.83,342.7,94.606,77.282,32.235,8.7597,26.482,6.8702,18.486,1.6375,32.994,13.805,24.12,1.3318,18.475,2.2559,4.7786,2.1975,0.022232,0.82539,0.097597,53.821,43.373,62.754,53.82,27.068,63.815,22.708,39.481,39.236,46.913,47.252,41.262,15.204
403,0.24611,3702.0,4552.0,9.4275,27.113,42.488,2713.2,75.176,120.41,0.3354,80.136,49.822,2642.0,26.259,48.209,3106.4,23.645,65.721,229.07,342.94,94.719,77.711,32.091,8.7122,26.89,6.9286,18.582,1.6495,32.524,13.823,24.359,1.3378,18.029,2.2573,4.8265,2.3,0.022232,0.82539,0.097597,53.821,43.373,62.5,54.115,24.462,58.557,22.972,39.826,37.577,42.39,47.031,41.48,16.426
404,0.24832,3646.4,4523.1,9.1762,26.814,42.159,2711.5,75.158,120.4,0.33556,80.194,49.416,2640.3,24.942,50.027,3107.8,22.681,65.749,226.75,342.07,94.461,77.036,32.091,8.7122,26.89,6.9286,18.582,1.6495,32.524,13.823,24.359,1.3378,18.029,2.2573,4.8265,2.3,0.022232,0.82539,0.097597,53.821,43.373,63.458,54.461,24.244,61.589,22.656,39.807,36.38,46.595,47.123,41.271,18.744
405,0.25986,3664.4,4497.1,9.3022,26.967,42.151,2706.9,74.698,120.4,0.33817,79.655,50.467,2634.4,24.384,49.599,3104.4,23.183,65.686,228.26,341.87,94.662,76.803,32.272,8.9651,26.394,6.7051,18.188,1.694,32.856,13.754,23.908,1.1829,18.85,2.2346,4.8082,2.2811,0.022232,0.82539,0.097597,53.821,43.373,62.618,54.579,25.898,61.238,21.941,39.964,39.474,45.606,46.881,41.379,17.605
406,0.26036,3667.3,4530.8,9.3714,27.103,42.363,2707.5,75.905,120.39,0.33972,79.715,49.75,2636.6,25.759,50.12,3102.8,21.653,65.577,228.91,343.02,94.846,77.234,32.272,8.9651,26.394,6.7051,18.188,1.694,32.856,13.754,23.908,1.1829,18.85,2.2346,4.8082,2.2811,0.0038145,0.84969,0.094882,53.706,43.64,62.57,54.176,25.849,60.77,22.751,39.774,37.364,46.811,46.649,40.84,21.228
407,0.24283,3725.9,4555.9,9.4359,26.723,42.35,2709.9,75.51,120.41,0.32945,79.957,50.326,2639.3,24.534,49.85,3105.0,22.427,65.537,227.12,342.58,94.39,77.469,32.376,9.0379,27.033,6.8275,18.886,1.6885,33.004,13.866,24.338,1.3359,18.438,2.2418,4.8506,2.3416,0.0038145,0.84969,0.094882,53.706,43.64,63.582,54.907,24.153,60.095,22.803,39.128,39.061,46.187,46.673,41.459,19.37
408,0.24292,3724.4,4575.6,9.2821,26.674,42.145,2709.4,76.4,120.4,0.3278,79.981,49.658,2638.7,25.358,50.137,3104.7,22.596,65.577,225.69,341.88,94.545,77.071,32.376,9.0379,27.033,6.8275,18.886,1.6885,33.004,13.866,24.338,1.3359,18.438,2.2418,4.8506,2.3416,0.0038145,0.84969,0.094882,53.706,43.64,63.609,54.672,24.144,60.792,22.488,39.33,37.094,46.851,46.663,41.475,18.995
409,0.23158,3691.7,4481.4,9.2855,26.722,42.282,2706.1,74.466,120.41,0.34397,79.99,49.306,2634.6,24.47,49.444,3102.5,22.236,65.549,226.37,341.69,94.453,77.287,31.989,8.7636,26.362,6.7918,18.539,1.6515,32.906,13.668,23.975,1.2873,18.228,2.2746,4.8148,2.2776,0.0038145,0.84969,0.094882,53.706,43.64,63.207,54.126,22.996,62.797,22.323,40.324,36.058,45.246,46.466,41.575,19.834
410,0.23186,3687.7,4501.5,9.2639,27.142,42.393,2705.2,74.815,120.4,0.34008,80.091,50.109,2634.3,25.627,49.725,3101.3,22.307,65.57,226.76,341.42,94.641,77.434,31.989,8.7636,26.362,6.7918,18.539,1.6515,32.906,13.668,23.975,1.2873,18.228,2.2746,4.8148,2.2776,0.0038145,0.84969,0.094882,53.706,43.64,63.276,53.885,22.969,61.156,22.398,40.798,38.421,45.897,46.293,41.037,19.648
411,0.27061,3682.6,4545.7,9.246,27.129,42.291,2703.8,75.21,120.39,0.32024,80.023,50.92,2632.1,25.2,49.279,3102.4,22.804,65.596,227.35,340.73,94.437,77.042,32.187,8.9432,26.186,6.7548,18.007,1.6393,32.806,13.821,24.347,1.2422,18.195,2.2825,4.81,2.3147,0.043835,0.83556,0.090981,53.873,43.337,63.745,54.218,26.531,60.898,21.832,37.837,40.807,44.864,46.728,41.297,18.503
412,0.27089,3697.9,4549.4,9.1789,27.126,42.45,2703.6,75.544,120.42,0.31933,80.025,50.691,2631.9,26.213,49.123,3101.3,23.485,65.589,228.15,340.91,94.593,77.291,32.187,8.9432,26.186,6.7548,18.007,1.6393,32.806,13.821,24.347,1.2422,18.195,2.2825,4.81,2.3147,0.043835,0.83556,0.090981,53.873,43.337,63.481,54.174,26.504,59.301,22.279,37.948,40.132,44.504,46.79,41.258,16.873
413,0.25167,3686.2,4581.7,9.3709,26.865,42.24,2703.2,75.779,120.41,0.33649,80.124,50.734,2632.0,25.744,49.507,3101.8,23.129,65.65,227.64,340.53,94.485,76.919,32.203,8.9964,26.677,6.8674,18.407,1.6894,32.92,13.683,23.915,1.3371,18.208,2.2617,4.8083,2.2174,0.043835,0.83556,0.090981,53.873,43.337,64.111,55.179,24.826,58.743,21.911,39.829,40.261,45.393,46.966,41.203,17.74
414,0.25197,3725.6,4584.5,9.2152,26.843,41.98,2698.4,75.775,120.42,0.33615,79.937,49.596,2627.5,24.918,50.918,3099.2,23.079,65.672,227.91,340.24,94.532,77.113,32.203,8.9964,26.677,6.8674,18.407,1.6894,32.92,13.683,23.915,1.3371,18.208,2.2617,4.8083,2.2174,0.043835,0.83556,0.090981,53.873,43.337,63.432,55.145,24.796,59.208,21.668,39.87,36.912,48.658,47.073,42.164,17.862
415,0.25093,3647.7,4540.9,9.2856,26.948,42.408,2700.7,74.205,120.4,0.32052,80.159,49.37,2629.4,25.4,49.552,3099.2,22.413,65.674,229.7,339.72,94.622,77.591,31.527,8.8553,26.553,7.054,19.204,1.6283,33.08,13.664,24.332,1.08,18.718,2.2247,4.8932,2.2742,0.043835,0.83556,0.090981,53.873,43.337,63.851,54.78,24.596,61.431,21.804,37.991,36.245,45.496,47.044,41.105,19.404
416,0.25019,3652.8,4520.0,9.3014,26.697,42.252,2699.7,75.345,120.4,0.31747,80.292,51.15,2628.7,24.963,51.605,3099.8,22.474,65.704,229.45,339.57,94.421,77.396,31.527,8.8553,26.553,7.054,19.204,1.6283,33.08,13.664,24.332,1.08,18.718,2.2247,4.8932,2.2742,0.01646,0.83473,0.1127,53.993,43.448,63.765,55.03,24.668,60.456,21.243,38.364,41.483,50.249,46.845,40.154,19.264
417,0.31827,3662.8,4469.4,9.1942,27.279,42.4,2698.6,75.501,120.37,0.31415,80.111,50.216,2627.0,27.128,50.001,3098.4,22.817,65.738,227.99,339.28,94.792,77.094,32.027,9.0114,26.1,6.9478,18.854,1.6696,32.853,13.881,23.863,1.2631,18.931,2.2603,4.8609,2.3267,0.01646,0.83473,0.1127,53.993,43.448,61.88,53.674,31.478,61.312,21.834,38.022,38.736,46.537,46.95,41.528,18.474
418,0.32025,3655.5,4531.0,9.2702,26.601,42.387,2700.5,75.992,120.38,0.31747,80.264,48.354,2629.8,24.331,48.297,3098.2,23.021,65.745,227.76,339.94,94.524,77.34,32.027,9.0114,26.1,6.9478,18.854,1.6696,32.853,13.881,23.863,1.2631,18.931,2.2603,4.8609,2.3267,0.01646,0.83473,0.1127,53.993,43.448,62.006,52.937,31.283,59.853,21.655,37.616,33.256,42.593,46.947,40.552,17.971
419,0.27557,3649.1,4505.0,9.264,26.704,42.022,2700.1,75.124,120.39,0.33716,80.303,50.874,2628.5,24.044,49.403,3098.2,23.007,65.758,228.59,339.93,94.88,77.366,32.556,8.8002,26.091,6.7741,18.59,1.6461,32.557,13.94,23.488,1.2084,18.84,2.2399,4.8546,2.4123,0.01646,0.83473,0.1127,53.993,43.448,62.937,54.066,27.01,59.238,21.868,40.968,40.673,45.152,46.848,40.319,18.0
420,0.27314,3631.6,4524.3,9.3862,27.086,42.215,2698.1,75.246,120.37,0.34004,80.169,50.269,2625.9,25.36,49.653,3095.5,22.32,65.772,227.16,339.97,94.587,76.986,32.556,8.8002,26.091,6.7741,18.59,1.6461,32.557,13.94,23.488,1.2084,18.84,2.2399,4.8546,2.4123,0.01646,0.83473,0.1127,53.993,43.448,63.238,53.834,27.249,59.229,21.802,40.617,38.892,45.731,46.951,40.513,19.662
421,0.2233,3678.0,4536.1,9.229,27.313,42.163,2696.6,75.873,120.4,0.34893,80.287,49.589,2626.7,26.102,47.847,3094.6,22.837,65.746,227.4,339.67,94.657,77.456,32.245,8.8623,26.138,6.8053,19.189,1.642,33.118,13.686,23.378,1.3986,19.426,2.2677,4.8763,2.3268,0.014561,0.85774,0.11331,53.349,44.159,63.983,54.35,21.88,62.173,22.245,41.225,36.892,41.551,46.882,40.275,18.4
422,0.22275,3686.2,4534.2,9.3258,26.906,41.578,2695.3,74.784,120.4,0.34468,80.34,51.019,2623.8,24.663,49.726,3093.3,22.953,65.78,227.13,339.19,94.571,76.776,32.245,8.8623,26.138,6.8053,19.189,1.642,33.118,13.686,23.378,1.3986,19.426,2.2677,4.8763,2.3268,0.014561,0.85774,0.11331,53.349,44.159,63.841,54.373,21.933,60.84,21.699,41.744,41.099,45.899,46.87,41.399,18.164
423,0.25093,3700.0,4486.6,9.2029,27.154,42.267,2690.9,74.956,120.42,0.31731,80.16,51.159,2618.5,26.352,50.215,3091.5,22.307,65.758,225.76,338.56,94.667,76.83,32.105,8.8117,26.53,6.9103,18.758,1.6477,33.198,13.952,23.522,1.3659,18.983,2.2853,4.8756,2.2565,0.014561,0.85774,0.11331,53.349,44.159,63.417,53.454,24.644,60.788,21.318,38.27,41.511,47.03,46.956,41.029,19.709
424,0.25118,3704.4,4429.8,9.0859,26.847,42.157,2689.4,75.194,120.42,0.31977,80.211,49.255,2617.1,23.164,50.977,3088.6,22.265,65.746,228.66,338.43,94.652,77.1,32.105,8.8117,26.53,6.9103,18.758,1.6477,33.198,13.952,23.522,1.3659,18.983,2.2853,4.8756,2.2565,0.014561,0.85774,0.11331,53.349,44.159,63.342,54.133,24.62,61.687,21.185,37.97,35.908,48.794,46.666,41.619,19.796
425,0.26432,3662.6,4500.1,9.3276,26.637,42.321,2687.9,76.066,120.41,0.34922,80.285,51.361,2615.7,25.946,50.441,3089.0,22.089,65.732,226.53,338.22,94.734,77.324,31.795,8.7006,26.294,6.9043,19.079,1.6801,32.49,13.907,23.574,1.2834,19.089,2.2873,4.8668,2.3196,0.014561,0.85774,0.11331,53.349,44.159,63.162,54.316,26.008,61.062,21.017,41.5,42.104,47.554,46.822,40.507,20.209
426,0.26403,3696.0,4494.6,9.2065,26.867,42.436,2687.9,75.597,120.4,0.3466,80.391,51.526,2615.7,25.949,50.272,3089.2,23.286,65.791,227.27,337.41,94.716,77.176,31.795,8.7006,26.294,6.9043,19.079,1.6801,32.49,13.907,23.574,1.2834,19.089,2.2873,4.8668,2.3196,0.019307,0.84986,0.10208,53.361,44.014,62.587,54.382,26.037,60.364,21.045,41.82,42.59,47.162,47.328,40.877,17.373
427,0.29742,3660.6,4492.5,9.1896,26.974,42.318,2687.4,74.817,120.41,0.34357,80.291,50.329,2614.4,25.718,48.69,3089.6,23.227,65.819,228.59,337.13,94.833,77.443,32.033,9.1305,25.868,6.8952,19.132,1.628,33.228,13.758,23.783,1.38,19.328,2.3459,4.8494,2.3334,0.019307,0.84986,0.10208,53.361,44.014,63.225,53.596,29.153,59.784,20.697,41.131,39.067,43.502,47.437,40.954,17.504
428,0.29544,3657.0,4519.3,9.314,26.994,42.332,2689.2,75.397,120.4,0.3435,80.552,48.624,2616.9,25.056,51.036,3090.0,23.261,65.869,229.29,337.79,94.607,77.628,32.033,9.1305,25.868,6.8952,19.132,1.628,33.228,13.758,23.783,1.38,19.328,2.3459,4.8494,2.3334,0.019307,0.84986,0.10208,53.361,44.014,63.288,53.276,29.346,60.711,20.982,41.14,34.049,48.931,47.599,40.626,17.393
429,0.27743,3662.7,4501.8,9.2769,26.907,41.844,2690.5,76.051,120.43,0.3299,80.693,48.475,2619.0,25.41,49.054,3090.9,23.925,65.955,230.32,338.24,94.748,77.244,31.767,9.0646,25.64,6.8342,19.009,1.6668,32.379,14.014,23.938,1.2693,18.765,2.3096,4.9539,2.3041,0.019307,0.84986,0.10208,53.361,44.014,63.253,53.3,27.15,60.329,21.395,38.841,33.612,44.346,47.727,41.918,15.826
430,0.2769,3689.0,4503.1,9.2782,27.004,42.385,2690.0,75.446,120.39,0.32388,80.788,50.885,2617.9,24.983,50.653,3090.8,21.464,66.024,231.26,337.95,94.533,77.644,31.767,9.0646,25.64,6.8342,19.009,1.6668,32.379,14.014,23.938,1.2693,18.765,2.3096,4.9539,2.3041,0.019307,0.84986,0.10208,53.361,44.014,62.799,53.284,27.203,59.364,21.247,39.576,40.705,48.045,47.86,40.296,21.621
431,0.30756,3708.0,4494.2,9.2467,27.116,42.274,2686.6,74.837,120.41,0.35812,80.499,49.442,2614.3,24.542,50.042,3089.1,23.273,66.071,231.05,337.56,94.699,77.1,31.785,8.9029,25.899,6.9116,18.801,1.6393,32.419,13.865,23.501,1.2626,19.283,2.2997,4.8815,2.352,0.011252,0.85881,0.091692,53.884,43.539,63.023,53.644,29.832,60.611,20.847,42.336,36.458,46.632,47.926,41.495,17.37
432,0.30284,3694.7,4500.8,9.1978,26.793,42.63,2685.7,74.728,120.4,0.35755,80.395,49.957,2613.6,25.924,49.613,3087.1,22.742,66.037,231.31,338.07,94.576,77.141,31.785,8.9029,25.899,6.9116,18.801,1.6393,32.419,13.865,23.501,1.2626,19.283,2.2997,4.8815,2.352,0.011252,0.85881,0.091692,53.884,43.539,63.253,53.564,30.296,60.477,20.8,42.405,37.973,45.639,48.048,41.367,18.64
433,0.30899,3673.4,4484.5,9.283,26.873,41.925,2685.9,75.088,120.4,0.34017,80.386,49.214,2614.2,26.018,49.507,3086.2,22.876,66.013,231.68,337.89,94.706,77.189,32.35,8.945,25.831,7.0016,18.541,1.6786,32.556,13.937,23.477,1.2767,19.063,2.3115,4.9999,2.3175,0.011252,0.85881,0.091692,53.884,43.539,62.948,54.248,30.19,60.69,21.253,40.716,35.786,45.392,48.164,40.852,18.331
434,0.30652,3691.0,4566.8,9.3148,26.65,42.007,2686.9,74.315,120.42,0.33675,80.458,49.479,2614.3,26.04,49.298,3087.7,22.847,65.987,231.21,338.45,94.54,77.226,32.35,8.945,25.831,7.0016,18.541,1.6786,32.556,13.937,23.477,1.2767,19.063,2.3115,4.9999,2.3175,0.011252,0.85881,0.091692,53.884,43.539,62.646,53.262,30.432,60.848,20.825,41.132,36.568,44.91,48.354,41.095,18.404
435,0.25199,3639.3,4550.2,9.2479,27.051,42.573,2685.1,73.977,120.38,0.34821,80.446,50.636,2613.3,26.314,47.97,3085.9,23.908,66.012,230.25,338.13,94.814,77.246,31.929,8.9163,25.946,7.0158,19.262,1.6703,32.776,13.813,23.935,1.1783,19.216,2.2924,4.9579,2.355,0.011252,0.85881,0.091692,53.884,43.539,62.677,54.116,25.297,61.042,21.167,41.773,39.971,41.837,48.585,40.13,15.883
436,0.25471,3624.5,4499.6,9.3061,26.636,42.126,2684.4,75.329,120.38,0.3515,80.398,49.671,2611.9,25.639,49.711,3085.6,23.375,66.009,232.0,338.14,94.801,77.386,31.929,8.9163,25.946,7.0158,19.262,1.6703,32.776,13.813,23.935,1.1783,19.216,2.2924,4.9579,2.355,0.0084249,0.85032,0.088036,53.329,43.876,62.931,54.721,25.029,60.943,21.004,41.372,37.132,45.865,48.839,41.067,17.152
437,0.29641,3599.1,4472.0,9.3667,26.826,42.608,2688.2,76.66,120.38,0.33008,80.684,50.478,2617.0,25.133,49.165,3087.4,22.903,66.055,233.11,338.4,94.584,77.652,32.151,8.9292,25.831,6.8163,19.278,1.7052,33.367,13.831,23.596,1.4288,18.956,2.2637,4.9462,2.3415,0.0084249,0.85032,0.088036,53.329,43.876,63.124,53.261,29.044,60.822,21.446,40.742,39.507,44.601,48.998,40.57,18.235
438,0.29611,3603.9,4425.7,9.2471,26.997,42.24,2689.9,75.137,120.42,0.33606,80.743,49.815,2617.9,23.986,49.755,3089.0,23.167,66.143,234.49,338.41,94.868,77.187,32.151,8.9292,25.831,6.8163,19.278,1.7052,33.367,13.831,23.596,1.4288,18.956,2.2637,4.9462,2.3415,0.0084249,0.85032,0.088036,53.329,43.876,63.041,53.815,29.074,61.348,21.321,40.012,37.556,45.968,49.126,40.884,17.623
439,0.27604,3672.0,4480.1,9.243,27.245,42.1,2688.9,75.233,120.4,0.33355,80.653,49.961,2617.0,24.583,49.802,3089.3,22.908,66.179,235.37,338.48,94.417,77.784,31.982,8.9859,25.726,6.9314,18.95,1.6779,33.094,13.869,23.475,1.3513,19.203,2.2919,4.9679,2.3492,0.0084249,0.85032,0.088036,53.329,43.876,63.587,53.044,27.115,61.025,21.372,40.806,37.984,46.075,49.302,41.295,18.189
440,0.27762,3700.5,4448.7,9.3152,26.836,42.421,2687.9,75.215,120.39,0.3435,80.702,49.28,2617.2,22.498,50.522,3089.0,22.475,66.259,236.07,339.02,94.679,77.314,31.982,8.9859,25.726,6.9314,18.95,1.6779,33.094,13.869,23.475,1.3513,19.203,2.2919,4.9679,2.3492,0.0084249,0.85032,0.088036,53.329,43.876,63.097,53.42,26.96,60.788,21.105,39.593,35.983,47.741,49.489,41.103,19.231
441,0.29255,3665.0,4517.7,9.3186,26.836,42.608,2686.2,74.74,120.39,0.33841,80.493,50.499,2614.4,25.519,50.861,3087.7,22.489,66.258,234.91,338.65,94.496,77.252,32.106,8.9298,26.052,6.9121,18.827,1.649,32.994,13.79,22.975,1.4029,19.151,2.2741,4.9887,2.2703,0.025276,0.84952,0.105,54.046,43.025,62.706,53.34,28.95,62.78,21.018,41.261,39.568,48.526,49.66,41.515,19.217
442,0.29441,3669.3,4443.8,9.4234,27.003,42.378,2686.7,74.366,120.39,0.33913,80.465,50.32,2613.4,27.027,49.086,3087.3,22.451,66.222,235.06,338.74,94.752,77.497,32.106,8.9298,26.052,6.9121,18.827,1.649,32.994,13.79,22.975,1.4029,19.151,2.2741,4.9887,2.2703,0.025276,0.84952,0.105,54.046,43.025,62.632,54.226,28.767,59.225,21.086,41.172,39.042,44.419,49.819,40.73,19.292
443,0.28366,3655.6,4493.8,9.2856,27.099,42.312,2686.9,74.714,120.4,0.33552,80.531,51.316,2615.2,24.914,50.798,3087.4,23.186,66.244,238.98,338.86,94.539,77.562,32.354,8.9231,25.687,6.996,18.992,1.669,33.067,13.839,23.199,1.1795,19.574,2.2685,4.9198,2.3223,0.025276,0.84952,0.105,54.046,43.025,63.0,53.909,27.763,61.739,21.543,39.503,41.973,48.381,49.641,41.261,17.544
444,0.28124,3652.0,4516.8,9.3591,26.837,42.46,2689.9,74.788,120.37,0.33205,80.782,48.069,2618.5,24.358,49.689,3089.9,22.246,66.291,237.47,339.11,94.626,77.774,32.354,8.9231,25.687,6.996,18.992,1.669,33.067,13.839,23.199,1.1795,19.574,2.2685,4.9198,2.3223,0.025276,0.84952,0.105,54.046,43.025,63.061,53.633,28.001,59.322,21.151,39.926,32.416,45.813,49.943,40.497,19.734
445,0.25844,3629.0,4455.8,9.3372,26.818,42.42,2689.5,74.578,120.43,0.33829,80.712,49.757,2618.0,23.615,49.726,3088.5,23.737,66.345,238.11,339.59,94.562,77.338,32.174,8.8571,25.998,6.8828,19.102,1.6845,32.98,13.778,22.641,1.4192,18.937,2.2774,4.8676,2.3198,0.025276,0.84952,0.105,54.046,43.025,62.654,53.936,25.446,60.633,21.253,40.481,37.386,45.901,50.051,41.707,16.211
446,0.25914,3604.2,4468.4,9.2265,26.777,42.306,2687.7,75.003,120.38,0.33463,80.525,50.379,2616.0,24.846,49.54,3087.5,22.591,66.326,239.33,339.24,94.802,77.453,32.174,8.8571,25.998,6.8828,19.102,1.6845,32.98,13.778,22.641,1.4192,18.937,2.2774,4.8676,2.3198,0.018587,0.84684,0.087017,53.9,43.841,63.08,53.785,25.377,62.212,21.286,40.927,39.216,45.469,50.115,39.888,18.93
447,0.2776,3647.1,4443.5,9.3522,27.179,42.341,2687.3,74.269,120.42,0.33179,80.51,50.623,2615.3,25.934,50.877,3088.5,23.047,66.335,238.36,339.13,94.622,77.689,31.981,8.9506,26.34,7.0405,19.324,1.6667,33.22,14.029,22.959,1.209,19.205,2.2581,4.8331,2.389,0.018587,0.84684,0.087017,53.9,43.841,63.28,53.769,26.818,62.324,21.315,39.62,39.934,48.563,50.371,41.453,17.831
448,0.2762,3639.7,4441.5,9.3732,26.716,42.401,2689.2,74.87,120.4,0.33223,80.506,52.888,2617.0,24.623,48.271,3088.9,23.161,66.335,238.7,339.8,94.697,77.447,31.981,8.9506,26.34,7.0405,19.324,1.6667,33.22,14.029,22.959,1.209,19.205,2.2581,4.8331,2.389,0.018587,0.84684,0.087017,53.9,43.841,63.409,53.792,26.956,62.718,21.352,39.567,46.6,42.533,50.512,40.848,17.573
449,0.29264,3636.0,4465.3,9.3214,27.021,42.412,2688.5,74.566,120.39,0.36199,80.459,48.965,2616.6,23.676,49.746,3088.8,23.331,66.342,237.64,340.03,94.651,77.343,32.325,8.9632,25.717,6.9275,18.857,1.7082,32.933,14.051,23.66,1.3725,18.765,2.2971,4.9556,2.3391,0.018587,0.84684,0.087017,53.9,43.841,62.013,52.889,29.246,61.493,21.517,42.772,35.054,45.946,50.777,41.193,17.18
450,0.29594,3632.6,4434.5,9.2173,26.882,41.997,2690.8,75.257,120.42,0.36331,80.469,50.227,2619.0,24.305,48.403,3087.8,23.345,66.311,241.82,341.13,94.793,77.696,32.325,8.9632,25.717,6.9275,18.857,1.7082,32.933,14.051,23.66,1.3725,18.765,2.2971,4.9556,2.3391,0.018587,0.84684,0.087017,53.9,43.841,62.071,53.257,28.922,60.961,21.584,42.61,38.769,42.838,50.575,40.729,17.125
451,0.26007,3641.3,4438.2,9.4123,26.84,42.679,2693.4,74.379,120.39,0.36205,80.692,50.289,2621.3,24.364,48.725,3091.2,22.218,66.345,240.24,341.03,94.604,77.934,32.876,8.6489,25.905,6.9675,19.002,1.6931,32.919,13.874,23.124,1.2833,18.837,2.293,5.0368,2.3208,0.027067,0.84055,0.096221,53.608,43.359,62.817,54.307,25.973,61.605,21.495,43.664,38.95,43.584,50.839,40.911,19.76
452,0.26386,3625.6,4493.3,9.4292,26.803,42.247,2694.8,74.63,120.42,0.36004,80.594,49.533,2623.1,24.344,50.657,3090.7,21.997,66.377,243.38,341.84,94.686,77.438,32.876,8.6489,25.905,6.9675,19.002,1.6931,32.919,13.874,23.124,1.2833,18.837,2.293,5.0368,2.3208,0.027067,0.84055,0.096221,53.608,43.359,63.088,53.647,25.601,62.957,22.162,43.909,36.725,48.055,50.705,42.005,20.309
453,0.20576,3640.0,4482.5,9.4244,26.81,42.3,2692.3,73.889,120.39,0.34201,80.325,51.311,2621.1,24.384,50.906,3089.2,23.71,66.367,242.49,341.38,94.636,77.493,32.232,8.9195,25.752,6.9999,19.24,1.7171,33.302,14.014,22.773,1.3549,18.867,2.2995,4.898,2.3219,0.027067,0.84055,0.096221,53.608,43.359,62.428,53.395,19.981,62.278,21.946,41.587,41.959,48.63,50.932,40.929,16.247
454,0.20639,3621.4,4487.7,9.3714,26.743,42.193,2693.7,74.288,120.42,0.34661,80.406,49.566,2621.9,25.436,51.085,3090.2,22.619,66.364,242.64,341.57,94.724,77.474,32.232,8.9195,25.752,6.9999,19.24,1.7171,33.302,14.014,22.773,1.3549,18.867,2.2995,4.898,2.3219,0.027067,0.84055,0.096221,53.608,43.359,62.747,53.334,19.919,63.691,21.87,41.025,36.822,49.045,51.068,41.318,18.83
455,0.26082,3626.8,4448.7,9.3574,26.814,42.288,2693.6,74.531,120.39,0.36113,80.26,48.732,2621.1,24.147,51.167,3091.3,23.435,66.352,243.01,341.9,94.763,77.109,32.354,8.9934,26.338,6.8361,19.175,1.6895,33.143,13.864,22.826,1.3089,18.867,2.3064,4.927,2.4417,0.027067,0.84055,0.096221,53.608,43.359,62.275,53.158,26.07,62.191,21.845,43.164,34.368,49.236,51.185,40.448,16.932
456,0.26518,3601.7,4450.3,9.4404,26.766,42.74,2695.1,75.43,120.37,0.36352,80.181,50.253,2623.5,26.065,51.657,3091.8,22.446,66.282,243.59,342.09,94.703,77.157,32.354,8.9934,26.338,6.8361,19.175,1.6895,33.143,13.864,22.826,1.3089,18.867,2.3064,4.927,2.4417,0.015159,0.82201,0.10155,53.941,44.548,62.706,53.139,25.641,62.43,21.951,42.872,38.845,50.368,51.139,40.059,19.282
457,0.24972,3662.0,4433.2,9.4571,26.726,41.999,2699.0,75.246,120.45,0.34635,80.328,49.896,2627.7,26.24,49.777,3095.1,23.036,66.27,243.34,342.69,94.662,77.861,32.188,8.9667,26.385,6.87,19.221,1.6274,33.464,13.891,23.32,1.4251,18.791,2.2902,4.9869,2.3521,0.015159,0.82201,0.10155,53.941,44.548,63.071,53.429,24.643,61.924,22.422,41.142,37.794,46.017,51.252,41.627,17.829
458,0.24761,3666.7,4450.8,9.5596,27.051,42.551,2703.0,74.981,120.41,0.34734,80.662,49.728,2632.2,24.931,49.531,3100.5,23.859,66.337,244.7,342.35,94.395,78.078,32.188,8.9667,26.385,6.87,19.221,1.6274,33.464,13.891,23.32,1.4251,18.791,2.2902,4.9869,2.3521,0.015159,0.82201,0.10155,53.941,44.548,62.99,53.218,24.85,60.526,22.289,41.022,37.3,45.449,51.214,41.839,15.822
459,0.26535,3679.9,4433.3,9.4762,26.718,42.534,2703.8,74.578,120.41,0.35185,80.613,49.49,2633.0,25.373,48.777,3100.8,22.784,66.428,244.33,342.65,94.451,77.565,32.977,9.0455,25.55,6.9395,18.651,1.6347,33.597,13.716,23.429,1.2855,18.862,2.2999,4.922,2.2712,0.015159,0.82201,0.10155,53.941,44.548,62.492,53.244,26.084,63.308,22.358,41.278,36.6,43.703,51.326,41.408,18.383
460,0.26469,3678.1,4432.7,9.3641,26.851,42.512,2701.8,75.75,120.39,0.35085,80.253,49.699,2630.9,25.717,49.04,3098.4,22.558,66.428,245.96,343.48,94.486,77.176,32.977,9.0455,25.55,6.9395,18.651,1.6347,33.597,13.716,23.429,1.2855,18.862,2.2999,4.922,2.2712,0.015159,0.82201,0.10155,53.941,44.548,62.524,53.252,26.15,63.791,22.468,41.4,37.216,44.312,51.262,41.043,18.96
461,0.18578,3654.2,4485.0,9.3956,26.949,42.402,2701.7,73.739,120.39,0.3304,80.093,47.591,2630.5,24.4,49.905,3097.6,23.349,66.367,245.44,343.78,94.595,77.371,32.21,8.9321,26.319,6.8386,18.729,1.6169,33.797,13.85,23.522,1.2802,18.151,2.2855,4.9602,2.3299,0.024061,0.8247,0.084826,53.957,44.063,62.304,53.999,18.098,62.071,22.285,39.163,31.01,46.315,50.912,40.564,17.072
462,0.1851,3641.3,4476.6,9.511,26.979,41.921,2704.9,74.591,120.42,0.32996,80.153,50.105,2634.1,25.587,49.476,3097.8,22.788,66.291,243.99,344.47,94.62,77.379,32.21,8.9321,26.319,6.8386,18.729,1.6169,33.797,13.85,23.522,1.2802,18.151,2.2855,4.9602,2.3299,0.024061,0.8247,0.084826,53.957,44.063,62.526,54.099,18.166,63.495,22.97,39.217,38.409,45.322,50.922,41.056,18.408
463,0.25396,3652.2,4474.5,9.389,27.074,42.544,2705.5,74.711,120.39,0.34686,80.005,49.609,2634.5,25.86,48.965,3100.5,22.233,66.22,244.81,344.5,94.478,77.649,32.777,8.7887,26.621,6.8472,18.577,1.6797,34.165,13.839,23.427,1.3207,17.989,2.2266,4.9087,2.3524,0.024061,0.8247,0.084826,53.957,44.063,63.218,53.946,25.156,62.814,22.92,40.702,36.948,44.138,50.73,41.204,19.717
464,0.25489,3655.9,4540.5,9.4692,27.271,42.869,2710.4,74.418,120.42,0.34627,80.29,49.848,2640.6,25.153,51.861,3104.5,22.495,66.201,243.21,344.71,94.514,77.909,32.777,8.7887,26.621,6.8472,18.577,1.6797,34.165,13.839,23.427,1.3207,17.989,2.2266,4.9087,2.3524,0.024061,0.8247,0.084826,53.957,44.063,63.154,53.156,25.065,63.998,23.353,40.774,37.653,50.84,50.754,41.407,19.055
465,0.19631,3630.1,4492.8,9.5372,26.711,42.161,2711.5,73.948,120.4,0.34515,80.298,50.263,2640.9,24.036,51.575,3107.1,21.781,66.241,242.22,345.03,94.329,77.601,32.568,8.7966,26.434,6.9322,18.74,1.6769,33.687,13.86,23.267,1.2576,17.995,2.2692,4.8198,2.3178,0.024061,0.8247,0.084826,53.957,44.063,63.559,54.122,19.41,61.887,22.806,40.634,38.875,50.179,50.721,41.11,20.753
466,0.19639,3641.0,4478.7,9.5153,26.949,42.37,2711.9,73.954,120.4,0.34726,80.072,50.882,2641.8,23.504,51.903,3105.7,22.692,66.231,243.33,344.92,94.528,77.561,32.568,8.7966,26.434,6.9322,18.74,1.6769,33.687,13.86,23.267,1.2576,17.995,2.2692,4.8198,2.3178,0.027837,0.79942,0.11847,54.197,43.646,63.372,54.291,19.403,62.956,23.092,40.377,40.696,50.938,50.55,41.837,18.594
467,0.21141,3643.0,4491.2,9.5268,27.38,42.451,2713.5,74.755,120.4,0.34792,80.055,49.146,2642.5,24.633,48.127,3106.4,21.743,66.17,241.64,345.23,94.411,77.683,32.836,8.8333,26.016,6.8306,19.011,1.6364,33.794,13.797,23.781,1.2289,18.206,2.249,4.8779,2.3505,0.027837,0.79942,0.11847,54.197,43.646,62.584,53.759,20.906,64.05,23.304,40.898,35.588,42.2,50.604,40.939,20.834
468,0.21248,3651.9,4457.4,9.4994,27.057,42.531,2714.4,75.116,120.41,0.34763,79.899,47.79,2643.9,26.136,50.323,3107.1,22.591,66.124,241.67,345.6,94.597,77.41,32.836,8.8333,26.016,6.8306,19.011,1.6364,33.794,13.797,23.781,1.2289,18.206,2.249,4.8779,2.3505,0.027837,0.79942,0.11847,54.197,43.646,62.431,54.164,20.801,61.43,23.385,40.935,31.596,47.282,50.507,41.042,18.847
469,0.18119,3646.3,4401.2,9.5591,26.924,42.449,2715.1,74.367,120.39,0.34467,79.857,49.643,2644.4,26.114,48.398,3108.0,22.884,66.056,240.49,346.12,94.485,77.516,32.591,8.8865,26.348,6.7716,18.317,1.6588,33.181,13.811,23.732,1.2365,18.622,2.2771,4.7579,2.298,0.027837,0.79942,0.11847,54.197,43.646,63.419,54.156,17.733,61.683,23.204,39.616,37.049,42.826,50.521,41.483,18.152
470,0.17892,3675.2,4461.8,9.6258,26.997,42.214,2716.3,73.947,120.4,0.34498,79.884,48.087,2645.6,26.204,50.942,3109.4,23.895,66.034,240.42,345.45,94.571,77.487,32.591,8.8865,26.348,6.7716,18.317,1.6588,33.181,13.811,23.732,1.2365,18.622,2.2771,4.7579,2.298,0.027837,0.79942,0.11847,54.197,43.646,62.922,53.43,17.957,60.869,23.434,39.579,32.47,48.714,50.436,40.926,15.744
471,0.20059,3676.8,4526.4,9.419,26.904,42.291,2717.7,73.708,120.42,0.3425,79.894,50.163,2647.6,24.845,48.56,3111.2,23.012,66.031,239.42,345.78,94.399,77.377,32.529,8.8248,26.417,6.7885,18.182,1.6485,33.363,13.607,23.848,1.0393,18.565,2.235,4.8006,2.3241,0.021959,0.79653,0.097332,53.315,42.986,63.487,54.38,19.411,62.661,23.146,40.232,38.579,43.201,49.745,42.024,17.843
472,0.19909,3671.0,4557.4,9.5185,26.786,42.526,2718.8,74.577,120.4,0.34542,79.778,50.5,2648.5,26.166,51.276,3112.4,22.541,65.949,240.99,345.83,94.417,77.265,32.529,8.8248,26.417,6.7885,18.182,1.6485,33.363,13.607,23.848,1.0393,18.565,2.235,4.8006,2.3241,0.021959,0.79653,0.097332,53.315,42.986,63.588,54.009,19.559,62.41,23.242,39.875,39.572,49.487,49.219,41.856,18.982
473,0.20243,3690.2,4506.2,9.4571,26.559,42.413,2722.4,74.686,120.41,0.32054,79.811,50.134,2652.6,24.902,49.514,3114.7,22.976,65.872,238.99,346.49,94.382,77.514,32.81,8.9077,26.889,6.8627,18.037,1.6461,33.196,13.854,23.807,1.2711,18.231,2.2498,4.9041,2.2367,0.021959,0.79653,0.097332,53.315,42.986,63.206,55.041,19.645,62.114,23.377,37.272,38.496,45.41,49.014,41.313,17.932
474,0.20309,3651.9,4526.3,9.6435,26.86,42.355,2725.2,74.666,120.41,0.31743,79.916,50.948,2655.1,26.238,49.394,3116.3,23.015,65.843,236.42,345.95,94.304,77.763,32.81,8.9077,26.889,6.8627,18.037,1.6461,33.196,13.854,23.807,1.2711,18.231,2.2498,4.9041,2.2367,0.021959,0.79653,0.097332,53.315,42.986,63.865,54.801,19.58,60.201,23.818,37.651,40.889,45.132,48.861,41.524,17.81
475,0.17187,3674.2,4557.5,9.4796,26.657,42.254,2723.9,75.34,120.4,0.34991,79.826,51.347,2653.7,26.577,50.856,3117.7,22.569,65.828,236.7,345.95,94.457,77.28,32.833,8.7849,26.787,6.9459,18.348,1.6139,33.162,13.968,24.555,1.335,17.607,2.2905,4.8333,2.2569,0.021959,0.79653,0.097332,53.315,42.986,62.883,54.894,16.313,61.361,23.397,40.179,42.065,48.515,48.451,41.695,18.9
476,0.16828,3671.1,4580.0,9.3856,26.812,42.507,2724.2,75.093,120.41,0.34599,79.807,49.086,2654.6,25.49,50.38,3118.2,22.286,65.774,233.86,346.24,94.427,77.338,32.833,8.7849,26.787,6.9459,18.348,1.6139,33.162,13.968,24.555,1.335,17.607,2.2905,4.8333,2.2569,0.014408,0.78631,0.091284,53.544,44.359,62.936,54.626,16.666,64.51,23.535,40.657,35.411,47.414,48.181,41.998,19.565
477,0.15939,3623.1,4565.6,9.4118,26.952,42.37,2722.6,75.768,120.37,0.36043,79.728,49.981,2652.9,23.924,49.528,3117.6,22.189,65.731,233.22,345.96,94.536,77.164,32.156,8.7655,26.836,6.6624,18.34,1.6606,33.23,13.721,23.853,1.3277,17.368,2.2396,4.7738,2.2858,0.014408,0.78631,0.091284,53.544,44.359,63.011,54.131,15.823,62.46,23.309,42.065,38.045,45.442,47.798,40.868,19.807
478,0.16088,3662.1,4548.0,9.5968,27.041,42.657,2722.2,74.994,120.38,0.36076,79.526,50.572,2653.0,25.598,49.751,3115.4,24.33,65.6,232.19,346.28,94.626,77.419,32.156,8.7655,26.836,6.6624,18.34,1.6606,33.23,13.721,23.853,1.3277,17.368,2.2396,4.7738,2.2858,0.014408,0.78631,0.091284,53.544,44.359,62.34,54.343,15.677,62.149,23.637,42.025,39.785,45.958,47.458,40.806,14.729
479,0.22297,3735.0,4559.0,9.3766,26.871,42.248,2729.3,74.819,120.41,0.33296,79.91,48.167,2659.2,25.034,52.01,3122.5,23.925,65.589,230.69,345.34,94.434,77.807,32.461,8.8083,26.294,6.8467,18.52,1.6919,33.82,13.733,24.808,1.2904,17.845,2.275,4.7782,2.3811,0.014408,0.78631,0.091284,53.544,44.359,63.646,54.304,21.82,62.618,23.703,38.839,32.707,51.187,47.157,41.602,15.641
480,0.22387,3754.7,4600.5,9.5367,26.925,42.662,2728.5,75.181,120.41,0.33035,79.868,48.384,2658.6,24.347,49.755,3123.7,22.619,65.595,230.98,345.39,94.188,77.34,32.461,8.8083,26.294,6.8467,18.52,1.6919,33.82,13.733,24.808,1.2904,17.845,2.275,4.7782,2.3811,0.014408,0.78631,0.091284,53.544,44.359,63.307,53.808,21.732,60.62,23.442,39.157,33.344,45.968,46.694,41.887,18.756
481,0.19146,3650.8,4558.0,9.4998,27.033,41.961,2726.2,74.697,120.42,0.33108,79.606,49.866,2656.0,24.417,50.484,3120.2,24.052,65.533,227.07,345.14,94.398,77.211,31.729,8.7191,26.686,6.7661,18.577,1.6379,33.094,13.656,24.522,1.1475,17.84,2.2799,4.7049,2.1539,0.034254,0.79718,0.093226,52.737,44.254,63.598,53.932,18.867,63.086,23.528,39.244,37.707,47.654,46.27,42.369,15.378
482,0.19241,3678.8,4536.3,9.5646,26.824,41.699,2727.1,75.36,120.43,0.33288,79.763,50.63,2657.4,25.829,48.317,3119.7,22.066,65.476,223.84,345.79,94.475,77.456,31.729,8.7191,26.686,6.7661,18.577,1.6379,33.094,13.656,24.522,1.1475,17.84,2.2799,4.7049,2.1539,0.034254,0.79718,0.093226,52.737,44.254,63.117,54.192,18.773,60.338,23.789,39.024,39.954,42.638,45.983,42.035,20.074
483,0.26192,3660.2,4526.3,9.383,26.816,42.084,2728.2,75.359,120.4,0.32264,79.676,50.422,2658.3,24.824,50.473,3120.7,23.653,65.404,223.66,345.42,94.264,77.211,32.67,8.7676,26.745,7.008,17.819,1.6303,33.304,13.641,24.93,1.331,17.991,2.261,4.7709,2.2275,0.034254,0.79718,0.093226,52.737,44.254,64.215,54.211,26.055,60.019,23.773,38.04,39.341,47.628,45.423,41.962,16.332
484,0.26116,3653.9,4503.5,9.5,27.159,42.206,2727.6,75.258,120.41,0.32035,79.586,49.977,2658.0,26.978,50.641,3121.0,22.914,65.316,221.67,345.79,94.485,76.913,32.67,8.7676,26.745,7.008,17.819,1.6303,33.304,13.641,24.93,1.331,17.991,2.261,4.7709,2.2275,0.034254,0.79718,0.093226,52.737,44.254,64.323,54.484,26.129,60.647,23.82,38.32,38.032,48.018,45.029,41.048,18.113
485,0.17233,3620.0,4621.0,9.4525,27.266,42.755,2725.0,75.4,120.39,0.32434,79.261,49.992,2654.4,23.962,50.501,3117.8,22.667,65.165,220.0,345.84,94.464,76.82,32.766,8.8662,26.753,6.8179,18.219,1.6369,33.386,13.715,24.932,1.2024,18.319,2.2134,4.7494,2.2131,0.034254,0.79718,0.093226,52.737,44.254,62.781,55.033,16.947,61.208,23.538,37.156,38.076,47.693,44.614,41.36,18.743
486,0.17262,3647.0,4621.6,9.4245,27.086,42.551,2725.5,75.004,120.37,0.3186,79.325,48.987,2655.1,23.281,50.215,3119.1,22.883,65.025,219.99,345.39,94.747,77.248,32.766,8.8662,26.753,6.8179,18.219,1.6369,33.386,13.715,24.932,1.2024,18.319,2.2134,4.7494,2.2131,0.015169,0.78655,0.088717,53.73,44.029,62.315,55.026,16.918,60.665,23.646,37.857,35.12,47.032,44.257,40.573,18.219
487,0.15816,3698.6,4568.6,9.562,26.887,42.436,2729.5,75.265,120.4,0.32922,79.625,49.659,2659.7,25.883,51.601,3121.0,22.758,64.997,217.41,345.13,94.513,77.285,32.126,8.9763,26.8,6.8374,18.361,1.625,32.916,13.659,24.839,1.2863,18.11,2.2391,4.6991,2.2657,0.015169,0.78655,0.088717,53.73,44.029,63.066,54.808,15.422,59.631,23.91,38.33,37.095,50.239,44.017,41.272,18.51
488,0.15665,3671.2,4597.5,9.3682,26.849,42.572,2728.4,75.121,120.39,0.32685,79.66,48.915,2658.3,24.583,49.527,3121.8,22.534,64.966,216.03,344.33,94.56,77.341,32.126,8.9763,26.8,6.8374,18.361,1.625,32.916,13.659,24.839,1.2863,18.11,2.2391,4.6991,2.2657,0.015169,0.78655,0.088717,53.73,44.029,63.538,54.461,15.571,62.335,23.391,38.619,34.907,45.44,43.667,40.975,19.026
489,0.2155,3668.4,4559.7,9.3619,26.714,42.508,2728.6,74.889,120.41,0.32006,79.718,48.319,2658.0,23.623,50.907,3124.4,22.656,64.992,216.28,344.2,94.414,77.555,32.209,8.895,26.964,6.9741,18.285,1.6627,33.663,13.679,24.788,1.288,17.745,2.2497,4.637,2.2329,0.015169,0.78655,0.088717,53.73,44.029,63.465,54.646,21.437,60.895,23.053,37.757,33.154,48.632,43.172,41.143,18.722
490,0.21669,3685.8,4567.7,9.3857,26.594,42.011,2728.9,75.202,120.39,0.31774,79.789,48.792,2659.7,24.63,49.4,3123.4,23.031,64.965,214.58,343.89,94.597,77.191,32.209,8.895,26.964,6.9741,18.285,1.6627,33.663,13.679,24.788,1.288,17.745,2.2497,4.637,2.2329,0.015169,0.78655,0.088717,53.73,44.029,63.165,54.551,21.321,62.246,23.167,38.04,34.546,45.146,42.85,41.631,17.848
491,0.20816,3658.8,4543.0,9.2281,26.61,41.952,2726.1,75.58,120.39,0.32234,79.576,50.31,2655.3,26.032,48.333,3121.7,22.711,64.9,212.69,343.66,94.437,77.037,32.454,8.8465,27.26,6.8688,18.357,1.6441,32.805,13.535,24.251,1.0163,18.438,2.2288,4.8071,2.238,0.027404,0.79686,0.12571,54.145,42.725,62.41,55.11,20.606,60.797,22.748,37.78,39.011,42.676,42.199,40.624,18.63
492,0.20837,3656.6,4572.0,9.2163,26.993,42.408,2724.9,74.911,120.38,0.32053,79.39,50.666,2653.1,24.429,50.285,3119.3,23.83,64.792,209.23,343.7,94.774,76.798,32.454,8.8465,27.26,6.8688,18.357,1.6441,32.805,13.535,24.251,1.0163,18.438,2.2288,4.8071,2.238,0.027404,0.79686,0.12571,54.145,42.725,62.448,54.763,20.585,61.987,23.234,38.002,40.061,47.193,41.893,40.601,16.015
493,0.18342,3651.4,4582.6,9.2138,26.844,42.418,2725.3,75.3,120.4,0.30686,79.442,49.368,2654.7,26.26,49.229,3120.0,23.724,64.699,207.19,343.72,94.576,76.923,32.255,8.8152,26.728,6.8385,18.596,1.6053,33.149,13.848,24.447,1.2431,17.852,2.2255,4.6464,2.171,0.027404,0.79686,0.12571,54.145,42.725,63.423,54.534,18.102,63.925,23.159,35.503,36.239,44.75,41.465,41.245,16.279
494,0.18372,3655.0,4550.9,9.2861,27.086,42.569,2727.0,76.303,120.36,0.30336,79.701,50.189,2656.5,23.748,50.096,3120.4,22.706,64.601,205.1,343.07,94.695,77.371,32.255,8.8152,26.728,6.8385,18.596,1.6053,33.149,13.848,24.447,1.2431,17.852,2.2255,4.6464,2.171,0.027404,0.79686,0.12571,54.145,42.725,63.36,54.914,18.073,61.975,23.547,35.93,38.657,46.756,41.043,40.641,18.658
495,0.20183,3654.2,4594.0,9.3752,27.137,42.17,2723.8,75.972,120.42,0.34216,79.613,51.5,2653.5,24.896,50.354,3120.3,23.249,64.585,205.75,342.37,94.551,76.905,32.079,8.8661,26.837,6.8469,18.556,1.6032,33.005,13.884,24.541,1.2836,17.863,2.2132,4.7008,2.2733,0.027404,0.79686,0.12571,54.145,42.725,63.667,53.863,19.725,61.657,22.711,39.359,42.515,47.353,40.376,41.339,17.407
496,0.20197,3669.2,4558.6,9.3379,26.975,42.409,2723.0,75.467,120.38,0.33746,79.607,49.529,2652.2,25.25,49.516,3117.8,23.56,64.533,203.24,342.36,94.741,76.983,32.079,8.8661,26.837,6.8469,18.556,1.6032,33.005,13.884,24.541,1.2836,17.863,2.2132,4.7008,2.2733,0.017306,0.83313,0.12098,54.211,43.717,63.408,54.286,19.712,59.619,23.031,39.932,36.715,45.414,40.18,40.579,16.676
497,0.21967,3667.7,4530.3,9.2489,26.894,42.408,2722.4,76.476,120.39,0.34042,79.788,50.27,2652.1,23.52,50.051,3117.9,23.779,64.484,201.91,341.73,94.544,77.538,31.902,8.5932,26.933,6.7983,18.56,1.6637,32.67,13.672,25.267,1.107,18.313,2.2077,4.7218,2.207,0.017306,0.83313,0.12098,54.211,43.717,63.399,54.757,21.37,59.698,22.886,40.596,38.896,46.651,39.774,41.125,16.115
498,0.21861,3653.0,4571.2,9.2863,26.679,42.14,2721.8,75.482,120.39,0.34067,79.909,49.567,2651.1,27.008,51.765,3118.0,22.382,64.472,202.22,341.48,94.674,77.018,31.902,8.5932,26.933,6.7983,18.56,1.6637,32.67,13.672,25.267,1.107,18.313,2.2077,4.7218,2.207,0.017306,0.83313,0.12098,54.211,43.717,63.652,54.268,21.475,60.072,22.485,40.566,36.825,50.619,39.221,40.717,19.453
499,0.23646,3699.8,4556.9,9.2562,26.963,42.565,2719.7,75.529,120.41,0.31819,79.684,51.062,2649.1,25.396,49.988,3117.0,22.54,64.445,197.7,341.19,94.554,76.669,32.185,8.8044,27.154,6.954,18.48,1.6482,32.508,13.929,24.732,0.96702,17.995,2.2303,4.7537,2.2394,0.017306,0.83313,0.12098,54.211,43.717,63.328,54.465,23.495,60.521,22.367,37.576,41.225,46.507,39.102,40.867,19.123
500,0.23975,3687.3,4591.8,9.2063,26.767,42.682,2716.9,76.862,120.39,0.31885,79.539,51.194,2645.7,25.245,48.523,3113.6,23.457,64.324,197.32,340.96,94.663,76.788,32.185,8.8044,27.154,6.954,18.48,1.6482,32.508,13.929,24.732,0.96702,17.995,2.2303,4.7537,2.2394,0.017306,0.83313,0.12098,54.211,43.717,63.544,54.046,23.172,60.529,22.418,37.497,41.614,43.115,38.621,41.044,16.968
